INFO 2025-05-26 19:32:47,184 autoreload Watching for file changes with StatReloader
INFO 2025-05-26 19:32:50,351 autoreload /Users/artem/Desktop/LR5/СosmetologyCenter/core/models.py changed, reloading.
INFO 2025-05-26 19:32:50,524 autoreload Watching for file changes with StatReloader
INFO 2025-05-26 19:32:53,729 autoreload /Users/artem/Desktop/LR5/СosmetologyCenter/core/models.py changed, reloading.
INFO 2025-05-26 19:32:53,931 autoreload Watching for file changes with StatReloader
INFO 2025-05-26 19:38:54,778 autoreload Watching for file changes with StatReloader
INFO 2025-05-26 19:38:59,288 basehttp "GET /admin/ HTTP/1.1" 200 18191
INFO 2025-05-26 19:39:00,971 basehttp "GET /admin/core/cabinet/ HTTP/1.1" 200 13816
INFO 2025-05-26 19:39:00,997 basehttp "GET /admin/jsi18n/ HTTP/1.1" 200 3342
INFO 2025-05-26 19:39:06,386 basehttp "GET /admin/core/ HTTP/1.1" 200 13225
INFO 2025-05-26 19:39:08,993 basehttp "GET /admin/core/cabinet/add/ HTTP/1.1" 200 15249
INFO 2025-05-26 19:39:09,014 basehttp "GET /admin/jsi18n/ HTTP/1.1" 200 3342
INFO 2025-05-26 19:41:29,550 basehttp "GET /admin/core/cabinet/ HTTP/1.1" 200 13816
INFO 2025-05-26 19:41:29,574 basehttp "GET /admin/jsi18n/ HTTP/1.1" 200 3342
INFO 2025-05-26 19:41:30,767 basehttp "GET /admin/core/ HTTP/1.1" 200 13225
INFO 2025-05-26 19:41:33,796 basehttp "GET /admin/core/service/ HTTP/1.1" 200 18978
INFO 2025-05-26 19:41:33,814 basehttp "GET /admin/jsi18n/ HTTP/1.1" 200 3342
INFO 2025-05-26 19:41:35,741 basehttp "GET /admin/core/service/64/change/ HTTP/1.1" 200 17975
INFO 2025-05-26 19:41:35,760 basehttp "GET /admin/jsi18n/ HTTP/1.1" 200 3342
INFO 2025-05-26 19:41:41,888 basehttp "GET /admin/ HTTP/1.1" 200 18191
INFO 2025-05-26 19:41:51,952 basehttp "GET /admin/ HTTP/1.1" 200 18191
INFO 2025-05-26 19:41:53,184 basehttp "GET /admin/ HTTP/1.1" 200 18191
INFO 2025-05-26 19:41:53,826 basehttp "GET /admin/ HTTP/1.1" 200 18191
INFO 2025-05-26 19:41:57,602 basehttp "GET /admin/core/cabinet/ HTTP/1.1" 200 13816
INFO 2025-05-26 19:41:57,622 basehttp "GET /admin/jsi18n/ HTTP/1.1" 200 3342
INFO 2025-05-26 19:41:59,602 basehttp "GET /admin/core/cabinet/add/ HTTP/1.1" 200 15249
INFO 2025-05-26 19:41:59,620 basehttp "GET /admin/jsi18n/ HTTP/1.1" 200 3342
INFO 2025-05-26 19:43:20,613 basehttp "POST /admin/core/cabinet/add/ HTTP/1.1" 302 0
INFO 2025-05-26 19:43:20,628 basehttp "GET /admin/core/cabinet/ HTTP/1.1" 200 15332
INFO 2025-05-26 19:43:20,645 basehttp "GET /admin/jsi18n/ HTTP/1.1" 200 3342
INFO 2025-05-26 19:43:24,022 basehttp "GET /admin/core/cabinet/add/ HTTP/1.1" 200 15249
INFO 2025-05-26 19:43:24,040 basehttp "GET /admin/jsi18n/ HTTP/1.1" 200 3342
INFO 2025-05-26 19:44:14,189 basehttp "POST /admin/core/cabinet/add/ HTTP/1.1" 302 0
INFO 2025-05-26 19:44:14,203 basehttp "GET /admin/core/cabinet/ HTTP/1.1" 200 15621
INFO 2025-05-26 19:44:14,225 basehttp "GET /admin/jsi18n/ HTTP/1.1" 200 3342
INFO 2025-05-26 19:44:16,611 basehttp "GET /admin/core/cabinet/add/ HTTP/1.1" 200 15249
INFO 2025-05-26 19:44:16,629 basehttp "GET /admin/jsi18n/ HTTP/1.1" 200 3342
INFO 2025-05-26 19:44:38,033 basehttp "POST /admin/core/cabinet/add/ HTTP/1.1" 302 0
INFO 2025-05-26 19:44:38,053 basehttp "GET /admin/core/cabinet/ HTTP/1.1" 200 15909
INFO 2025-05-26 19:44:38,066 basehttp "GET /admin/jsi18n/ HTTP/1.1" 200 3342
INFO 2025-05-26 19:44:52,477 basehttp "GET /admin/core/cabinet/add/ HTTP/1.1" 200 15249
INFO 2025-05-26 19:44:52,503 basehttp "GET /admin/jsi18n/ HTTP/1.1" 200 3342
INFO 2025-05-26 19:45:43,397 basehttp "POST /admin/core/cabinet/add/ HTTP/1.1" 302 0
INFO 2025-05-26 19:45:43,416 basehttp "GET /admin/core/cabinet/ HTTP/1.1" 200 16197
INFO 2025-05-26 19:45:43,434 basehttp "GET /admin/jsi18n/ HTTP/1.1" 200 3342
INFO 2025-05-26 19:45:50,318 basehttp "GET /admin/core/cabinet/add/ HTTP/1.1" 200 15249
INFO 2025-05-26 19:45:50,330 basehttp "GET /admin/jsi18n/ HTTP/1.1" 200 3342
INFO 2025-05-26 19:46:14,339 basehttp "POST /admin/core/cabinet/add/ HTTP/1.1" 302 0
INFO 2025-05-26 19:46:14,353 basehttp "GET /admin/core/cabinet/ HTTP/1.1" 200 16485
INFO 2025-05-26 19:46:14,370 basehttp "GET /admin/jsi18n/ HTTP/1.1" 200 3342
INFO 2025-05-26 19:51:37,939 basehttp "GET /admin/core/cabinet/add/ HTTP/1.1" 200 15249
INFO 2025-05-26 19:51:37,956 basehttp "GET /admin/jsi18n/ HTTP/1.1" 200 3342
INFO 2025-05-26 19:51:50,056 basehttp "POST /admin/core/cabinet/add/ HTTP/1.1" 302 0
INFO 2025-05-26 19:51:50,071 basehttp "GET /admin/core/cabinet/ HTTP/1.1" 200 16773
INFO 2025-05-26 19:51:50,087 basehttp "GET /admin/jsi18n/ HTTP/1.1" 200 3342
INFO 2025-05-26 19:52:00,661 basehttp "GET /admin/core/cabinet/17/change/ HTTP/1.1" 200 15665
INFO 2025-05-26 19:52:00,680 basehttp "GET /admin/jsi18n/ HTTP/1.1" 200 3342
INFO 2025-05-26 19:52:03,530 basehttp "GET /admin/core/cabinet/ HTTP/1.1" 200 16561
INFO 2025-05-26 19:52:03,549 basehttp "GET /admin/jsi18n/ HTTP/1.1" 200 3342
INFO 2025-05-26 19:52:05,543 basehttp "GET /admin/core/cabinet/15/change/ HTTP/1.1" 200 15665
INFO 2025-05-26 19:52:05,560 basehttp "GET /admin/jsi18n/ HTTP/1.1" 200 3342
INFO 2025-05-26 19:52:07,861 basehttp "GET /admin/core/cabinet/ HTTP/1.1" 200 16561
INFO 2025-05-26 19:52:07,879 basehttp "GET /admin/jsi18n/ HTTP/1.1" 200 3342
INFO 2025-05-26 19:55:09,569 basehttp "GET /admin/core/cabinet/add/ HTTP/1.1" 200 15249
INFO 2025-05-26 19:55:09,594 basehttp "GET /admin/jsi18n/ HTTP/1.1" 200 3342
INFO 2025-05-26 19:55:17,729 basehttp "POST /admin/core/cabinet/add/ HTTP/1.1" 302 0
INFO 2025-05-26 19:55:17,745 basehttp "GET /admin/core/cabinet/ HTTP/1.1" 200 17061
INFO 2025-05-26 19:55:17,762 basehttp "GET /admin/jsi18n/ HTTP/1.1" 200 3342
INFO 2025-05-26 19:56:33,221 basehttp "GET /admin/core/ HTTP/1.1" 200 13225
INFO 2025-05-26 19:56:36,558 basehttp "GET /admin/core/employee/ HTTP/1.1" 200 13823
INFO 2025-05-26 19:56:36,580 basehttp "GET /admin/jsi18n/ HTTP/1.1" 200 3342
INFO 2025-05-26 19:56:38,825 basehttp "GET /admin/core/employee/add/ HTTP/1.1" 200 17776
INFO 2025-05-26 19:56:38,842 basehttp "GET /admin/jsi18n/ HTTP/1.1" 200 3342
INFO 2025-05-26 19:56:43,373 basehttp "GET /admin/ HTTP/1.1" 200 18435
INFO 2025-05-26 19:56:43,393 basehttp "GET /static/admin/img/icon-deletelink.svg HTTP/1.1" 304 0
INFO 2025-05-26 19:56:51,438 basehttp "GET /admin/core/doctor/ HTTP/1.1" 200 14134
INFO 2025-05-26 19:56:51,458 basehttp "GET /admin/jsi18n/ HTTP/1.1" 200 3342
INFO 2025-05-26 19:56:53,202 basehttp "GET /admin/core/doctor/add/ HTTP/1.1" 200 27352
INFO 2025-05-26 19:56:53,224 basehttp "GET /admin/jsi18n/ HTTP/1.1" 200 3342
INFO 2025-05-26 19:57:49,708 basehttp "GET /admin/core/cabinet/12/change/?_to_field=id HTTP/1.1" 200 15722
INFO 2025-05-26 19:57:49,729 basehttp "GET /admin/jsi18n/ HTTP/1.1" 200 3342
INFO 2025-05-26 19:57:54,183 basehttp "GET /admin/core/doctor/add/ HTTP/1.1" 200 27352
INFO 2025-05-26 19:58:33,857 basehttp "POST /admin/core/doctor/add/ HTTP/1.1" 200 28167
INFO 2025-05-26 19:58:33,869 basehttp "GET /admin/jsi18n/ HTTP/1.1" 200 3342
INFO 2025-05-26 19:58:50,238 basehttp "GET /admin/auth/user/add/?_to_field=id&_popup=1 HTTP/1.1" 200 8107
INFO 2025-05-26 19:58:50,257 basehttp "GET /admin/jsi18n/ HTTP/1.1" 200 3342
INFO 2025-05-26 19:58:50,263 basehttp "GET /static/admin/js/unusable_password_field.js HTTP/1.1" 200 1480
INFO 2025-05-26 19:58:50,263 basehttp "GET /static/admin/css/unusable_password_field.css HTTP/1.1" 200 663
INFO 2025-05-26 19:59:14,714 basehttp "POST /admin/auth/user/add/?_to_field=id&_popup=1 HTTP/1.1" 200 8381
INFO 2025-05-26 19:59:14,728 basehttp "GET /admin/jsi18n/ HTTP/1.1" 200 3342
INFO 2025-05-26 19:59:31,910 basehttp "POST /admin/auth/user/add/?_to_field=id&_popup=1 HTTP/1.1" 200 325
INFO 2025-05-26 19:59:31,922 basehttp "GET /static/admin/js/popup_response.js HTTP/1.1" 200 532
INFO 2025-05-26 20:00:05,943 basehttp "POST /admin/core/doctor/add/ HTTP/1.1" 200 27804
INFO 2025-05-26 20:00:05,956 basehttp "GET /admin/jsi18n/ HTTP/1.1" 200 3342
INFO 2025-05-26 20:00:37,374 basehttp "POST /admin/core/doctor/add/ HTTP/1.1" 302 0
INFO 2025-05-26 20:00:37,390 basehttp "GET /admin/core/doctor/ HTTP/1.1" 200 16142
INFO 2025-05-26 20:00:37,407 basehttp "GET /admin/jsi18n/ HTTP/1.1" 200 3342
INFO 2025-05-26 20:00:40,927 basehttp "GET /admin/core/doctor/1/change/ HTTP/1.1" 200 27843
INFO 2025-05-26 20:00:40,946 basehttp "GET /admin/jsi18n/ HTTP/1.1" 200 3342
INFO 2025-05-26 20:01:02,601 basehttp "GET /admin/ HTTP/1.1" 200 18508
INFO 2025-05-26 20:01:16,608 basehttp "GET /doctors/ HTTP/1.1" 200 4486
INFO 2025-05-26 20:01:16,627 basehttp "GET /static/css/style.css HTTP/1.1" 304 0
INFO 2025-05-26 20:01:20,747 basehttp "GET /doctors/1/ HTTP/1.1" 200 6961
INFO 2025-05-26 20:02:02,350 basehttp "GET /admin/core/doctor/ HTTP/1.1" 200 15906
INFO 2025-05-26 20:02:02,370 basehttp "GET /admin/jsi18n/ HTTP/1.1" 200 3342
INFO 2025-05-26 20:02:05,346 basehttp "GET /admin/core/doctor/1/change/ HTTP/1.1" 200 27843
INFO 2025-05-26 20:02:05,366 basehttp "GET /admin/jsi18n/ HTTP/1.1" 200 3342
INFO 2025-05-26 20:02:12,994 basehttp "GET /admin/core/ HTTP/1.1" 200 13225
INFO 2025-05-26 20:02:14,734 basehttp "GET /admin/core/specialization/ HTTP/1.1" 200 17368
INFO 2025-05-26 20:02:14,752 basehttp "GET /admin/jsi18n/ HTTP/1.1" 200 3342
INFO 2025-05-26 20:02:15,615 basehttp "GET /admin/core/specialization/16/change/ HTTP/1.1" 200 15920
INFO 2025-05-26 20:02:15,632 basehttp "GET /admin/jsi18n/ HTTP/1.1" 200 3342
INFO 2025-05-26 20:02:37,528 basehttp "GET /admin/core/ HTTP/1.1" 200 13225
INFO 2025-05-26 20:02:40,453 basehttp "GET /admin/core/specialization/ HTTP/1.1" 200 17368
INFO 2025-05-26 20:02:40,473 basehttp "GET /admin/jsi18n/ HTTP/1.1" 200 3342
INFO 2025-05-26 20:02:42,318 basehttp "GET /admin/core/specialization/12/change/ HTTP/1.1" 200 15949
INFO 2025-05-26 20:02:42,336 basehttp "GET /admin/jsi18n/ HTTP/1.1" 200 3342
INFO 2025-05-26 20:02:49,118 basehttp "GET /admin/core/specialization/ HTTP/1.1" 200 17368
INFO 2025-05-26 20:02:49,138 basehttp "GET /admin/jsi18n/ HTTP/1.1" 200 3342
INFO 2025-05-26 20:02:50,667 basehttp "GET /admin/core/specialization/13/change/ HTTP/1.1" 200 15892
INFO 2025-05-26 20:02:50,687 basehttp "GET /admin/jsi18n/ HTTP/1.1" 200 3342
INFO 2025-05-26 20:02:53,896 basehttp "GET /admin/core/specialization/ HTTP/1.1" 200 17368
INFO 2025-05-26 20:02:53,910 basehttp "GET /admin/jsi18n/ HTTP/1.1" 200 3342
INFO 2025-05-26 20:02:55,329 basehttp "GET /admin/core/specialization/14/change/ HTTP/1.1" 200 15994
INFO 2025-05-26 20:02:55,348 basehttp "GET /admin/jsi18n/ HTTP/1.1" 200 3342
INFO 2025-05-26 20:03:00,351 basehttp "GET /admin/core/specialization/ HTTP/1.1" 200 17368
INFO 2025-05-26 20:03:00,368 basehttp "GET /admin/jsi18n/ HTTP/1.1" 200 3342
INFO 2025-05-26 20:03:01,750 basehttp "GET /admin/core/specialization/15/change/ HTTP/1.1" 200 15956
INFO 2025-05-26 20:03:01,769 basehttp "GET /admin/jsi18n/ HTTP/1.1" 200 3342
INFO 2025-05-26 20:03:06,001 basehttp "GET /admin/core/specialization/ HTTP/1.1" 200 17368
INFO 2025-05-26 20:03:06,607 basehttp "GET /admin/core/specialization/14/change/ HTTP/1.1" 200 15994
INFO 2025-05-26 20:03:07,671 basehttp "GET /admin/core/specialization/ HTTP/1.1" 200 17368
INFO 2025-05-26 20:03:09,432 basehttp "GET /admin/core/ HTTP/1.1" 200 13225
INFO 2025-05-26 20:03:12,953 basehttp "GET /admin/core/doctor/ HTTP/1.1" 200 15906
INFO 2025-05-26 20:03:12,972 basehttp "GET /admin/jsi18n/ HTTP/1.1" 200 3342
INFO 2025-05-26 20:03:17,902 basehttp "GET /admin/ HTTP/1.1" 200 18508
INFO 2025-05-26 20:03:19,739 basehttp "GET /admin/core/specialization/ HTTP/1.1" 200 17368
INFO 2025-05-26 20:03:19,759 basehttp "GET /admin/jsi18n/ HTTP/1.1" 200 3342
INFO 2025-05-26 20:03:21,084 basehttp "GET /admin/core/specialization/15/change/ HTTP/1.1" 200 15956
INFO 2025-05-26 20:03:21,103 basehttp "GET /admin/jsi18n/ HTTP/1.1" 200 3342
INFO 2025-05-26 20:03:24,687 basehttp "GET /admin/ HTTP/1.1" 200 18508
INFO 2025-05-26 20:03:28,821 basehttp "GET /admin/core/service/ HTTP/1.1" 200 18978
INFO 2025-05-26 20:03:28,839 basehttp "GET /admin/jsi18n/ HTTP/1.1" 200 3342
INFO 2025-05-26 20:03:30,601 basehttp "GET /admin/ HTTP/1.1" 200 18508
INFO 2025-05-26 20:03:32,835 basehttp "GET /admin/core/doctor/ HTTP/1.1" 200 15906
INFO 2025-05-26 20:03:32,854 basehttp "GET /admin/jsi18n/ HTTP/1.1" 200 3342
INFO 2025-05-26 20:03:33,911 basehttp "GET /admin/core/doctor/1/change/ HTTP/1.1" 200 27843
INFO 2025-05-26 20:03:33,931 basehttp "GET /admin/jsi18n/ HTTP/1.1" 200 3342
INFO 2025-05-26 20:04:02,090 basehttp "GET /doctors/1/ HTTP/1.1" 200 6961
INFO 2025-05-26 20:04:06,579 basehttp "GET /doctors/1/ HTTP/1.1" 200 6961
INFO 2025-05-26 20:04:07,256 basehttp "GET /doctors/1/ HTTP/1.1" 200 6961
INFO 2025-05-26 20:04:10,613 basehttp "POST /admin/core/doctor/1/change/ HTTP/1.1" 302 0
INFO 2025-05-26 20:04:10,628 basehttp "GET /admin/core/doctor/ HTTP/1.1" 200 16144
INFO 2025-05-26 20:04:10,646 basehttp "GET /admin/jsi18n/ HTTP/1.1" 200 3342
INFO 2025-05-26 20:04:13,995 basehttp "GET /doctors/1/ HTTP/1.1" 200 6972
INFO 2025-05-26 20:04:15,029 basehttp "GET /doctors/1/ HTTP/1.1" 200 6972
INFO 2025-05-26 20:04:18,549 basehttp "GET /doctors/ HTTP/1.1" 200 4497
INFO 2025-05-26 20:04:19,583 basehttp "GET /doctors/1/ HTTP/1.1" 200 6972
INFO 2025-05-26 20:04:22,849 basehttp "GET /admin/core/doctor/1/change/ HTTP/1.1" 200 27843
INFO 2025-05-26 20:04:22,866 basehttp "GET /admin/jsi18n/ HTTP/1.1" 200 3342
INFO 2025-05-26 20:04:45,556 basehttp "POST /admin/core/doctor/1/change/ HTTP/1.1" 302 0
INFO 2025-05-26 20:04:45,565 basehttp "GET /admin/core/doctor/ HTTP/1.1" 200 16144
INFO 2025-05-26 20:04:45,576 basehttp "GET /admin/jsi18n/ HTTP/1.1" 200 3342
INFO 2025-05-26 20:04:48,645 basehttp "GET /doctors/1/ HTTP/1.1" 200 7238
INFO 2025-05-26 20:04:48,661 basehttp "GET /media/doctors/doctor1_2K4NaIP.jpeg HTTP/1.1" 200 5680
INFO 2025-05-26 20:04:52,336 basehttp "GET /services/ HTTP/1.1" 200 14538
INFO 2025-05-26 20:04:53,401 basehttp "GET /doctors/ HTTP/1.1" 200 4635
INFO 2025-05-26 20:04:53,420 basehttp "GET /media/doctors/doctor1_2K4NaIP.jpeg HTTP/1.1" 304 0
INFO 2025-05-26 20:05:03,836 basehttp "GET /admin/core/doctor/1/change/ HTTP/1.1" 200 28120
INFO 2025-05-26 20:05:03,853 basehttp "GET /admin/jsi18n/ HTTP/1.1" 200 3342
INFO 2025-05-26 20:05:15,751 basehttp "POST /admin/core/doctor/1/change/ HTTP/1.1" 200 28403
INFO 2025-05-26 20:05:15,768 basehttp "GET /admin/jsi18n/ HTTP/1.1" 200 3342
INFO 2025-05-26 20:05:42,046 basehttp "POST /admin/core/doctor/1/change/ HTTP/1.1" 302 0
INFO 2025-05-26 20:05:42,063 basehttp "GET /admin/core/doctor/ HTTP/1.1" 200 16144
INFO 2025-05-26 20:05:42,082 basehttp "GET /admin/jsi18n/ HTTP/1.1" 200 3342
INFO 2025-05-26 20:05:43,569 basehttp "GET /admin/core/doctor/1/change/ HTTP/1.1" 200 27843
INFO 2025-05-26 20:05:43,588 basehttp "GET /admin/jsi18n/ HTTP/1.1" 200 3342
INFO 2025-05-26 20:05:48,612 basehttp "GET /doctors/ HTTP/1.1" 200 4497
INFO 2025-05-26 20:06:04,264 basehttp "GET /admin/core/ HTTP/1.1" 200 13225
INFO 2025-05-26 20:06:05,955 basehttp "GET /admin/core/doctor/ HTTP/1.1" 200 15906
INFO 2025-05-26 20:06:05,975 basehttp "GET /admin/jsi18n/ HTTP/1.1" 200 3342
INFO 2025-05-26 20:06:07,534 basehttp "GET /admin/core/doctor/add/ HTTP/1.1" 200 27388
INFO 2025-05-26 20:06:07,553 basehttp "GET /admin/jsi18n/ HTTP/1.1" 200 3342
INFO 2025-05-26 20:07:40,192 basehttp "GET /admin/core/cabinet/13/change/?_to_field=id HTTP/1.1" 200 15727
INFO 2025-05-26 20:07:40,211 basehttp "GET /admin/jsi18n/ HTTP/1.1" 200 3342
INFO 2025-05-26 20:07:45,258 basehttp "POST /admin/core/cabinet/13/change/?_to_field=id HTTP/1.1" 302 0
INFO 2025-05-26 20:07:45,273 basehttp "GET /admin/core/cabinet/ HTTP/1.1" 200 17063
INFO 2025-05-26 20:07:45,289 basehttp "GET /admin/jsi18n/ HTTP/1.1" 200 3342
INFO 2025-05-26 20:07:50,207 basehttp "GET /admin/core/cabinet/13/change/?_to_field=id HTTP/1.1" 200 15727
INFO 2025-05-26 20:07:51,470 basehttp "GET /admin/core/doctor/add/ HTTP/1.1" 200 27388
INFO 2025-05-26 20:07:56,542 basehttp "GET /admin/core/cabinet/16/change/?_to_field=id HTTP/1.1" 200 15733
INFO 2025-05-26 20:07:56,560 basehttp "GET /admin/jsi18n/ HTTP/1.1" 200 3342
INFO 2025-05-26 20:08:02,162 basehttp "GET /admin/core/cabinet/ HTTP/1.1" 200 16849
INFO 2025-05-26 20:08:02,181 basehttp "GET /admin/jsi18n/ HTTP/1.1" 200 3342
INFO 2025-05-26 20:08:04,511 basehttp "GET /admin/core/ HTTP/1.1" 200 13225
INFO 2025-05-26 20:08:05,677 basehttp "GET /admin/ HTTP/1.1" 200 18635
INFO 2025-05-26 20:08:07,269 basehttp "GET /admin/core/ HTTP/1.1" 200 13225
INFO 2025-05-26 20:08:09,325 basehttp "GET /admin/core/doctor/ HTTP/1.1" 200 15906
INFO 2025-05-26 20:08:09,344 basehttp "GET /admin/jsi18n/ HTTP/1.1" 200 3342
INFO 2025-05-26 20:08:11,938 basehttp "GET /admin/core/doctor/add/ HTTP/1.1" 200 27388
INFO 2025-05-26 20:08:11,957 basehttp "GET /admin/jsi18n/ HTTP/1.1" 200 3342
INFO 2025-05-26 20:08:17,456 basehttp "GET /admin/auth/user/add/?_to_field=id&_popup=1 HTTP/1.1" 200 8107
INFO 2025-05-26 20:08:17,471 basehttp "GET /admin/jsi18n/ HTTP/1.1" 200 3342
INFO 2025-05-26 20:08:25,909 basehttp "POST /admin/auth/user/add/?_to_field=id&_popup=1 HTTP/1.1" 200 325
INFO 2025-05-26 20:09:24,945 basehttp "GET /admin/core/cabinet/15/change/?_to_field=id HTTP/1.1" 200 15714
INFO 2025-05-26 20:09:24,964 basehttp "GET /admin/jsi18n/ HTTP/1.1" 200 3342
INFO 2025-05-26 20:09:30,668 basehttp "GET /admin/core/cabinet/ HTTP/1.1" 200 16849
INFO 2025-05-26 20:09:30,687 basehttp "GET /admin/jsi18n/ HTTP/1.1" 200 3342
INFO 2025-05-26 20:09:34,213 basehttp "GET /admin/core/cabinet/15/change/?_to_field=id HTTP/1.1" 200 15714
INFO 2025-05-26 20:09:34,983 basehttp "GET /admin/core/doctor/add/ HTTP/1.1" 200 27424
INFO 2025-05-26 20:09:55,153 basehttp "GET /admin/core/ HTTP/1.1" 200 13225
INFO 2025-05-26 20:09:57,914 basehttp "GET /admin/core/doctor/ HTTP/1.1" 200 15906
INFO 2025-05-26 20:09:57,932 basehttp "GET /admin/jsi18n/ HTTP/1.1" 200 3342
INFO 2025-05-26 20:09:59,467 basehttp "GET /admin/ HTTP/1.1" 200 18614
INFO 2025-05-26 20:10:02,597 basehttp "GET /admin/core/specialization/ HTTP/1.1" 200 17368
INFO 2025-05-26 20:10:02,616 basehttp "GET /admin/jsi18n/ HTTP/1.1" 200 3342
INFO 2025-05-26 20:10:05,032 basehttp "GET /admin/core/specialization/18/change/ HTTP/1.1" 200 15953
INFO 2025-05-26 20:10:05,051 basehttp "GET /admin/jsi18n/ HTTP/1.1" 200 3342
INFO 2025-05-26 20:10:08,383 basehttp "GET /admin/core/specialization/ HTTP/1.1" 200 17368
INFO 2025-05-26 20:10:08,402 basehttp "GET /admin/jsi18n/ HTTP/1.1" 200 3342
INFO 2025-05-26 20:10:09,512 basehttp "GET /admin/core/specialization/14/change/ HTTP/1.1" 200 15994
INFO 2025-05-26 20:10:09,531 basehttp "GET /admin/jsi18n/ HTTP/1.1" 200 3342
INFO 2025-05-26 20:10:11,551 basehttp "GET /admin/core/specialization/ HTTP/1.1" 200 17368
INFO 2025-05-26 20:10:11,570 basehttp "GET /admin/jsi18n/ HTTP/1.1" 200 3342
INFO 2025-05-26 20:10:12,832 basehttp "GET /admin/core/specialization/13/change/ HTTP/1.1" 200 15892
INFO 2025-05-26 20:10:12,850 basehttp "GET /admin/jsi18n/ HTTP/1.1" 200 3342
INFO 2025-05-26 20:10:14,150 basehttp "GET /admin/core/specialization/ HTTP/1.1" 200 17368
INFO 2025-05-26 20:10:14,169 basehttp "GET /admin/jsi18n/ HTTP/1.1" 200 3342
INFO 2025-05-26 20:10:15,100 basehttp "GET /admin/core/specialization/12/change/ HTTP/1.1" 200 15949
INFO 2025-05-26 20:10:15,120 basehttp "GET /admin/jsi18n/ HTTP/1.1" 200 3342
INFO 2025-05-26 20:10:17,217 basehttp "GET /admin/core/specialization/ HTTP/1.1" 200 17368
INFO 2025-05-26 20:10:17,235 basehttp "GET /admin/jsi18n/ HTTP/1.1" 200 3342
INFO 2025-05-26 20:10:18,297 basehttp "GET /admin/core/specialization/17/change/ HTTP/1.1" 200 15964
INFO 2025-05-26 20:10:18,315 basehttp "GET /admin/jsi18n/ HTTP/1.1" 200 3342
INFO 2025-05-26 20:10:27,380 basehttp "GET /admin/core/ HTTP/1.1" 200 13225
INFO 2025-05-26 20:10:37,482 basehttp "GET /admin/core/doctor/ HTTP/1.1" 200 15906
INFO 2025-05-26 20:10:37,501 basehttp "GET /admin/jsi18n/ HTTP/1.1" 200 3342
INFO 2025-05-26 20:10:39,582 basehttp "GET /admin/core/doctor/add/ HTTP/1.1" 200 27424
INFO 2025-05-26 20:10:39,601 basehttp "GET /admin/jsi18n/ HTTP/1.1" 200 3342
INFO 2025-05-26 20:12:15,603 basehttp "GET /admin/core/cabinet/14/change/?_to_field=id HTTP/1.1" 200 15709
INFO 2025-05-26 20:12:15,622 basehttp "GET /admin/jsi18n/ HTTP/1.1" 200 3342
INFO 2025-05-26 20:12:21,512 basehttp "GET /admin/core/doctor/add/ HTTP/1.1" 200 27424
INFO 2025-05-26 20:12:24,284 basehttp "GET /admin/core/cabinet/13/change/?_to_field=id HTTP/1.1" 200 15727
INFO 2025-05-26 20:12:24,295 basehttp "GET /admin/jsi18n/ HTTP/1.1" 200 3342
INFO 2025-05-26 20:12:27,196 basehttp "GET /admin/core/doctor/add/ HTTP/1.1" 200 27424
INFO 2025-05-26 20:12:31,635 basehttp "GET /admin/core/cabinet/17/change/?_to_field=id HTTP/1.1" 200 15714
INFO 2025-05-26 20:12:31,654 basehttp "GET /admin/jsi18n/ HTTP/1.1" 200 3342
INFO 2025-05-26 20:12:35,764 basehttp "GET /admin/core/doctor/add/ HTTP/1.1" 200 27424
INFO 2025-05-26 20:12:40,104 basehttp "GET /admin/core/cabinet/18/change/?_to_field=id HTTP/1.1" 200 15761
INFO 2025-05-26 20:12:40,122 basehttp "GET /admin/jsi18n/ HTTP/1.1" 200 3342
INFO 2025-05-26 20:12:42,911 basehttp "GET /admin/core/doctor/add/ HTTP/1.1" 200 27424
INFO 2025-05-26 20:12:47,270 basehttp "GET /admin/core/cabinet/13/change/?_to_field=id HTTP/1.1" 200 15727
INFO 2025-05-26 20:12:47,290 basehttp "GET /admin/jsi18n/ HTTP/1.1" 200 3342
INFO 2025-05-26 20:12:55,282 basehttp "GET /admin/core/doctor/add/ HTTP/1.1" 200 27424
INFO 2025-05-26 20:13:00,752 basehttp "GET /admin/core/cabinet/12/change/?_to_field=id HTTP/1.1" 200 15722
INFO 2025-05-26 20:13:00,773 basehttp "GET /admin/jsi18n/ HTTP/1.1" 200 3342
INFO 2025-05-26 20:13:04,329 basehttp "GET /admin/core/doctor/add/ HTTP/1.1" 200 27424
INFO 2025-05-26 20:13:07,255 basehttp "GET /admin/core/cabinet/14/change/?_to_field=id HTTP/1.1" 200 15709
INFO 2025-05-26 20:13:07,274 basehttp "GET /admin/jsi18n/ HTTP/1.1" 200 3342
INFO 2025-05-26 20:13:09,514 basehttp "GET /admin/core/doctor/add/ HTTP/1.1" 200 27424
INFO 2025-05-26 20:13:12,036 basehttp "GET /admin/core/cabinet/15/change/?_to_field=id HTTP/1.1" 200 15714
INFO 2025-05-26 20:13:12,054 basehttp "GET /admin/jsi18n/ HTTP/1.1" 200 3342
INFO 2025-05-26 20:13:17,897 basehttp "GET /admin/core/doctor/add/ HTTP/1.1" 200 27424
INFO 2025-05-26 20:13:48,350 basehttp "POST /admin/core/doctor/add/ HTTP/1.1" 302 0
INFO 2025-05-26 20:13:48,367 basehttp "GET /admin/core/doctor/ HTTP/1.1" 200 16525
INFO 2025-05-26 20:13:48,384 basehttp "GET /admin/jsi18n/ HTTP/1.1" 200 3342
INFO 2025-05-26 20:13:56,697 basehttp "GET /doctors/ HTTP/1.1" 200 5517
INFO 2025-05-26 20:13:58,349 basehttp "GET /doctors/2/ HTTP/1.1" 200 6977
INFO 2025-05-26 20:14:09,870 basehttp "GET /admin/core/ HTTP/1.1" 200 13225
INFO 2025-05-26 20:14:11,675 basehttp "GET /admin/core/specialization/ HTTP/1.1" 200 17368
INFO 2025-05-26 20:14:11,695 basehttp "GET /admin/jsi18n/ HTTP/1.1" 200 3342
INFO 2025-05-26 20:14:14,694 basehttp "GET /admin/core/specialization/19/change/ HTTP/1.1" 200 15875
INFO 2025-05-26 20:14:14,713 basehttp "GET /admin/jsi18n/ HTTP/1.1" 200 3342
INFO 2025-05-26 20:14:18,069 basehttp "GET /admin/core/specialization/ HTTP/1.1" 200 17368
INFO 2025-05-26 20:14:19,307 basehttp "GET /admin/core/specialization/18/change/ HTTP/1.1" 200 15953
INFO 2025-05-26 20:14:19,326 basehttp "GET /admin/jsi18n/ HTTP/1.1" 200 3342
INFO 2025-05-26 20:14:21,296 basehttp "GET /admin/core/specialization/ HTTP/1.1" 200 17368
INFO 2025-05-26 20:14:22,624 basehttp "GET /admin/core/specialization/17/change/ HTTP/1.1" 200 15964
INFO 2025-05-26 20:14:22,641 basehttp "GET /admin/jsi18n/ HTTP/1.1" 200 3342
INFO 2025-05-26 20:14:26,741 basehttp "GET /admin/core/specialization/ HTTP/1.1" 200 17368
INFO 2025-05-26 20:14:27,361 basehttp "GET /admin/core/ HTTP/1.1" 200 13225
INFO 2025-05-26 20:14:33,022 basehttp "GET /admin/core/doctor/ HTTP/1.1" 200 16306
INFO 2025-05-26 20:14:33,042 basehttp "GET /admin/jsi18n/ HTTP/1.1" 200 3342
INFO 2025-05-26 20:14:35,753 basehttp "GET /admin/core/doctor/2/change/ HTTP/1.1" 200 27811
INFO 2025-05-26 20:14:35,772 basehttp "GET /admin/jsi18n/ HTTP/1.1" 200 3342
INFO 2025-05-26 20:14:52,185 basehttp "POST /admin/core/doctor/2/change/ HTTP/1.1" 302 0
INFO 2025-05-26 20:14:52,200 basehttp "GET /admin/core/doctor/ HTTP/1.1" 200 16527
INFO 2025-05-26 20:14:52,218 basehttp "GET /admin/jsi18n/ HTTP/1.1" 200 3342
INFO 2025-05-26 20:14:56,032 basehttp "GET /doctors/2/ HTTP/1.1" 200 6984
INFO 2025-05-26 20:15:35,375 basehttp "GET /admin/core/ HTTP/1.1" 200 13225
INFO 2025-05-26 20:15:37,940 basehttp "GET /admin/core/specialization/ HTTP/1.1" 200 17368
INFO 2025-05-26 20:15:37,959 basehttp "GET /admin/jsi18n/ HTTP/1.1" 200 3342
INFO 2025-05-26 20:15:40,193 basehttp "GET /admin/core/specialization/19/change/ HTTP/1.1" 200 15875
INFO 2025-05-26 20:15:40,211 basehttp "GET /admin/jsi18n/ HTTP/1.1" 200 3342
INFO 2025-05-26 20:15:54,257 basehttp "GET /admin/core/ HTTP/1.1" 200 13225
INFO 2025-05-26 20:16:10,260 basehttp "GET /admin/core/specialization/ HTTP/1.1" 200 17368
INFO 2025-05-26 20:16:10,281 basehttp "GET /admin/jsi18n/ HTTP/1.1" 200 3342
INFO 2025-05-26 20:16:12,127 basehttp "GET /admin/core/specialization/19/change/ HTTP/1.1" 200 15875
INFO 2025-05-26 20:16:12,146 basehttp "GET /admin/jsi18n/ HTTP/1.1" 200 3342
INFO 2025-05-26 20:16:17,212 basehttp "GET /admin/core/specialization/ HTTP/1.1" 200 17368
INFO 2025-05-26 20:16:18,093 basehttp "GET /admin/core/ HTTP/1.1" 200 13225
INFO 2025-05-26 20:16:21,374 basehttp "GET /admin/core/doctor/ HTTP/1.1" 200 16306
INFO 2025-05-26 20:16:21,390 basehttp "GET /admin/jsi18n/ HTTP/1.1" 200 3342
INFO 2025-05-26 20:16:22,952 basehttp "GET /admin/core/doctor/add/ HTTP/1.1" 200 27424
INFO 2025-05-26 20:16:22,971 basehttp "GET /admin/jsi18n/ HTTP/1.1" 200 3342
INFO 2025-05-26 20:16:54,310 basehttp "GET /admin/core/cabinet/12/change/?_to_field=id HTTP/1.1" 200 15722
INFO 2025-05-26 20:16:54,330 basehttp "GET /admin/jsi18n/ HTTP/1.1" 200 3342
INFO 2025-05-26 20:16:56,554 basehttp "GET /admin/core/doctor/add/ HTTP/1.1" 200 27424
INFO 2025-05-26 20:16:59,497 basehttp "GET /admin/core/cabinet/18/change/?_to_field=id HTTP/1.1" 200 15761
INFO 2025-05-26 20:16:59,517 basehttp "GET /admin/jsi18n/ HTTP/1.1" 200 3342
INFO 2025-05-26 20:17:02,822 basehttp "GET /admin/core/doctor/add/ HTTP/1.1" 200 27424
INFO 2025-05-26 20:17:05,457 basehttp "GET /admin/core/cabinet/17/change/?_to_field=id HTTP/1.1" 200 15714
INFO 2025-05-26 20:17:05,475 basehttp "GET /admin/jsi18n/ HTTP/1.1" 200 3342
INFO 2025-05-26 20:17:07,624 basehttp "GET /admin/core/doctor/add/ HTTP/1.1" 200 27424
INFO 2025-05-26 20:17:10,961 basehttp "GET /admin/core/cabinet/16/change/?_to_field=id HTTP/1.1" 200 15733
INFO 2025-05-26 20:17:10,980 basehttp "GET /admin/jsi18n/ HTTP/1.1" 200 3342
INFO 2025-05-26 20:17:15,557 basehttp "GET /admin/core/doctor/add/ HTTP/1.1" 200 27424
INFO 2025-05-26 20:17:18,145 basehttp "GET /admin/core/cabinet/15/change/?_to_field=id HTTP/1.1" 200 15714
INFO 2025-05-26 20:17:18,164 basehttp "GET /admin/jsi18n/ HTTP/1.1" 200 3342
INFO 2025-05-26 20:17:21,821 basehttp "GET /admin/core/doctor/add/ HTTP/1.1" 200 27424
INFO 2025-05-26 20:17:25,312 basehttp "GET /admin/core/cabinet/14/change/?_to_field=id HTTP/1.1" 200 15709
INFO 2025-05-26 20:17:25,331 basehttp "GET /admin/jsi18n/ HTTP/1.1" 200 3342
INFO 2025-05-26 20:17:27,638 basehttp "GET /admin/core/doctor/add/ HTTP/1.1" 200 27424
INFO 2025-05-26 20:17:30,096 basehttp "GET /admin/core/cabinet/13/change/?_to_field=id HTTP/1.1" 200 15727
INFO 2025-05-26 20:17:30,114 basehttp "GET /admin/jsi18n/ HTTP/1.1" 200 3342
INFO 2025-05-26 20:17:32,037 basehttp "GET /admin/core/doctor/add/ HTTP/1.1" 200 27424
INFO 2025-05-26 20:17:34,694 basehttp "GET /admin/core/cabinet/12/change/?_to_field=id HTTP/1.1" 200 15722
INFO 2025-05-26 20:17:34,712 basehttp "GET /admin/jsi18n/ HTTP/1.1" 200 3342
INFO 2025-05-26 20:17:37,271 basehttp "GET /admin/core/doctor/add/ HTTP/1.1" 200 27424
INFO 2025-05-26 20:17:40,767 basehttp "GET /admin/core/cabinet/18/change/?_to_field=id HTTP/1.1" 200 15761
INFO 2025-05-26 20:17:40,786 basehttp "GET /admin/jsi18n/ HTTP/1.1" 200 3342
INFO 2025-05-26 20:17:44,606 basehttp "GET /admin/core/doctor/add/ HTTP/1.1" 200 27424
INFO 2025-05-26 20:19:30,878 basehttp "GET /admin/auth/user/add/?_to_field=id&_popup=1 HTTP/1.1" 200 8107
INFO 2025-05-26 20:19:30,892 basehttp "GET /static/admin/css/unusable_password_field.css HTTP/1.1" 304 0
INFO 2025-05-26 20:19:30,894 basehttp "GET /static/admin/js/unusable_password_field.js HTTP/1.1" 304 0
INFO 2025-05-26 20:19:30,895 basehttp "GET /admin/jsi18n/ HTTP/1.1" 200 3342
INFO 2025-05-26 20:19:44,315 basehttp "POST /admin/auth/user/add/?_to_field=id&_popup=1 HTTP/1.1" 200 324
INFO 2025-05-26 20:19:44,328 basehttp "GET /static/admin/js/popup_response.js HTTP/1.1" 304 0
INFO 2025-05-26 20:19:47,260 basehttp "POST /admin/core/doctor/add/ HTTP/1.1" 302 0
INFO 2025-05-26 20:19:47,276 basehttp "GET /admin/core/doctor/ HTTP/1.1" 200 16930
INFO 2025-05-26 20:19:47,293 basehttp "GET /admin/jsi18n/ HTTP/1.1" 200 3342
INFO 2025-05-26 20:19:49,781 basehttp "GET /admin/core/doctor/3/change/ HTTP/1.1" 200 27878
INFO 2025-05-26 20:19:49,801 basehttp "GET /admin/jsi18n/ HTTP/1.1" 200 3342
INFO 2025-05-26 20:19:54,545 basehttp "POST /admin/core/doctor/3/change/ HTTP/1.1" 302 0
INFO 2025-05-26 20:19:54,561 basehttp "GET /admin/core/doctor/ HTTP/1.1" 200 16932
INFO 2025-05-26 20:19:54,578 basehttp "GET /admin/jsi18n/ HTTP/1.1" 200 3342
INFO 2025-05-26 20:20:02,779 basehttp "GET /admin/core/doctor/3/change/ HTTP/1.1" 200 27878
INFO 2025-05-26 20:20:02,798 basehttp "GET /admin/jsi18n/ HTTP/1.1" 200 3342
INFO 2025-05-26 20:20:08,336 basehttp "GET /static/admin/img/calendar-icons.svg HTTP/1.1" 200 2455
INFO 2025-05-26 20:20:11,762 basehttp "POST /admin/core/doctor/3/change/ HTTP/1.1" 302 0
INFO 2025-05-26 20:20:11,777 basehttp "GET /admin/core/doctor/ HTTP/1.1" 200 16932
INFO 2025-05-26 20:20:11,795 basehttp "GET /admin/jsi18n/ HTTP/1.1" 200 3342
INFO 2025-05-26 20:20:14,662 basehttp "GET /doctors/2/ HTTP/1.1" 200 6984
INFO 2025-05-26 20:20:15,603 basehttp "GET /doctors/2/ HTTP/1.1" 200 6984
INFO 2025-05-26 20:20:16,479 basehttp "GET /doctors/2/ HTTP/1.1" 200 6984
INFO 2025-05-26 20:20:18,364 basehttp "GET /doctors/ HTTP/1.1" 200 6566
INFO 2025-05-26 20:20:29,883 basehttp "GET /doctors/3/ HTTP/1.1" 200 10076
INFO 2025-05-26 20:22:24,311 basehttp "GET /admin/core/doctor/1/change/ HTTP/1.1" 200 27914
INFO 2025-05-26 20:22:24,326 basehttp "GET /admin/jsi18n/ HTTP/1.1" 200 3342
INFO 2025-05-26 20:22:30,583 basehttp "POST /admin/core/doctor/1/change/ HTTP/1.1" 302 0
INFO 2025-05-26 20:22:30,599 basehttp "GET /admin/core/doctor/ HTTP/1.1" 200 16884
INFO 2025-05-26 20:22:30,620 basehttp "GET /admin/jsi18n/ HTTP/1.1" 200 3342
INFO 2025-05-26 20:22:32,053 basehttp "GET /admin/core/doctor/3/change/ HTTP/1.1" 200 27878
INFO 2025-05-26 20:22:32,072 basehttp "GET /admin/jsi18n/ HTTP/1.1" 200 3342
INFO 2025-05-26 20:22:43,546 basehttp "POST /admin/core/doctor/3/change/ HTTP/1.1" 302 0
INFO 2025-05-26 20:22:43,562 basehttp "GET /admin/core/doctor/ HTTP/1.1" 200 16884
INFO 2025-05-26 20:22:43,579 basehttp "GET /admin/jsi18n/ HTTP/1.1" 200 3342
INFO 2025-05-26 20:22:47,986 basehttp "GET /admin/core/doctor/add/ HTTP/1.1" 200 27459
INFO 2025-05-26 20:22:48,005 basehttp "GET /admin/jsi18n/ HTTP/1.1" 200 3342
INFO 2025-05-26 20:23:37,110 basehttp "GET /admin/auth/user/add/?_to_field=id&_popup=1 HTTP/1.1" 200 8107
INFO 2025-05-26 20:23:37,135 basehttp "GET /admin/jsi18n/ HTTP/1.1" 200 3342
INFO 2025-05-26 20:23:43,773 basehttp "POST /admin/auth/user/add/?_to_field=id&_popup=1 HTTP/1.1" 200 325
INFO 2025-05-26 20:24:20,424 basehttp "GET /admin/core/cabinet/13/change/?_to_field=id HTTP/1.1" 200 15727
INFO 2025-05-26 20:24:20,444 basehttp "GET /admin/jsi18n/ HTTP/1.1" 200 3342
INFO 2025-05-26 20:24:24,321 basehttp "GET /admin/core/doctor/add/ HTTP/1.1" 200 27495
INFO 2025-05-26 20:24:27,260 basehttp "GET /admin/core/cabinet/15/change/?_to_field=id HTTP/1.1" 200 15714
INFO 2025-05-26 20:24:27,279 basehttp "GET /admin/jsi18n/ HTTP/1.1" 200 3342
INFO 2025-05-26 20:24:29,551 basehttp "GET /admin/core/doctor/add/ HTTP/1.1" 200 27495
INFO 2025-05-26 20:24:32,080 basehttp "GET /admin/core/cabinet/17/change/?_to_field=id HTTP/1.1" 200 15714
INFO 2025-05-26 20:24:32,100 basehttp "GET /admin/jsi18n/ HTTP/1.1" 200 3342
INFO 2025-05-26 20:24:35,303 basehttp "GET /admin/core/doctor/add/ HTTP/1.1" 200 27495
INFO 2025-05-26 20:25:07,833 basehttp "POST /admin/core/doctor/add/ HTTP/1.1" 200 27860
INFO 2025-05-26 20:25:07,851 basehttp "GET /admin/jsi18n/ HTTP/1.1" 200 3342
INFO 2025-05-26 20:25:17,121 basehttp "POST /admin/core/doctor/add/ HTTP/1.1" 302 0
INFO 2025-05-26 20:25:17,137 basehttp "GET /admin/core/doctor/ HTTP/1.1" 200 17305
INFO 2025-05-26 20:25:17,154 basehttp "GET /admin/jsi18n/ HTTP/1.1" 200 3342
INFO 2025-05-26 20:25:26,341 basehttp "GET /admin/core/ HTTP/1.1" 200 13225
INFO 2025-05-26 20:25:28,215 basehttp "GET /admin/core/specialization/ HTTP/1.1" 200 17368
INFO 2025-05-26 20:25:28,234 basehttp "GET /admin/jsi18n/ HTTP/1.1" 200 3342
INFO 2025-05-26 20:25:30,942 basehttp "GET /admin/core/ HTTP/1.1" 200 13225
INFO 2025-05-26 20:25:35,381 basehttp "GET /admin/core/specialization/ HTTP/1.1" 200 17368
INFO 2025-05-26 20:25:35,399 basehttp "GET /admin/jsi18n/ HTTP/1.1" 200 3342
INFO 2025-05-26 20:25:37,965 basehttp "GET /admin/core/specialization/18/change/ HTTP/1.1" 200 15953
INFO 2025-05-26 20:25:37,985 basehttp "GET /admin/jsi18n/ HTTP/1.1" 200 3342
INFO 2025-05-26 20:25:40,010 basehttp "GET /admin/core/specialization/ HTTP/1.1" 200 17368
INFO 2025-05-26 20:25:40,994 basehttp "GET /admin/core/specialization/13/change/ HTTP/1.1" 200 15892
INFO 2025-05-26 20:25:41,013 basehttp "GET /admin/jsi18n/ HTTP/1.1" 200 3342
INFO 2025-05-26 20:25:46,046 basehttp "GET /admin/core/specialization/ HTTP/1.1" 200 17368
INFO 2025-05-26 20:25:46,450 basehttp "GET /admin/core/ HTTP/1.1" 200 13225
INFO 2025-05-26 20:25:48,463 basehttp "GET /admin/core/doctor/ HTTP/1.1" 200 17078
INFO 2025-05-26 20:25:48,482 basehttp "GET /admin/jsi18n/ HTTP/1.1" 200 3342
INFO 2025-05-26 20:25:50,690 basehttp "GET /admin/core/doctor/4/change/ HTTP/1.1" 200 27923
INFO 2025-05-26 20:25:50,709 basehttp "GET /admin/jsi18n/ HTTP/1.1" 200 3342
INFO 2025-05-26 20:26:00,637 basehttp "POST /admin/core/doctor/4/change/ HTTP/1.1" 302 0
INFO 2025-05-26 20:26:00,651 basehttp "GET /admin/core/doctor/ HTTP/1.1" 200 17307
INFO 2025-05-26 20:26:00,666 basehttp "GET /admin/jsi18n/ HTTP/1.1" 200 3342
INFO 2025-05-26 20:26:04,507 basehttp "GET /doctors/ HTTP/1.1" 200 7571
INFO 2025-05-26 20:26:13,333 basehttp "GET /statistics/ HTTP/1.1" 200 7121
INFO 2025-05-26 20:26:23,896 basehttp "GET /set-timezone/ HTTP/1.1" 200 39116
INFO 2025-05-26 20:26:25,055 basehttp "GET /about/ HTTP/1.1" 200 4290
INFO 2025-05-26 20:26:25,906 basehttp "GET /services/ HTTP/1.1" 200 14538
DEBUG 2025-05-26 20:26:26,907 views Получение последних новостей для главной страницы
INFO 2025-05-26 20:26:26,907 views Начало формирования контекста для главной страницы
DEBUG 2025-05-26 20:26:26,908 views Запрос данных о погоде
DEBUG 2025-05-26 20:26:27,085 views Данные о погоде успешно получены
DEBUG 2025-05-26 20:26:27,085 views Запрос курсов валют
DEBUG 2025-05-26 20:26:27,361 views Данные о курсах валют успешно получены
INFO 2025-05-26 20:26:27,363 views Контекст для главной страницы успешно сформирован
INFO 2025-05-26 20:26:27,375 basehttp "GET / HTTP/1.1" 200 13343
INFO 2025-05-26 20:26:27,403 basehttp "GET /static/img/hero-image.jpg HTTP/1.1" 304 0
INFO 2025-05-26 20:26:27,408 basehttp "GET /media/news/1483444335_0-0-3840-2160_1920x0_80_0_0_d78397da469ce01dd2656c4ccb408168_dfm7Pro.jpg HTTP/1.1" 304 0
INFO 2025-05-26 20:26:27,409 basehttp "GET /media/news/1483444335_0-0-3840-2160_1920x0_80_0_0_d78397da469ce01dd2656c4ccb408168_dfm7Pro_bhBlxXg.jpg HTTP/1.1" 304 0
INFO 2025-05-26 20:26:27,412 basehttp "GET /media/news/Screenshot_2025-05-26_at_16.53.50.png HTTP/1.1" 304 0
INFO 2025-05-26 20:26:35,218 basehttp "GET /admin/core/ HTTP/1.1" 200 13225
INFO 2025-05-26 20:26:40,815 basehttp "GET /admin/core/news/ HTTP/1.1" 200 16242
INFO 2025-05-26 20:26:40,834 basehttp "GET /admin/jsi18n/ HTTP/1.1" 200 3342
INFO 2025-05-26 20:26:42,602 basehttp "GET /admin/core/news/7/change/ HTTP/1.1" 200 20012
INFO 2025-05-26 20:26:42,620 basehttp "GET /admin/jsi18n/ HTTP/1.1" 200 3342
INFO 2025-05-26 20:26:56,218 basehttp "POST /admin/core/news/7/change/ HTTP/1.1" 302 0
INFO 2025-05-26 20:26:56,235 basehttp "GET /admin/core/news/ HTTP/1.1" 200 16445
INFO 2025-05-26 20:26:56,261 basehttp "GET /admin/jsi18n/ HTTP/1.1" 200 3342
DEBUG 2025-05-26 20:26:59,470 views Получение последних новостей для главной страницы
INFO 2025-05-26 20:26:59,471 views Начало формирования контекста для главной страницы
DEBUG 2025-05-26 20:26:59,471 views Запрос данных о погоде
DEBUG 2025-05-26 20:26:59,472 views Данные о погоде успешно получены
DEBUG 2025-05-26 20:26:59,472 views Запрос курсов валют
DEBUG 2025-05-26 20:26:59,654 views Данные о курсах валют успешно получены
INFO 2025-05-26 20:26:59,654 views Контекст для главной страницы успешно сформирован
INFO 2025-05-26 20:26:59,664 basehttp "GET / HTTP/1.1" 200 13301
INFO 2025-05-26 20:26:59,688 basehttp "GET /media/news/1-GettyImages-73096824-67ee7409bb789_NwYwV8X.webp HTTP/1.1" 200 23108
DEBUG 2025-05-26 20:32:11,278 views Получение последних новостей для главной страницы
INFO 2025-05-26 20:32:11,278 views Начало формирования контекста для главной страницы
DEBUG 2025-05-26 20:32:11,279 views Запрос данных о погоде
DEBUG 2025-05-26 20:32:11,280 views Данные о погоде успешно получены
DEBUG 2025-05-26 20:32:11,280 views Запрос курсов валют
DEBUG 2025-05-26 20:32:11,433 views Данные о курсах валют успешно получены
INFO 2025-05-26 20:32:11,434 views Контекст для главной страницы успешно сформирован
INFO 2025-05-26 20:32:11,453 basehttp "GET / HTTP/1.1" 200 13301
INFO 2025-05-26 20:32:11,487 basehttp "GET /media/news/1-GettyImages-73096824-67ee7409bb789_NwYwV8X.webp HTTP/1.1" 304 0
DEBUG 2025-05-26 20:33:54,091 views Получение последних новостей для главной страницы
INFO 2025-05-26 20:33:54,092 views Начало формирования контекста для главной страницы
DEBUG 2025-05-26 20:33:54,093 views Запрос данных о погоде
DEBUG 2025-05-26 20:33:54,093 views Данные о погоде успешно получены
DEBUG 2025-05-26 20:33:54,093 views Запрос курсов валют
DEBUG 2025-05-26 20:33:54,271 views Данные о курсах валют успешно получены
INFO 2025-05-26 20:33:54,272 views Контекст для главной страницы успешно сформирован
INFO 2025-05-26 20:33:54,288 basehttp "GET / HTTP/1.1" 200 13315
INFO 2025-05-26 20:33:54,314 basehttp "GET /static/img/FotoJet%20(65)-1200.jpg.webp HTTP/1.1" 200 105892
INFO 2025-05-26 20:33:54,316 basehttp "GET /media/news/1-GettyImages-73096824-67ee7409bb789_NwYwV8X.webp HTTP/1.1" 304 0
DEBUG 2025-05-26 20:34:00,002 views Получение последних новостей для главной страницы
INFO 2025-05-26 20:34:00,003 views Начало формирования контекста для главной страницы
DEBUG 2025-05-26 20:34:00,003 views Запрос данных о погоде
DEBUG 2025-05-26 20:34:00,004 views Данные о погоде успешно получены
DEBUG 2025-05-26 20:34:00,004 views Запрос курсов валют
DEBUG 2025-05-26 20:34:00,123 views Данные о курсах валют успешно получены
INFO 2025-05-26 20:34:00,124 views Контекст для главной страницы успешно сформирован
INFO 2025-05-26 20:34:00,129 basehttp "GET / HTTP/1.1" 200 13315
INFO 2025-05-26 20:34:04,531 basehttp "GET /set-timezone/ HTTP/1.1" 200 39116
INFO 2025-05-26 20:34:05,334 basehttp "GET /about/ HTTP/1.1" 200 4290
INFO 2025-05-26 20:34:06,262 basehttp "GET /services/ HTTP/1.1" 200 14538
INFO 2025-05-26 20:34:11,371 basehttp "GET /services/ HTTP/1.1" 200 14538
INFO 2025-05-26 20:34:12,527 basehttp "GET /about/ HTTP/1.1" 200 4290
INFO 2025-05-26 20:34:13,231 basehttp "GET /services/ HTTP/1.1" 200 14538
INFO 2025-05-26 20:34:14,143 basehttp "GET /doctors/ HTTP/1.1" 200 7571
INFO 2025-05-26 20:34:20,295 basehttp "GET /services/ HTTP/1.1" 200 14538
INFO 2025-05-26 20:34:27,628 basehttp "GET /vacancies/ HTTP/1.1" 200 13639
INFO 2025-05-26 20:34:28,998 basehttp "GET /statistics/ HTTP/1.1" 200 7121
INFO 2025-05-26 20:34:30,658 basehttp "GET /privacy/ HTTP/1.1" 200 5131
INFO 2025-05-26 20:34:33,598 basehttp "GET /doctors/ HTTP/1.1" 200 7571
INFO 2025-05-26 20:34:40,908 basehttp "GET /admin/core/ HTTP/1.1" 200 13225
INFO 2025-05-26 20:34:42,776 basehttp "GET /admin/core/specialization/ HTTP/1.1" 200 17368
INFO 2025-05-26 20:34:42,800 basehttp "GET /admin/jsi18n/ HTTP/1.1" 200 3342
INFO 2025-05-26 20:34:44,269 basehttp "GET /admin/core/specialization/12/change/ HTTP/1.1" 200 15949
INFO 2025-05-26 20:34:44,295 basehttp "GET /admin/jsi18n/ HTTP/1.1" 200 3342
INFO 2025-05-26 20:34:46,763 basehttp "GET /admin/core/specialization/ HTTP/1.1" 200 17368
INFO 2025-05-26 20:34:48,364 basehttp "GET /admin/core/specialization/13/change/ HTTP/1.1" 200 15892
INFO 2025-05-26 20:34:48,382 basehttp "GET /admin/jsi18n/ HTTP/1.1" 200 3342
INFO 2025-05-26 20:34:50,214 basehttp "GET /admin/core/specialization/ HTTP/1.1" 200 17368
INFO 2025-05-26 20:34:51,850 basehttp "GET /admin/core/specialization/14/change/ HTTP/1.1" 200 15994
INFO 2025-05-26 20:34:51,869 basehttp "GET /admin/jsi18n/ HTTP/1.1" 200 3342
INFO 2025-05-26 20:34:56,697 basehttp "GET /doctors/1/ HTTP/1.1" 200 6930
INFO 2025-05-26 20:35:08,819 basehttp "GET /admin/core/ HTTP/1.1" 200 13225
INFO 2025-05-26 20:35:11,435 basehttp "GET /admin/core/doctor/ HTTP/1.1" 200 17078
INFO 2025-05-26 20:35:11,454 basehttp "GET /admin/jsi18n/ HTTP/1.1" 200 3342
INFO 2025-05-26 20:35:14,383 basehttp "GET /admin/core/doctor/add/ HTTP/1.1" 200 27495
INFO 2025-05-26 20:35:14,403 basehttp "GET /admin/jsi18n/ HTTP/1.1" 200 3342
INFO 2025-05-26 20:35:22,783 basehttp "GET /admin/core/cabinet/18/change/?_to_field=id HTTP/1.1" 200 15761
INFO 2025-05-26 20:35:22,802 basehttp "GET /admin/jsi18n/ HTTP/1.1" 200 3342
INFO 2025-05-26 20:35:24,952 basehttp "GET /admin/core/doctor/add/ HTTP/1.1" 200 27495
INFO 2025-05-26 20:35:33,399 basehttp "GET /admin/core/doctor/ HTTP/1.1" 200 17078
INFO 2025-05-26 20:35:35,331 basehttp "GET /admin/core/ HTTP/1.1" 200 13225
INFO 2025-05-26 20:35:36,917 basehttp "GET /admin/core/specialization/ HTTP/1.1" 200 17368
INFO 2025-05-26 20:35:36,936 basehttp "GET /admin/jsi18n/ HTTP/1.1" 200 3342
INFO 2025-05-26 20:35:40,015 basehttp "GET /admin/core/specialization/14/change/ HTTP/1.1" 200 15994
INFO 2025-05-26 20:35:40,033 basehttp "GET /admin/jsi18n/ HTTP/1.1" 200 3342
INFO 2025-05-26 20:35:42,199 basehttp "GET /admin/core/specialization/ HTTP/1.1" 200 17368
INFO 2025-05-26 20:35:50,778 basehttp "GET /admin/core/ HTTP/1.1" 200 13225
INFO 2025-05-26 20:35:54,200 basehttp "GET /admin/core/doctor/ HTTP/1.1" 200 17078
INFO 2025-05-26 20:35:54,219 basehttp "GET /admin/jsi18n/ HTTP/1.1" 200 3342
INFO 2025-05-26 20:35:56,533 basehttp "GET /admin/core/doctor/add/ HTTP/1.1" 200 27495
INFO 2025-05-26 20:35:56,552 basehttp "GET /admin/jsi18n/ HTTP/1.1" 200 3342
INFO 2025-05-26 20:36:09,218 basehttp "GET /admin/core/cabinet/17/change/?_to_field=id HTTP/1.1" 200 15714
INFO 2025-05-26 20:36:09,238 basehttp "GET /admin/jsi18n/ HTTP/1.1" 200 3342
INFO 2025-05-26 20:36:11,059 basehttp "GET /admin/core/doctor/add/ HTTP/1.1" 200 27495
INFO 2025-05-26 20:36:14,404 basehttp "GET /admin/core/cabinet/16/change/?_to_field=id HTTP/1.1" 200 15733
INFO 2025-05-26 20:36:14,423 basehttp "GET /admin/jsi18n/ HTTP/1.1" 200 3342
INFO 2025-05-26 20:36:15,910 basehttp "GET /admin/core/doctor/add/ HTTP/1.1" 200 27495
INFO 2025-05-26 20:36:18,435 basehttp "GET /admin/core/cabinet/15/change/?_to_field=id HTTP/1.1" 200 15714
INFO 2025-05-26 20:36:18,453 basehttp "GET /admin/jsi18n/ HTTP/1.1" 200 3342
INFO 2025-05-26 20:36:20,928 basehttp "GET /admin/core/doctor/add/ HTTP/1.1" 200 27495
INFO 2025-05-26 20:36:23,201 basehttp "GET /admin/core/cabinet/14/change/?_to_field=id HTTP/1.1" 200 15709
INFO 2025-05-26 20:36:23,220 basehttp "GET /admin/jsi18n/ HTTP/1.1" 200 3342
INFO 2025-05-26 20:36:27,468 basehttp "POST /admin/core/cabinet/14/change/?_to_field=id HTTP/1.1" 302 0
INFO 2025-05-26 20:36:27,484 basehttp "GET /admin/core/cabinet/ HTTP/1.1" 200 17063
INFO 2025-05-26 20:36:27,500 basehttp "GET /admin/jsi18n/ HTTP/1.1" 200 3342
INFO 2025-05-26 20:36:29,734 basehttp "GET /admin/core/cabinet/14/change/?_to_field=id HTTP/1.1" 200 15709
INFO 2025-05-26 20:36:32,030 basehttp "GET /admin/core/doctor/add/ HTTP/1.1" 200 27495
INFO 2025-05-26 20:37:54,992 basehttp "GET /admin/auth/user/add/?_to_field=id&_popup=1 HTTP/1.1" 200 8107
INFO 2025-05-26 20:37:55,013 basehttp "GET /admin/jsi18n/ HTTP/1.1" 200 3342
INFO 2025-05-26 20:38:05,370 basehttp "POST /admin/auth/user/add/?_to_field=id&_popup=1 HTTP/1.1" 200 326
INFO 2025-05-26 20:38:28,038 basehttp "POST /admin/core/doctor/add/ HTTP/1.1" 302 0
INFO 2025-05-26 20:38:28,053 basehttp "GET /admin/core/doctor/ HTTP/1.1" 200 17684
INFO 2025-05-26 20:38:28,070 basehttp "GET /admin/jsi18n/ HTTP/1.1" 200 3342
INFO 2025-05-26 20:38:37,434 basehttp "GET /doctors/ HTTP/1.1" 200 8578
INFO 2025-05-26 20:38:43,426 basehttp "GET /admin/core/doctor/add/ HTTP/1.1" 200 27532
INFO 2025-05-26 20:38:43,441 basehttp "GET /admin/jsi18n/ HTTP/1.1" 200 3342
INFO 2025-05-26 20:39:29,134 basehttp "GET /admin/auth/user/add/?_to_field=id&_popup=1 HTTP/1.1" 200 8107
INFO 2025-05-26 20:39:29,147 basehttp "GET /static/admin/css/unusable_password_field.css HTTP/1.1" 304 0
INFO 2025-05-26 20:39:29,149 basehttp "GET /admin/jsi18n/ HTTP/1.1" 200 3342
INFO 2025-05-26 20:39:29,157 basehttp "GET /static/admin/js/unusable_password_field.js HTTP/1.1" 304 0
INFO 2025-05-26 20:39:37,589 basehttp "POST /admin/auth/user/add/?_to_field=id&_popup=1 HTTP/1.1" 200 323
INFO 2025-05-26 20:39:37,603 basehttp "GET /static/admin/js/popup_response.js HTTP/1.1" 304 0
INFO 2025-05-26 20:40:02,794 basehttp "GET /admin/core/cabinet/add/?_to_field=id&_popup=1 HTTP/1.1" 200 5045
INFO 2025-05-26 20:40:02,808 basehttp "GET /admin/jsi18n/ HTTP/1.1" 200 3342
INFO 2025-05-26 20:40:11,093 basehttp "GET /admin/core/cabinet/12/change/?_to_field=id HTTP/1.1" 200 15722
INFO 2025-05-26 20:40:11,112 basehttp "GET /admin/jsi18n/ HTTP/1.1" 200 3342
INFO 2025-05-26 20:40:13,384 basehttp "GET /admin/core/doctor/add/ HTTP/1.1" 200 27566
INFO 2025-05-26 20:40:20,724 basehttp "GET /admin/core/cabinet/16/change/?_to_field=id HTTP/1.1" 200 15733
INFO 2025-05-26 20:40:20,743 basehttp "GET /admin/jsi18n/ HTTP/1.1" 200 3342
INFO 2025-05-26 20:40:24,921 basehttp "POST /admin/core/cabinet/16/change/?_to_field=id HTTP/1.1" 302 0
INFO 2025-05-26 20:40:24,936 basehttp "GET /admin/core/cabinet/ HTTP/1.1" 200 17063
INFO 2025-05-26 20:40:24,952 basehttp "GET /admin/jsi18n/ HTTP/1.1" 200 3342
INFO 2025-05-26 20:40:26,343 basehttp "GET /admin/core/cabinet/16/change/?_to_field=id HTTP/1.1" 200 15733
INFO 2025-05-26 20:40:27,195 basehttp "GET /admin/core/doctor/add/ HTTP/1.1" 200 27566
INFO 2025-05-26 20:41:04,436 basehttp "POST /admin/core/doctor/add/ HTTP/1.1" 302 0
INFO 2025-05-26 20:41:04,453 basehttp "GET /admin/core/doctor/ HTTP/1.1" 200 18051
INFO 2025-05-26 20:41:04,470 basehttp "GET /admin/jsi18n/ HTTP/1.1" 200 3342
INFO 2025-05-26 20:41:08,757 basehttp "GET /admin/core/ HTTP/1.1" 200 13225
INFO 2025-05-26 20:41:10,212 basehttp "GET /admin/core/specialization/ HTTP/1.1" 200 17368
INFO 2025-05-26 20:41:10,231 basehttp "GET /admin/jsi18n/ HTTP/1.1" 200 3342
INFO 2025-05-26 20:41:12,828 basehttp "GET /admin/core/specialization/12/change/ HTTP/1.1" 200 15949
INFO 2025-05-26 20:41:12,846 basehttp "GET /admin/jsi18n/ HTTP/1.1" 200 3342
INFO 2025-05-26 20:41:12,967 basehttp "POST /admin/core/specialization/12/change/ HTTP/1.1" 302 0
INFO 2025-05-26 20:41:12,976 basehttp "GET /admin/core/specialization/add/ HTTP/1.1" 200 15582
INFO 2025-05-26 20:41:12,992 basehttp "GET /admin/jsi18n/ HTTP/1.1" 200 3342
INFO 2025-05-26 20:41:14,624 basehttp "GET /admin/core/specialization/12/change/ HTTP/1.1" 200 15949
INFO 2025-05-26 20:41:23,013 basehttp "GET /admin/core/specialization/ HTTP/1.1" 200 17368
INFO 2025-05-26 20:41:24,045 basehttp "GET /admin/core/specialization/13/change/ HTTP/1.1" 200 15892
INFO 2025-05-26 20:41:24,064 basehttp "GET /admin/jsi18n/ HTTP/1.1" 200 3342
INFO 2025-05-26 20:41:26,245 basehttp "GET /admin/core/specialization/ HTTP/1.1" 200 17368
INFO 2025-05-26 20:41:27,578 basehttp "GET /admin/core/specialization/14/change/ HTTP/1.1" 200 15994
INFO 2025-05-26 20:41:27,597 basehttp "GET /admin/jsi18n/ HTTP/1.1" 200 3342
INFO 2025-05-26 20:41:29,227 basehttp "GET /admin/core/specialization/ HTTP/1.1" 200 17368
INFO 2025-05-26 20:41:30,295 basehttp "GET /admin/core/specialization/15/change/ HTTP/1.1" 200 15956
INFO 2025-05-26 20:41:30,313 basehttp "GET /admin/jsi18n/ HTTP/1.1" 200 3342
INFO 2025-05-26 20:41:32,347 basehttp "GET /admin/core/specialization/ HTTP/1.1" 200 17368
INFO 2025-05-26 20:41:33,393 basehttp "GET /admin/core/specialization/16/change/ HTTP/1.1" 200 15920
INFO 2025-05-26 20:41:33,410 basehttp "GET /admin/jsi18n/ HTTP/1.1" 200 3342
INFO 2025-05-26 20:41:35,626 basehttp "GET /admin/core/specialization/ HTTP/1.1" 200 17368
INFO 2025-05-26 20:41:37,111 basehttp "GET /admin/core/specialization/14/change/ HTTP/1.1" 200 15994
INFO 2025-05-26 20:41:37,128 basehttp "GET /admin/jsi18n/ HTTP/1.1" 200 3342
INFO 2025-05-26 20:41:40,214 basehttp "GET /admin/core/specialization/ HTTP/1.1" 200 17368
INFO 2025-05-26 20:41:41,195 basehttp "GET /admin/core/specialization/15/change/ HTTP/1.1" 200 15956
INFO 2025-05-26 20:41:41,214 basehttp "GET /admin/jsi18n/ HTTP/1.1" 200 3342
INFO 2025-05-26 20:41:43,446 basehttp "GET /admin/core/specialization/ HTTP/1.1" 200 17368
INFO 2025-05-26 20:41:46,726 basehttp "GET /admin/core/ HTTP/1.1" 200 13225
INFO 2025-05-26 20:41:50,186 basehttp "GET /admin/core/doctor/ HTTP/1.1" 200 17844
INFO 2025-05-26 20:41:50,206 basehttp "GET /admin/jsi18n/ HTTP/1.1" 200 3342
INFO 2025-05-26 20:41:51,461 basehttp "GET /admin/core/doctor/6/change/ HTTP/1.1" 200 27921
INFO 2025-05-26 20:41:51,480 basehttp "GET /admin/jsi18n/ HTTP/1.1" 200 3342
INFO 2025-05-26 20:42:13,613 basehttp "POST /admin/core/doctor/6/change/ HTTP/1.1" 302 0
INFO 2025-05-26 20:42:13,629 basehttp "GET /admin/core/doctor/ HTTP/1.1" 200 18053
INFO 2025-05-26 20:42:13,645 basehttp "GET /admin/jsi18n/ HTTP/1.1" 200 3342
INFO 2025-05-26 20:42:17,322 basehttp "GET /doctors/ HTTP/1.1" 200 9702
INFO 2025-05-26 20:42:17,336 basehttp "GET /static/css/style.css HTTP/1.1" 304 0
INFO 2025-05-26 20:42:17,338 basehttp "GET /media/doctors/doctor9_wUzUnei.jpeg HTTP/1.1" 200 7639
INFO 2025-05-26 20:43:19,218 basehttp "GET /admin/core/doctor/6/change/ HTTP/1.1" 200 28198
INFO 2025-05-26 20:43:19,237 basehttp "GET /admin/jsi18n/ HTTP/1.1" 200 3342
INFO 2025-05-26 20:43:28,453 basehttp "POST /admin/core/doctor/6/change/ HTTP/1.1" 302 0
INFO 2025-05-26 20:43:28,467 basehttp "GET /admin/core/doctor/ HTTP/1.1" 200 18053
INFO 2025-05-26 20:43:28,482 basehttp "GET /admin/jsi18n/ HTTP/1.1" 200 3342
INFO 2025-05-26 20:43:32,058 basehttp "GET /doctors/ HTTP/1.1" 200 9593
INFO 2025-05-26 20:43:38,850 basehttp "GET /statistics/ HTTP/1.1" 200 7121
INFO 2025-05-26 20:45:13,845 basehttp "GET /admin/core/doctor/6/change/ HTTP/1.1" 200 27921
INFO 2025-05-26 20:45:13,867 basehttp "GET /admin/jsi18n/ HTTP/1.1" 200 3342
INFO 2025-05-26 20:45:16,287 basehttp "GET /admin/core/doctor/ HTTP/1.1" 200 17844
INFO 2025-05-26 20:45:18,565 basehttp "GET /admin/core/doctor/2/change/ HTTP/1.1" 200 27953
INFO 2025-05-26 20:45:18,584 basehttp "GET /admin/jsi18n/ HTTP/1.1" 200 3342
INFO 2025-05-26 20:45:59,623 basehttp "POST /admin/core/doctor/2/change/ HTTP/1.1" 302 0
INFO 2025-05-26 20:45:59,640 basehttp "GET /admin/core/doctor/ HTTP/1.1" 200 18065
INFO 2025-05-26 20:45:59,656 basehttp "GET /admin/jsi18n/ HTTP/1.1" 200 3342
INFO 2025-05-26 20:46:01,685 basehttp "GET /admin/core/doctor/6/change/ HTTP/1.1" 200 27921
INFO 2025-05-26 20:46:01,703 basehttp "GET /admin/jsi18n/ HTTP/1.1" 200 3342
INFO 2025-05-26 20:46:50,236 basehttp "POST /admin/core/doctor/6/change/ HTTP/1.1" 302 0
INFO 2025-05-26 20:46:50,255 basehttp "GET /admin/core/doctor/ HTTP/1.1" 200 18053
INFO 2025-05-26 20:46:50,272 basehttp "GET /admin/jsi18n/ HTTP/1.1" 200 3342
INFO 2025-05-26 20:46:55,736 basehttp "GET /statistics/ HTTP/1.1" 200 7121
INFO 2025-05-26 20:46:56,720 basehttp "GET /doctors/ HTTP/1.1" 200 9871
INFO 2025-05-26 20:46:56,743 basehttp "GET /media/doctors/2d394f680c1bf633d300eee67dd58b90.jpg HTTP/1.1" 200 24328
INFO 2025-05-26 20:46:56,743 basehttp "GET /media/doctors/360_F_118225354_9E9LrO7Y8YHqpoV7jCiSnygQAD4LyJAx.jpg HTTP/1.1" 200 25942
INFO 2025-05-26 20:52:10,005 basehttp "GET /admin/core/doctor/5/change/ HTTP/1.1" 200 27945
INFO 2025-05-26 20:52:10,039 basehttp "GET /admin/jsi18n/ HTTP/1.1" 200 3342
INFO 2025-05-26 20:53:34,905 basehttp "POST /admin/core/doctor/5/change/ HTTP/1.1" 302 0
INFO 2025-05-26 20:53:34,918 basehttp "GET /admin/core/doctor/ HTTP/1.1" 200 18061
INFO 2025-05-26 20:53:34,936 basehttp "GET /admin/jsi18n/ HTTP/1.1" 200 3342
INFO 2025-05-26 20:53:38,749 basehttp "GET /admin/core/doctor/4/change/ HTTP/1.1" 200 27994
INFO 2025-05-26 20:53:38,769 basehttp "GET /admin/jsi18n/ HTTP/1.1" 200 3342
INFO 2025-05-26 20:54:06,584 basehttp "POST /admin/core/doctor/4/change/ HTTP/1.1" 302 0
INFO 2025-05-26 20:54:06,601 basehttp "GET /admin/core/doctor/ HTTP/1.1" 200 18073
INFO 2025-05-26 20:54:06,618 basehttp "GET /admin/jsi18n/ HTTP/1.1" 200 3342
INFO 2025-05-26 20:54:12,020 basehttp "GET /admin/core/doctor/3/change/ HTTP/1.1" 200 27977
INFO 2025-05-26 20:54:12,040 basehttp "GET /admin/jsi18n/ HTTP/1.1" 200 3342
INFO 2025-05-26 20:54:25,002 basehttp "POST /admin/core/doctor/3/change/ HTTP/1.1" 302 0
INFO 2025-05-26 20:54:25,017 basehttp "GET /admin/core/doctor/ HTTP/1.1" 200 18065
INFO 2025-05-26 20:54:25,034 basehttp "GET /admin/jsi18n/ HTTP/1.1" 200 3342
INFO 2025-05-26 20:54:28,117 basehttp "GET /admin/core/doctor/1/change/ HTTP/1.1" 200 27937
INFO 2025-05-26 20:54:28,134 basehttp "GET /admin/jsi18n/ HTTP/1.1" 200 3342
INFO 2025-05-26 20:54:45,673 basehttp "POST /admin/core/doctor/1/change/ HTTP/1.1" 302 0
INFO 2025-05-26 20:54:45,687 basehttp "GET /admin/core/doctor/ HTTP/1.1" 200 18061
INFO 2025-05-26 20:54:45,702 basehttp "GET /admin/jsi18n/ HTTP/1.1" 200 3342
INFO 2025-05-26 20:54:49,402 basehttp "GET /doctors/ HTTP/1.1" 200 10423
INFO 2025-05-26 20:54:49,424 basehttp "GET /media/doctors/2d394f680c1bf633d300eee67dd58b90.jpg HTTP/1.1" 304 0
INFO 2025-05-26 20:54:49,427 basehttp "GET /media/doctors/Screenshot_2025-05-26_at_23.51.39.png HTTP/1.1" 200 945687
INFO 2025-05-26 20:54:49,441 basehttp "GET /media/doctors/360_F_118225354_9E9LrO7Y8YHqpoV7jCiSnygQAD4LyJAx.jpg HTTP/1.1" 304 0
INFO 2025-05-26 20:54:49,448 basehttp "GET /media/doctors/Screenshot_2025-05-26_at_23.51.08.png HTTP/1.1" 200 289583
INFO 2025-05-26 20:54:49,449 basehttp "GET /media/doctors/Screenshot_2025-05-26_at_23.50.23.png HTTP/1.1" 200 342535
INFO 2025-05-26 20:54:49,453 basehttp "GET /media/doctors/Screenshot_2025-05-26_at_23.50.42.png HTTP/1.1" 200 663399
INFO 2025-05-26 20:54:55,853 basehttp "GET /doctors/1/ HTTP/1.1" 200 7192
INFO 2025-05-26 20:54:55,870 basehttp "GET /media/doctors/Screenshot_2025-05-26_at_23.51.39.png HTTP/1.1" 304 0
INFO 2025-05-26 20:55:03,987 basehttp "GET /doctors/ HTTP/1.1" 200 10423
INFO 2025-05-26 20:55:04,012 basehttp "GET /media/doctors/Screenshot_2025-05-26_at_23.50.42.png HTTP/1.1" 304 0
INFO 2025-05-26 20:55:04,014 basehttp "GET /media/doctors/Screenshot_2025-05-26_at_23.51.39.png HTTP/1.1" 304 0
INFO 2025-05-26 20:55:04,016 basehttp "GET /media/doctors/Screenshot_2025-05-26_at_23.51.08.png HTTP/1.1" 304 0
INFO 2025-05-26 20:55:04,018 basehttp "GET /media/doctors/Screenshot_2025-05-26_at_23.50.23.png HTTP/1.1" 304 0
INFO 2025-05-26 20:55:04,723 basehttp "GET /privacy/ HTTP/1.1" 200 5131
INFO 2025-05-26 20:55:05,347 basehttp "GET /promocodes/ HTTP/1.1" 200 4576
INFO 2025-05-26 20:55:09,797 basehttp "GET /promocodes/ HTTP/1.1" 200 4576
INFO 2025-05-26 20:55:10,515 basehttp "GET /vacancies/ HTTP/1.1" 200 13639
INFO 2025-05-26 20:55:36,008 basehttp "GET /admin/core/ HTTP/1.1" 200 13225
INFO 2025-05-26 20:55:36,992 basehttp "GET /admin/ HTTP/1.1" 200 18621
INFO 2025-05-26 20:55:44,127 basehttp "GET /admin/core/vacancy/ HTTP/1.1" 200 18364
INFO 2025-05-26 20:55:44,144 basehttp "GET /admin/jsi18n/ HTTP/1.1" 200 3342
INFO 2025-05-26 20:55:46,556 basehttp "GET /admin/core/ HTTP/1.1" 200 13225
INFO 2025-05-26 20:55:49,126 basehttp "GET /admin/core/glossaryterm/ HTTP/1.1" 200 17813
INFO 2025-05-26 20:55:49,145 basehttp "GET /admin/jsi18n/ HTTP/1.1" 200 3342
INFO 2025-05-26 20:55:51,188 basehttp "GET /admin/core/ HTTP/1.1" 200 13225
INFO 2025-05-26 20:55:55,087 basehttp "GET /admin/core/employee/ HTTP/1.1" 200 13823
INFO 2025-05-26 20:55:55,106 basehttp "GET /admin/jsi18n/ HTTP/1.1" 200 3342
INFO 2025-05-26 20:55:58,094 basehttp "GET /admin/core/employee/add/ HTTP/1.1" 200 17776
INFO 2025-05-26 20:55:58,113 basehttp "GET /admin/jsi18n/ HTTP/1.1" 200 3342
INFO 2025-05-26 20:56:01,111 basehttp "GET /admin/ HTTP/1.1" 200 18621
DEBUG 2025-05-26 20:56:11,548 views Получение последних новостей для главной страницы
INFO 2025-05-26 20:56:11,548 views Начало формирования контекста для главной страницы
DEBUG 2025-05-26 20:56:11,549 views Запрос данных о погоде
DEBUG 2025-05-26 20:56:11,681 views Данные о погоде успешно получены
DEBUG 2025-05-26 20:56:11,681 views Запрос курсов валют
DEBUG 2025-05-26 20:56:11,891 views Данные о курсах валют успешно получены
INFO 2025-05-26 20:56:11,892 views Контекст для главной страницы успешно сформирован
INFO 2025-05-26 20:56:11,904 basehttp "GET / HTTP/1.1" 200 13315
INFO 2025-05-26 20:56:11,932 basehttp "GET /static/img/FotoJet%20(65)-1200.jpg.webp HTTP/1.1" 304 0
INFO 2025-05-26 20:56:11,934 basehttp "GET /media/news/1-GettyImages-73096824-67ee7409bb789_NwYwV8X.webp HTTP/1.1" 304 0
DEBUG 2025-05-26 20:56:21,881 views Получение последних новостей для главной страницы
INFO 2025-05-26 20:56:21,881 views Начало формирования контекста для главной страницы
DEBUG 2025-05-26 20:56:21,881 views Запрос данных о погоде
DEBUG 2025-05-26 20:56:21,881 views Данные о погоде успешно получены
DEBUG 2025-05-26 20:56:21,882 views Запрос курсов валют
DEBUG 2025-05-26 20:56:21,999 views Данные о курсах валют успешно получены
INFO 2025-05-26 20:56:21,999 views Контекст для главной страницы успешно сформирован
INFO 2025-05-26 20:56:22,006 basehttp "GET / HTTP/1.1" 200 13315
INFO 2025-05-26 20:56:24,054 basehttp "POST /logout/ HTTP/1.1" 302 0
DEBUG 2025-05-26 20:56:24,057 views Получение последних новостей для главной страницы
INFO 2025-05-26 20:56:24,057 views Начало формирования контекста для главной страницы
DEBUG 2025-05-26 20:56:24,057 views Запрос данных о погоде
DEBUG 2025-05-26 20:56:24,057 views Данные о погоде успешно получены
DEBUG 2025-05-26 20:56:24,057 views Запрос курсов валют
DEBUG 2025-05-26 20:56:24,174 views Данные о курсах валют успешно получены
INFO 2025-05-26 20:56:24,174 views Контекст для главной страницы успешно сформирован
INFO 2025-05-26 20:56:24,181 basehttp "GET / HTTP/1.1" 200 12339
DEBUG 2025-05-26 20:56:25,975 views Получение последних новостей для главной страницы
INFO 2025-05-26 20:56:25,976 views Начало формирования контекста для главной страницы
DEBUG 2025-05-26 20:56:25,977 views Запрос данных о погоде
DEBUG 2025-05-26 20:56:25,977 views Данные о погоде успешно получены
DEBUG 2025-05-26 20:56:25,977 views Запрос курсов валют
DEBUG 2025-05-26 20:56:26,101 views Данные о курсах валют успешно получены
INFO 2025-05-26 20:56:26,102 views Контекст для главной страницы успешно сформирован
INFO 2025-05-26 20:56:26,110 basehttp "GET / HTTP/1.1" 200 12339
INFO 2025-05-26 20:56:28,784 basehttp "GET /accounts/login/ HTTP/1.1" 200 3128
INFO 2025-05-26 20:56:30,135 basehttp "GET /signup/ HTTP/1.1" 200 4976
INFO 2025-05-26 20:57:53,005 basehttp "POST /signup/ HTTP/1.1" 200 5538
INFO 2025-05-26 20:58:32,711 basehttp "POST /signup/ HTTP/1.1" 200 5286
INFO 2025-05-26 20:58:54,068 basehttp "POST /signup/ HTTP/1.1" 302 0
INFO 2025-05-26 20:58:54,073 basehttp "GET /dashboard/ HTTP/1.1" 302 0
DEBUG 2025-05-26 20:58:54,076 views Получение последних новостей для главной страницы
INFO 2025-05-26 20:58:54,076 views Начало формирования контекста для главной страницы
DEBUG 2025-05-26 20:58:54,076 views Запрос данных о погоде
DEBUG 2025-05-26 20:58:54,076 views Данные о погоде успешно получены
DEBUG 2025-05-26 20:58:54,076 views Запрос курсов валют
DEBUG 2025-05-26 20:58:54,196 views Данные о курсах валют успешно получены
INFO 2025-05-26 20:58:54,196 views Контекст для главной страницы успешно сформирован
INFO 2025-05-26 20:58:54,202 basehttp "GET / HTTP/1.1" 200 12339
INFO 2025-05-26 20:58:54,225 basehttp "GET /media/news/Screenshot_2025-05-26_at_16.53.50.png HTTP/1.1" 304 0
INFO 2025-05-26 20:58:54,225 basehttp "GET /static/img/FotoJet%20(65)-1200.jpg.webp HTTP/1.1" 304 0
INFO 2025-05-26 20:59:02,550 basehttp "GET /statistics/ HTTP/1.1" 200 6436
INFO 2025-05-26 20:59:04,619 basehttp "GET /about/ HTTP/1.1" 200 3314
INFO 2025-05-26 20:59:06,506 basehttp "GET /accounts/login/ HTTP/1.1" 200 3128
INFO 2025-05-26 20:59:17,395 basehttp "POST /accounts/login/ HTTP/1.1" 302 0
INFO 2025-05-26 20:59:17,401 basehttp "GET /dashboard/ HTTP/1.1" 302 0
INFO 2025-05-26 20:59:17,407 basehttp "GET /dashboard/client/ HTTP/1.1" 200 5062
INFO 2025-05-26 20:59:26,562 basehttp "GET /update-profile/ HTTP/1.1" 200 5209
INFO 2025-05-26 20:59:31,741 basehttp "GET /dashboard/client/ HTTP/1.1" 200 5062
INFO 2025-05-26 20:59:35,960 basehttp "GET /services/ HTTP/1.1" 200 14829
INFO 2025-05-26 20:59:38,764 basehttp "GET /services/?search=&order_by= HTTP/1.1" 200 14829
INFO 2025-05-26 20:59:42,178 basehttp "GET /promocodes/ HTTP/1.1" 200 4867
INFO 2025-05-26 20:59:42,869 basehttp "GET /privacy/ HTTP/1.1" 200 5422
INFO 2025-05-26 20:59:43,843 basehttp "GET /vacancies/ HTTP/1.1" 200 13930
INFO 2025-05-26 20:59:44,714 basehttp "GET /statistics/ HTTP/1.1" 200 7703
INFO 2025-05-26 20:59:46,174 basehttp "GET /about/ HTTP/1.1" 200 4581
INFO 2025-05-26 20:59:46,919 basehttp "GET /services/ HTTP/1.1" 200 14829
INFO 2025-05-26 20:59:47,642 basehttp "GET /doctors/ HTTP/1.1" 200 10714
INFO 2025-05-26 20:59:47,678 basehttp "GET /media/doctors/2d394f680c1bf633d300eee67dd58b90.jpg HTTP/1.1" 200 24328
INFO 2025-05-26 20:59:47,681 basehttp "GET /media/doctors/360_F_118225354_9E9LrO7Y8YHqpoV7jCiSnygQAD4LyJAx.jpg HTTP/1.1" 200 25942
INFO 2025-05-26 20:59:47,692 basehttp "GET /media/doctors/Screenshot_2025-05-26_at_23.50.23.png HTTP/1.1" 200 342535
INFO 2025-05-26 20:59:47,695 basehttp "GET /media/doctors/Screenshot_2025-05-26_at_23.51.08.png HTTP/1.1" 200 289583
INFO 2025-05-26 20:59:47,699 basehttp "GET /media/doctors/Screenshot_2025-05-26_at_23.50.42.png HTTP/1.1" 200 663399
INFO 2025-05-26 20:59:47,700 basehttp "GET /media/doctors/Screenshot_2025-05-26_at_23.51.39.png HTTP/1.1" 200 945687
INFO 2025-05-26 20:59:49,396 basehttp "GET /services/ HTTP/1.1" 200 14829
INFO 2025-05-26 20:59:50,927 basehttp "GET /service/53/ HTTP/1.1" 200 5812
INFO 2025-05-26 21:00:39,568 basehttp "POST /service/53/book/ HTTP/1.1" 302 0
INFO 2025-05-26 21:00:39,578 basehttp "GET /dashboard/client/ HTTP/1.1" 200 6445
INFO 2025-05-26 21:00:46,449 basehttp "GET /statistics/ HTTP/1.1" 200 7703
INFO 2025-05-26 21:02:03,633 basehttp "GET /statistics/ HTTP/1.1" 200 7703
INFO 2025-05-26 21:02:04,444 basehttp "GET /vacancies/ HTTP/1.1" 200 13930
INFO 2025-05-26 21:02:05,351 basehttp "GET /services/ HTTP/1.1" 200 14829
INFO 2025-05-26 21:02:05,991 basehttp "GET /about/ HTTP/1.1" 200 4581
INFO 2025-05-26 21:02:06,664 basehttp "GET /set-timezone/ HTTP/1.1" 200 39407
INFO 2025-05-26 21:02:09,800 basehttp "POST /set-timezone/ HTTP/1.1" 302 0
DEBUG 2025-05-26 21:02:09,806 views Получение последних новостей для главной страницы
INFO 2025-05-26 21:02:09,806 views Начало формирования контекста для главной страницы
DEBUG 2025-05-26 21:02:09,807 views Запрос данных о погоде
DEBUG 2025-05-26 21:02:09,807 views Данные о погоде успешно получены
DEBUG 2025-05-26 21:02:09,807 views Запрос курсов валют
DEBUG 2025-05-26 21:02:09,931 views Данные о курсах валют успешно получены
INFO 2025-05-26 21:02:09,932 views Контекст для главной страницы успешно сформирован
INFO 2025-05-26 21:02:09,943 basehttp "GET / HTTP/1.1" 200 14063
INFO 2025-05-26 21:02:09,975 basehttp "GET /static/img/FotoJet%20(65)-1200.jpg.webp HTTP/1.1" 304 0
INFO 2025-05-26 21:02:09,979 basehttp "GET /media/news/1-GettyImages-73096824-67ee7409bb789_NwYwV8X.webp HTTP/1.1" 200 23108
INFO 2025-05-26 21:02:09,984 basehttp "GET /media/news/1483444335_0-0-3840-2160_1920x0_80_0_0_d78397da469ce01dd2656c4ccb408168_dfm7Pro.jpg HTTP/1.1" 200 123825
INFO 2025-05-26 21:02:09,988 basehttp "GET /media/news/Screenshot_2025-05-26_at_16.53.50.png HTTP/1.1" 200 983608
INFO 2025-05-26 21:02:11,328 basehttp "GET /about/ HTTP/1.1" 200 4581
INFO 2025-05-26 21:02:12,032 basehttp "GET /services/ HTTP/1.1" 200 14829
INFO 2025-05-26 21:02:12,728 basehttp "GET /doctors/ HTTP/1.1" 200 10714
INFO 2025-05-26 21:02:12,752 basehttp "GET /media/doctors/Screenshot_2025-05-26_at_23.51.39.png HTTP/1.1" 304 0
INFO 2025-05-26 21:02:12,758 basehttp "GET /media/doctors/2d394f680c1bf633d300eee67dd58b90.jpg HTTP/1.1" 304 0
INFO 2025-05-26 21:02:12,759 basehttp "GET /media/doctors/Screenshot_2025-05-26_at_23.50.23.png HTTP/1.1" 304 0
INFO 2025-05-26 21:02:12,761 basehttp "GET /media/doctors/Screenshot_2025-05-26_at_23.51.08.png HTTP/1.1" 304 0
INFO 2025-05-26 21:02:12,762 basehttp "GET /media/doctors/360_F_118225354_9E9LrO7Y8YHqpoV7jCiSnygQAD4LyJAx.jpg HTTP/1.1" 304 0
INFO 2025-05-26 21:02:12,763 basehttp "GET /media/doctors/Screenshot_2025-05-26_at_23.50.42.png HTTP/1.1" 304 0
INFO 2025-05-26 21:02:13,388 basehttp "GET /privacy/ HTTP/1.1" 200 5422
INFO 2025-05-26 21:02:14,481 basehttp "GET /promocodes/ HTTP/1.1" 200 4867
INFO 2025-05-26 21:02:15,398 basehttp "GET /vacancies/ HTTP/1.1" 200 13930
INFO 2025-05-26 21:02:16,536 basehttp "GET /statistics/ HTTP/1.1" 200 7703
INFO 2025-05-26 21:03:28,620 basehttp "GET /admin/core/employee/ HTTP/1.1" 302 0
INFO 2025-05-26 21:03:28,638 basehttp "GET /admin/login/?next=/admin/core/employee/ HTTP/1.1" 200 3713
INFO 2025-05-26 21:03:30,928 basehttp "GET /admin/ HTTP/1.1" 302 0
INFO 2025-05-26 21:03:30,939 basehttp "GET /admin/login/?next=/admin/ HTTP/1.1" 200 3685
INFO 2025-05-26 21:03:44,938 basehttp "POST /admin/login/?next=/admin/ HTTP/1.1" 302 0
INFO 2025-05-26 21:03:44,949 basehttp "GET /admin/ HTTP/1.1" 200 18621
INFO 2025-05-26 21:03:49,337 basehttp "GET /admin/core/employee/ HTTP/1.1" 200 13823
INFO 2025-05-26 21:03:49,361 basehttp "GET /admin/jsi18n/ HTTP/1.1" 200 3342
INFO 2025-05-26 21:03:56,002 basehttp "GET /admin/core/ HTTP/1.1" 200 13225
INFO 2025-05-26 21:04:16,486 basehttp "GET /privacy/ HTTP/1.1" 200 5131
INFO 2025-05-26 21:04:17,616 basehttp "GET /vacancies/ HTTP/1.1" 200 13639
INFO 2025-05-26 21:04:20,267 basehttp "GET /about/ HTTP/1.1" 200 4290
INFO 2025-05-26 21:04:20,898 basehttp "GET /services/ HTTP/1.1" 200 14538
INFO 2025-05-26 21:04:21,671 basehttp "GET /doctors/ HTTP/1.1" 200 10423
INFO 2025-05-26 21:04:21,708 basehttp "GET /media/doctors/2d394f680c1bf633d300eee67dd58b90.jpg HTTP/1.1" 200 24328
INFO 2025-05-26 21:04:21,710 basehttp "GET /media/doctors/360_F_118225354_9E9LrO7Y8YHqpoV7jCiSnygQAD4LyJAx.jpg HTTP/1.1" 200 25942
INFO 2025-05-26 21:04:21,721 basehttp "GET /media/doctors/Screenshot_2025-05-26_at_23.50.23.png HTTP/1.1" 200 342535
INFO 2025-05-26 21:04:21,724 basehttp "GET /media/doctors/Screenshot_2025-05-26_at_23.51.08.png HTTP/1.1" 200 289583
INFO 2025-05-26 21:04:21,727 basehttp "GET /media/doctors/Screenshot_2025-05-26_at_23.50.42.png HTTP/1.1" 200 663399
INFO 2025-05-26 21:04:21,729 basehttp "GET /media/doctors/Screenshot_2025-05-26_at_23.51.39.png HTTP/1.1" 200 945687
INFO 2025-05-26 21:04:22,395 basehttp "GET /privacy/ HTTP/1.1" 200 5131
INFO 2025-05-26 21:04:23,079 basehttp "GET /vacancies/ HTTP/1.1" 200 13639
INFO 2025-05-26 21:04:23,763 basehttp "GET /promocodes/ HTTP/1.1" 200 4576
INFO 2025-05-26 21:04:33,042 basehttp "GET /admin/core/userprofile/ HTTP/1.1" 200 15324
INFO 2025-05-26 21:04:33,061 basehttp "GET /admin/jsi18n/ HTTP/1.1" 200 3342
INFO 2025-05-26 21:04:35,356 basehttp "GET /admin/core/ HTTP/1.1" 200 13225
INFO 2025-05-26 21:04:36,806 basehttp "GET /admin/core/employee/ HTTP/1.1" 200 13823
INFO 2025-05-26 21:04:36,824 basehttp "GET /admin/jsi18n/ HTTP/1.1" 200 3342
INFO 2025-05-26 21:04:38,123 basehttp "GET /admin/core/ HTTP/1.1" 200 13225
INFO 2025-05-26 21:04:48,957 basehttp "GET /admin/core/employee/add/ HTTP/1.1" 200 17776
INFO 2025-05-26 21:04:48,978 basehttp "GET /admin/jsi18n/ HTTP/1.1" 200 3342
INFO 2025-05-26 21:04:51,453 basehttp "GET /admin/core/ HTTP/1.1" 200 13225
INFO 2025-05-26 21:05:21,869 basehttp "GET /admin/core/employee/ HTTP/1.1" 200 13823
INFO 2025-05-26 21:05:21,890 basehttp "GET /admin/jsi18n/ HTTP/1.1" 200 3342
INFO 2025-05-26 21:05:23,583 basehttp "GET /admin/core/employee/add/ HTTP/1.1" 200 17776
INFO 2025-05-26 21:05:23,601 basehttp "GET /admin/jsi18n/ HTTP/1.1" 200 3342
INFO 2025-05-26 21:06:11,510 basehttp "GET /vacancies/ HTTP/1.1" 200 13639
INFO 2025-05-26 21:06:47,297 basehttp "POST /admin/core/employee/add/ HTTP/1.1" 200 18274
INFO 2025-05-26 21:06:47,316 basehttp "GET /admin/jsi18n/ HTTP/1.1" 200 3342
INFO 2025-05-26 21:07:33,998 basehttp "POST /admin/core/employee/add/ HTTP/1.1" 302 0
INFO 2025-05-26 21:07:34,016 basehttp "GET /admin/core/employee/ HTTP/1.1" 200 15341
INFO 2025-05-26 21:07:34,034 basehttp "GET /admin/jsi18n/ HTTP/1.1" 200 3342
INFO 2025-05-26 21:07:38,946 basehttp "GET /doctors/ HTTP/1.1" 200 10423
INFO 2025-05-26 21:07:38,976 basehttp "GET /media/doctors/Screenshot_2025-05-26_at_23.50.23.png HTTP/1.1" 304 0
INFO 2025-05-26 21:07:38,979 basehttp "GET /media/doctors/360_F_118225354_9E9LrO7Y8YHqpoV7jCiSnygQAD4LyJAx.jpg HTTP/1.1" 304 0
INFO 2025-05-26 21:07:38,979 basehttp "GET /media/doctors/Screenshot_2025-05-26_at_23.51.08.png HTTP/1.1" 304 0
INFO 2025-05-26 21:07:38,979 basehttp "GET /media/doctors/2d394f680c1bf633d300eee67dd58b90.jpg HTTP/1.1" 304 0
INFO 2025-05-26 21:07:38,980 basehttp "GET /media/doctors/Screenshot_2025-05-26_at_23.50.42.png HTTP/1.1" 304 0
INFO 2025-05-26 21:07:38,981 basehttp "GET /media/doctors/Screenshot_2025-05-26_at_23.51.39.png HTTP/1.1" 304 0
INFO 2025-05-26 21:07:44,150 basehttp "GET /vacancies/ HTTP/1.1" 200 13639
INFO 2025-05-26 21:07:46,328 basehttp "GET /services/ HTTP/1.1" 200 14538
INFO 2025-05-26 21:07:47,168 basehttp "GET /about/ HTTP/1.1" 200 4290
INFO 2025-05-26 21:07:48,009 basehttp "GET /doctors/ HTTP/1.1" 200 10423
INFO 2025-05-26 21:07:48,649 basehttp "GET /privacy/ HTTP/1.1" 200 5131
ERROR 2025-05-26 21:12:19,128 log Internal Server Error: /contacts/
Traceback (most recent call last):
  File "/Users/artem/Desktop/LR5/СosmetologyCenter/venv/lib/python3.13/site-packages/django/core/handlers/exception.py", line 55, in inner
    response = get_response(request)
  File "/Users/artem/Desktop/LR5/СosmetologyCenter/venv/lib/python3.13/site-packages/django/core/handlers/base.py", line 220, in _get_response
    response = response.render()
  File "/Users/artem/Desktop/LR5/СosmetologyCenter/venv/lib/python3.13/site-packages/django/template/response.py", line 114, in render
    self.content = self.rendered_content
                   ^^^^^^^^^^^^^^^^^^^^^
  File "/Users/artem/Desktop/LR5/СosmetologyCenter/venv/lib/python3.13/site-packages/django/template/response.py", line 90, in rendered_content
    template = self.resolve_template(self.template_name)
  File "/Users/artem/Desktop/LR5/СosmetologyCenter/venv/lib/python3.13/site-packages/django/template/response.py", line 72, in resolve_template
    return select_template(template, using=self.using)
  File "/Users/artem/Desktop/LR5/СosmetologyCenter/venv/lib/python3.13/site-packages/django/template/loader.py", line 47, in select_template
    raise TemplateDoesNotExist(", ".join(template_name_list), chain=chain)
django.template.exceptions.TemplateDoesNotExist: core/contacts.html, core/employee_list.html
ERROR 2025-05-26 21:12:19,132 basehttp "GET /contacts/ HTTP/1.1" 500 81723
WARNING 2025-05-26 21:12:19,422 log Not Found: /favicon.ico
WARNING 2025-05-26 21:12:19,422 basehttp "GET /favicon.ico HTTP/1.1" 404 10684
INFO 2025-05-26 21:13:03,759 basehttp "GET /doctors/ HTTP/1.1" 200 10423
INFO 2025-05-26 21:13:03,783 basehttp "GET /media/doctors/Screenshot_2025-05-26_at_23.51.08.png HTTP/1.1" 304 0
INFO 2025-05-26 21:13:03,785 basehttp "GET /media/doctors/Screenshot_2025-05-26_at_23.50.42.png HTTP/1.1" 304 0
INFO 2025-05-26 21:13:03,785 basehttp "GET /media/doctors/2d394f680c1bf633d300eee67dd58b90.jpg HTTP/1.1" 304 0
INFO 2025-05-26 21:13:03,786 basehttp "GET /media/doctors/360_F_118225354_9E9LrO7Y8YHqpoV7jCiSnygQAD4LyJAx.jpg HTTP/1.1" 304 0
INFO 2025-05-26 21:13:03,786 basehttp "GET /media/doctors/Screenshot_2025-05-26_at_23.50.23.png HTTP/1.1" 304 0
INFO 2025-05-26 21:13:03,787 basehttp "GET /media/doctors/Screenshot_2025-05-26_at_23.51.39.png HTTP/1.1" 304 0
INFO 2025-05-26 21:15:55,329 autoreload /Users/artem/Desktop/LR5/СosmetologyCenter/core/views.py changed, reloading.
INFO 2025-05-26 21:15:55,801 autoreload Watching for file changes with StatReloader
INFO 2025-05-26 21:18:08,736 basehttp "GET /doctors/ HTTP/1.1" 200 11594
INFO 2025-05-26 21:18:08,755 basehttp "GET /media/doctors/2d394f680c1bf633d300eee67dd58b90.jpg HTTP/1.1" 304 0
INFO 2025-05-26 21:18:08,762 basehttp "GET /media/doctors/Screenshot_2025-05-26_at_23.51.39.png HTTP/1.1" 304 0
INFO 2025-05-26 21:18:08,763 basehttp "GET /media/doctors/Screenshot_2025-05-26_at_23.51.08.png HTTP/1.1" 304 0
INFO 2025-05-26 21:18:08,763 basehttp "GET /media/doctors/Screenshot_2025-05-26_at_23.50.42.png HTTP/1.1" 304 0
INFO 2025-05-26 21:18:08,768 basehttp "GET /media/doctors/Screenshot_2025-05-26_at_23.50.23.png HTTP/1.1" 304 0
INFO 2025-05-26 21:18:08,768 basehttp "GET /media/doctors/360_F_118225354_9E9LrO7Y8YHqpoV7jCiSnygQAD4LyJAx.jpg HTTP/1.1" 304 0
INFO 2025-05-26 21:18:08,776 basehttp "GET /media/employees/Screenshot_2025-05-27_at_00.07.15.png HTTP/1.1" 200 989257
INFO 2025-05-26 21:18:10,665 basehttp "GET /doctors/ HTTP/1.1" 200 11594
INFO 2025-05-26 21:18:18,147 basehttp "GET /doctors/ HTTP/1.1" 200 11594
INFO 2025-05-26 21:18:18,870 basehttp "GET /privacy/ HTTP/1.1" 200 5131
INFO 2025-05-26 21:18:19,558 basehttp "GET /doctors/ HTTP/1.1" 200 11594
INFO 2025-05-26 21:19:00,827 basehttp "GET /doctors/ HTTP/1.1" 200 11594
INFO 2025-05-26 21:19:01,711 basehttp "GET /doctors/ HTTP/1.1" 200 11594
INFO 2025-05-26 21:19:02,358 basehttp "GET /doctors/ HTTP/1.1" 200 11594
INFO 2025-05-26 21:19:02,891 basehttp "GET /doctors/ HTTP/1.1" 200 11594
INFO 2025-05-26 21:19:40,269 basehttp "GET /doctors/ HTTP/1.1" 200 11594
INFO 2025-05-26 21:19:40,288 basehttp "GET /media/employees/Screenshot_2025-05-27_at_00.07.15.png HTTP/1.1" 304 0
INFO 2025-05-26 21:19:41,212 basehttp "GET /doctors/ HTTP/1.1" 200 11594
INFO 2025-05-26 21:21:03,103 basehttp "GET /doctors/ HTTP/1.1" 200 11615
INFO 2025-05-26 21:21:03,129 basehttp "GET /media/doctors/Screenshot_2025-05-26_at_23.51.39.png HTTP/1.1" 304 0
INFO 2025-05-26 21:21:03,130 basehttp "GET /media/doctors/Screenshot_2025-05-26_at_23.51.08.png HTTP/1.1" 304 0
INFO 2025-05-26 21:21:03,133 basehttp "GET /media/doctors/Screenshot_2025-05-26_at_23.50.23.png HTTP/1.1" 304 0
INFO 2025-05-26 21:21:03,134 basehttp "GET /media/employees/Screenshot_2025-05-27_at_00.07.15.png HTTP/1.1" 304 0
INFO 2025-05-26 21:21:03,135 basehttp "GET /media/doctors/Screenshot_2025-05-26_at_23.50.42.png HTTP/1.1" 304 0
INFO 2025-05-26 21:21:04,954 basehttp "GET /doctors/ HTTP/1.1" 200 11615
INFO 2025-05-26 21:21:09,077 basehttp "GET /services/ HTTP/1.1" 200 14559
INFO 2025-05-26 21:21:10,702 basehttp "GET /about/ HTTP/1.1" 200 4311
INFO 2025-05-26 21:21:11,547 basehttp "GET /services/ HTTP/1.1" 200 14559
INFO 2025-05-26 21:21:12,738 basehttp "GET /doctors/ HTTP/1.1" 200 11615
INFO 2025-05-26 21:21:17,419 basehttp "GET /privacy/ HTTP/1.1" 200 5152
INFO 2025-05-26 21:21:18,265 basehttp "GET /promocodes/ HTTP/1.1" 200 4597
INFO 2025-05-26 21:21:19,029 basehttp "GET /vacancies/ HTTP/1.1" 200 13660
INFO 2025-05-26 21:21:23,312 basehttp "GET /statistics/ HTTP/1.1" 200 7433
INFO 2025-05-26 21:21:39,191 basehttp "POST /logout/ HTTP/1.1" 302 0
DEBUG 2025-05-26 21:21:39,193 views Получение последних новостей для главной страницы
INFO 2025-05-26 21:21:39,194 views Начало формирования контекста для главной страницы
DEBUG 2025-05-26 21:21:39,195 views Запрос данных о погоде
DEBUG 2025-05-26 21:21:39,342 views Данные о погоде успешно получены
DEBUG 2025-05-26 21:21:39,343 views Запрос курсов валют
DEBUG 2025-05-26 21:21:39,542 views Данные о курсах валют успешно получены
INFO 2025-05-26 21:21:39,543 views Контекст для главной страницы успешно сформирован
INFO 2025-05-26 21:21:39,556 basehttp "GET / HTTP/1.1" 200 12360
INFO 2025-05-26 21:21:39,585 basehttp "GET /static/img/FotoJet%20(65)-1200.jpg.webp HTTP/1.1" 304 0
INFO 2025-05-26 21:21:39,587 basehttp "GET /media/news/1-GettyImages-73096824-67ee7409bb789_NwYwV8X.webp HTTP/1.1" 200 23108
INFO 2025-05-26 21:21:39,589 basehttp "GET /media/news/1483444335_0-0-3840-2160_1920x0_80_0_0_d78397da469ce01dd2656c4ccb408168_dfm7Pro.jpg HTTP/1.1" 200 123825
INFO 2025-05-26 21:21:39,594 basehttp "GET /media/news/Screenshot_2025-05-26_at_16.53.50.png HTTP/1.1" 200 983608
INFO 2025-05-26 21:21:45,320 basehttp "GET /services/ HTTP/1.1" 200 13583
INFO 2025-05-26 21:21:46,715 basehttp "GET /about/ HTTP/1.1" 200 3335
INFO 2025-05-26 21:21:48,814 basehttp "GET /privacy/ HTTP/1.1" 200 4176
INFO 2025-05-26 21:21:49,851 basehttp "GET /promocodes/ HTTP/1.1" 200 3621
INFO 2025-05-26 21:21:50,833 basehttp "GET /vacancies/ HTTP/1.1" 200 12684
INFO 2025-05-26 21:21:53,776 basehttp "GET /accounts/login/ HTTP/1.1" 200 3149
INFO 2025-05-26 21:22:08,859 basehttp "POST /accounts/login/ HTTP/1.1" 302 0
INFO 2025-05-26 21:22:08,865 basehttp "GET /dashboard/ HTTP/1.1" 302 0
INFO 2025-05-26 21:22:08,874 basehttp "GET /dashboard/client/ HTTP/1.1" 200 6466
INFO 2025-05-26 21:22:16,628 basehttp "GET /update-profile/ HTTP/1.1" 200 5230
INFO 2025-05-26 21:22:38,809 basehttp "GET /update-profile/ HTTP/1.1" 200 5230
INFO 2025-05-26 21:22:44,760 basehttp "GET /dashboard/client/ HTTP/1.1" 200 6466
INFO 2025-05-26 21:22:45,831 basehttp "GET /delete-account/ HTTP/1.1" 200 4375
INFO 2025-05-26 21:22:49,860 basehttp "POST /delete-account/ HTTP/1.1" 302 0
DEBUG 2025-05-26 21:22:49,865 views Получение последних новостей для главной страницы
INFO 2025-05-26 21:22:49,865 views Начало формирования контекста для главной страницы
DEBUG 2025-05-26 21:22:49,865 views Запрос данных о погоде
DEBUG 2025-05-26 21:22:49,866 views Данные о погоде успешно получены
DEBUG 2025-05-26 21:22:49,866 views Запрос курсов валют
DEBUG 2025-05-26 21:22:50,068 views Данные о курсах валют успешно получены
INFO 2025-05-26 21:22:50,069 views Контекст для главной страницы успешно сформирован
INFO 2025-05-26 21:22:50,078 basehttp "GET / HTTP/1.1" 200 12360
INFO 2025-05-26 21:22:50,113 basehttp "GET /media/news/1-GettyImages-73096824-67ee7409bb789_NwYwV8X.webp HTTP/1.1" 200 23108
INFO 2025-05-26 21:22:50,115 basehttp "GET /media/news/1483444335_0-0-3840-2160_1920x0_80_0_0_d78397da469ce01dd2656c4ccb408168_dfm7Pro.jpg HTTP/1.1" 200 123825
INFO 2025-05-26 21:22:50,119 basehttp "GET /media/news/Screenshot_2025-05-26_at_16.53.50.png HTTP/1.1" 200 983608
INFO 2025-05-26 21:22:52,056 basehttp "GET /accounts/login/ HTTP/1.1" 200 3149
INFO 2025-05-26 21:22:53,012 basehttp "GET /signup/ HTTP/1.1" 200 4997
INFO 2025-05-26 21:24:18,471 basehttp "POST /signup/ HTTP/1.1" 200 5325
INFO 2025-05-26 21:24:47,345 basehttp "POST /signup/ HTTP/1.1" 200 5323
INFO 2025-05-26 21:25:06,098 basehttp "POST /signup/ HTTP/1.1" 302 0
INFO 2025-05-26 21:25:06,104 basehttp "GET /dashboard/ HTTP/1.1" 302 0
DEBUG 2025-05-26 21:25:06,106 views Получение последних новостей для главной страницы
INFO 2025-05-26 21:25:06,106 views Начало формирования контекста для главной страницы
DEBUG 2025-05-26 21:25:06,107 views Запрос данных о погоде
DEBUG 2025-05-26 21:25:06,107 views Данные о погоде успешно получены
DEBUG 2025-05-26 21:25:06,107 views Запрос курсов валют
DEBUG 2025-05-26 21:25:06,219 views Данные о курсах валют успешно получены
INFO 2025-05-26 21:25:06,219 views Контекст для главной страницы успешно сформирован
INFO 2025-05-26 21:25:06,224 basehttp "GET / HTTP/1.1" 200 12360
INFO 2025-05-26 21:25:19,740 basehttp "GET /vacancies/ HTTP/1.1" 200 12684
INFO 2025-05-26 21:25:22,854 basehttp "GET /accounts/login/ HTTP/1.1" 200 3149
INFO 2025-05-26 21:25:28,236 basehttp "POST /accounts/login/ HTTP/1.1" 200 3306
INFO 2025-05-26 21:25:53,793 basehttp "POST /accounts/login/ HTTP/1.1" 200 3306
INFO 2025-05-26 21:25:53,808 basehttp "GET /static/css/style.css HTTP/1.1" 304 0
INFO 2025-05-26 21:25:57,641 basehttp "GET /admin/core/ HTTP/1.1" 302 0
INFO 2025-05-26 21:25:57,658 basehttp "GET /admin/login/?next=/admin/core/ HTTP/1.1" 200 4183
INFO 2025-05-26 21:26:06,779 basehttp "POST /admin/login/?next=/admin/core/ HTTP/1.1" 302 0
INFO 2025-05-26 21:26:06,790 basehttp "GET /admin/core/ HTTP/1.1" 200 13225
INFO 2025-05-26 21:26:11,783 basehttp "GET /admin/core/client/ HTTP/1.1" 200 15806
INFO 2025-05-26 21:26:11,807 basehttp "GET /admin/jsi18n/ HTTP/1.1" 200 3342
INFO 2025-05-26 21:26:17,998 basehttp "GET /admin/core/client/26/change/ HTTP/1.1" 200 18236
INFO 2025-05-26 21:26:18,021 basehttp "GET /admin/jsi18n/ HTTP/1.1" 200 3342
INFO 2025-05-26 21:26:22,289 basehttp "GET /admin/core/client/26/delete/ HTTP/1.1" 200 13772
INFO 2025-05-26 21:26:22,301 basehttp "GET /static/admin/js/cancel.js HTTP/1.1" 304 0
INFO 2025-05-26 21:26:23,881 basehttp "POST /admin/core/client/26/delete/ HTTP/1.1" 302 0
INFO 2025-05-26 21:26:23,895 basehttp "GET /admin/core/client/ HTTP/1.1" 200 14301
INFO 2025-05-26 21:26:23,910 basehttp "GET /admin/jsi18n/ HTTP/1.1" 200 3342
INFO 2025-05-26 21:26:27,808 basehttp "GET /signup/ HTTP/1.1" 200 5973
INFO 2025-05-26 21:28:01,439 basehttp "POST /signup/ HTTP/1.1" 200 6321
INFO 2025-05-26 21:28:21,963 basehttp "POST /signup/ HTTP/1.1" 302 0
INFO 2025-05-26 21:28:21,969 basehttp "GET /dashboard/ HTTP/1.1" 302 0
DEBUG 2025-05-26 21:28:21,971 views Получение последних новостей для главной страницы
INFO 2025-05-26 21:28:21,971 views Начало формирования контекста для главной страницы
DEBUG 2025-05-26 21:28:21,972 views Запрос данных о погоде
DEBUG 2025-05-26 21:28:21,972 views Данные о погоде успешно получены
DEBUG 2025-05-26 21:28:21,972 views Запрос курсов валют
DEBUG 2025-05-26 21:28:22,099 views Данные о курсах валют успешно получены
INFO 2025-05-26 21:28:22,099 views Контекст для главной страницы успешно сформирован
INFO 2025-05-26 21:28:22,105 basehttp "GET / HTTP/1.1" 200 12360
INFO 2025-05-26 21:28:22,131 basehttp "GET /static/img/FotoJet%20(65)-1200.jpg.webp HTTP/1.1" 304 0
INFO 2025-05-26 21:28:22,138 basehttp "GET /media/news/1-GettyImages-73096824-67ee7409bb789_NwYwV8X.webp HTTP/1.1" 200 23108
INFO 2025-05-26 21:28:22,141 basehttp "GET /media/news/1483444335_0-0-3840-2160_1920x0_80_0_0_d78397da469ce01dd2656c4ccb408168_dfm7Pro.jpg HTTP/1.1" 200 123825
INFO 2025-05-26 21:28:22,155 basehttp "GET /media/news/Screenshot_2025-05-26_at_16.53.50.png HTTP/1.1" 200 983608
INFO 2025-05-26 21:28:24,530 basehttp "GET /accounts/login/ HTTP/1.1" 200 3149
INFO 2025-05-26 21:28:39,001 basehttp "POST /accounts/login/ HTTP/1.1" 302 0
INFO 2025-05-26 21:28:39,006 basehttp "GET /dashboard/ HTTP/1.1" 302 0
INFO 2025-05-26 21:28:39,011 basehttp "GET /dashboard/client/ HTTP/1.1" 200 5095
INFO 2025-05-26 21:28:45,064 basehttp "GET /services/ HTTP/1.1" 200 14862
INFO 2025-05-26 21:28:47,704 basehttp "GET /service/54/ HTTP/1.1" 200 5930
INFO 2025-05-26 21:29:29,108 basehttp "POST /service/54/book/ HTTP/1.1" 302 0
INFO 2025-05-26 21:29:29,117 basehttp "GET /dashboard/client/ HTTP/1.1" 200 6467
INFO 2025-05-26 21:29:33,488 basehttp "GET /services/ HTTP/1.1" 200 14862
INFO 2025-05-26 21:29:37,104 basehttp "GET /service/58/ HTTP/1.1" 200 5550
INFO 2025-05-26 21:29:51,237 basehttp "GET /service/57/ HTTP/1.1" 200 6349
INFO 2025-05-26 21:30:09,974 basehttp "POST /service/57/book/ HTTP/1.1" 302 0
INFO 2025-05-26 21:30:09,985 basehttp "GET /dashboard/client/ HTTP/1.1" 200 7992
INFO 2025-05-26 21:30:20,490 basehttp "GET /promocodes/ HTTP/1.1" 200 4900
INFO 2025-05-26 21:30:38,937 basehttp "GET /set-timezone/ HTTP/1.1" 200 39440
INFO 2025-05-26 21:30:39,569 basehttp "GET /about/ HTTP/1.1" 200 4614
INFO 2025-05-26 21:30:40,399 basehttp "GET /services/ HTTP/1.1" 200 14862
INFO 2025-05-26 21:30:41,575 basehttp "GET /doctors/ HTTP/1.1" 200 11918
INFO 2025-05-26 21:30:41,614 basehttp "GET /media/doctors/2d394f680c1bf633d300eee67dd58b90.jpg HTTP/1.1" 200 24328
INFO 2025-05-26 21:30:41,622 basehttp "GET /media/doctors/360_F_118225354_9E9LrO7Y8YHqpoV7jCiSnygQAD4LyJAx.jpg HTTP/1.1" 200 25942
INFO 2025-05-26 21:30:41,632 basehttp "GET /media/doctors/Screenshot_2025-05-26_at_23.50.23.png HTTP/1.1" 200 342535
INFO 2025-05-26 21:30:41,633 basehttp "GET /media/doctors/Screenshot_2025-05-26_at_23.51.08.png HTTP/1.1" 200 289583
INFO 2025-05-26 21:30:41,638 basehttp "GET /media/doctors/Screenshot_2025-05-26_at_23.50.42.png HTTP/1.1" 200 663399
INFO 2025-05-26 21:30:41,642 basehttp "GET /media/doctors/Screenshot_2025-05-26_at_23.51.39.png HTTP/1.1" 200 945687
INFO 2025-05-26 21:30:41,645 basehttp "GET /media/employees/Screenshot_2025-05-27_at_00.07.15.png HTTP/1.1" 200 989257
INFO 2025-05-26 21:30:42,395 basehttp "GET /privacy/ HTTP/1.1" 200 5455
INFO 2025-05-26 21:30:44,006 basehttp "GET /services/ HTTP/1.1" 200 14862
INFO 2025-05-26 21:30:48,246 basehttp "GET /statistics/ HTTP/1.1" 200 7748
INFO 2025-05-26 21:30:51,196 basehttp "GET /set-timezone/ HTTP/1.1" 200 39440
INFO 2025-05-26 21:30:51,949 basehttp "GET /about/ HTTP/1.1" 200 4614
INFO 2025-05-26 21:30:52,614 basehttp "GET /services/ HTTP/1.1" 200 14862
INFO 2025-05-26 21:30:57,060 basehttp "GET /dashboard/client/ HTTP/1.1" 200 7992
INFO 2025-05-26 21:31:00,557 basehttp "GET /update-profile/ HTTP/1.1" 200 5247
INFO 2025-05-26 21:31:02,674 basehttp "GET /dashboard/client/ HTTP/1.1" 200 7992
INFO 2025-05-26 21:31:06,026 basehttp "GET /services/ HTTP/1.1" 200 14862
INFO 2025-05-26 21:31:07,739 basehttp "GET /service/59/ HTTP/1.1" 200 5784
INFO 2025-05-26 21:31:29,578 basehttp "POST /service/59/book/ HTTP/1.1" 302 0
INFO 2025-05-26 21:31:29,589 basehttp "GET /dashboard/client/ HTTP/1.1" 200 9506
INFO 2025-05-26 21:31:48,039 basehttp "GET /admin/ HTTP/1.1" 302 0
INFO 2025-05-26 21:31:48,051 basehttp "GET /admin/login/?next=/admin/ HTTP/1.1" 200 3686
INFO 2025-05-26 21:31:58,908 basehttp "POST /admin/login/?next=/admin/ HTTP/1.1" 302 0
INFO 2025-05-26 21:31:58,921 basehttp "GET /admin/ HTTP/1.1" 200 18559
INFO 2025-05-26 21:31:58,933 basehttp "GET /static/admin/img/icon-deletelink.svg HTTP/1.1" 304 0
INFO 2025-05-26 21:32:04,532 basehttp "GET /admin/core/employee/ HTTP/1.1" 200 15128
INFO 2025-05-26 21:32:04,557 basehttp "GET /admin/jsi18n/ HTTP/1.1" 200 3342
INFO 2025-05-26 21:32:07,245 basehttp "GET /admin/core/ HTTP/1.1" 200 13225
INFO 2025-05-26 21:32:14,819 basehttp "GET /admin/core/promocode/ HTTP/1.1" 200 17497
INFO 2025-05-26 21:32:14,841 basehttp "GET /admin/jsi18n/ HTTP/1.1" 200 3342
INFO 2025-05-26 21:32:17,034 basehttp "GET /admin/core/promocode/1/change/ HTTP/1.1" 200 16875
INFO 2025-05-26 21:32:17,057 basehttp "GET /admin/jsi18n/ HTTP/1.1" 200 3342
INFO 2025-05-26 21:32:22,098 basehttp "GET /static/admin/img/calendar-icons.svg HTTP/1.1" 304 0
INFO 2025-05-26 21:32:49,362 basehttp "POST /admin/core/promocode/1/change/ HTTP/1.1" 302 0
INFO 2025-05-26 21:32:49,376 basehttp "GET /admin/core/promocode/ HTTP/1.1" 200 17715
INFO 2025-05-26 21:32:49,392 basehttp "GET /admin/jsi18n/ HTTP/1.1" 200 3342
ERROR 2025-05-26 21:32:52,512 log Internal Server Error: /dashboard/client/
Traceback (most recent call last):
  File "/Users/artem/Desktop/LR5/СosmetologyCenter/venv/lib/python3.13/site-packages/django/core/handlers/exception.py", line 55, in inner
    response = get_response(request)
  File "/Users/artem/Desktop/LR5/СosmetologyCenter/venv/lib/python3.13/site-packages/django/core/handlers/base.py", line 197, in _get_response
    response = wrapped_callback(request, *callback_args, **callback_kwargs)
  File "/Users/artem/Desktop/LR5/СosmetologyCenter/venv/lib/python3.13/site-packages/django/views/generic/base.py", line 104, in view
    return self.dispatch(request, *args, **kwargs)
           ~~~~~~~~~~~~~^^^^^^^^^^^^^^^^^^^^^^^^^^
  File "/Users/artem/Desktop/LR5/СosmetologyCenter/venv/lib/python3.13/site-packages/django/contrib/auth/mixins.py", line 73, in dispatch
    return super().dispatch(request, *args, **kwargs)
           ~~~~~~~~~~~~~~~~^^^^^^^^^^^^^^^^^^^^^^^^^^
  File "/Users/artem/Desktop/LR5/СosmetologyCenter/venv/lib/python3.13/site-packages/django/views/generic/base.py", line 143, in dispatch
    return handler(request, *args, **kwargs)
  File "/Users/artem/Desktop/LR5/СosmetologyCenter/venv/lib/python3.13/site-packages/django/views/generic/base.py", line 226, in get
    context = self.get_context_data(**kwargs)
  File "/Users/artem/Desktop/LR5/СosmetologyCenter/core/views.py", line 255, in get_context_data
    client=self.request.user.client
           ^^^^^^^^^^^^^^^^^^^^^^^^
  File "/Users/artem/Desktop/LR5/СosmetologyCenter/venv/lib/python3.13/site-packages/django/utils/functional.py", line 253, in inner
    return func(_wrapped, *args)
  File "/Users/artem/Desktop/LR5/СosmetologyCenter/venv/lib/python3.13/site-packages/django/db/models/fields/related_descriptors.py", line 531, in __get__
    raise self.RelatedObjectDoesNotExist(
    ...<2 lines>...
    )
django.contrib.auth.models.User.client.RelatedObjectDoesNotExist: User has no client.
ERROR 2025-05-26 21:32:52,516 basehttp "GET /dashboard/client/ HTTP/1.1" 500 92638
ERROR 2025-05-26 21:32:54,207 log Internal Server Error: /dashboard/client/
Traceback (most recent call last):
  File "/Users/artem/Desktop/LR5/СosmetologyCenter/venv/lib/python3.13/site-packages/django/core/handlers/exception.py", line 55, in inner
    response = get_response(request)
  File "/Users/artem/Desktop/LR5/СosmetologyCenter/venv/lib/python3.13/site-packages/django/core/handlers/base.py", line 197, in _get_response
    response = wrapped_callback(request, *callback_args, **callback_kwargs)
  File "/Users/artem/Desktop/LR5/СosmetologyCenter/venv/lib/python3.13/site-packages/django/views/generic/base.py", line 104, in view
    return self.dispatch(request, *args, **kwargs)
           ~~~~~~~~~~~~~^^^^^^^^^^^^^^^^^^^^^^^^^^
  File "/Users/artem/Desktop/LR5/СosmetologyCenter/venv/lib/python3.13/site-packages/django/contrib/auth/mixins.py", line 73, in dispatch
    return super().dispatch(request, *args, **kwargs)
           ~~~~~~~~~~~~~~~~^^^^^^^^^^^^^^^^^^^^^^^^^^
  File "/Users/artem/Desktop/LR5/СosmetologyCenter/venv/lib/python3.13/site-packages/django/views/generic/base.py", line 143, in dispatch
    return handler(request, *args, **kwargs)
  File "/Users/artem/Desktop/LR5/СosmetologyCenter/venv/lib/python3.13/site-packages/django/views/generic/base.py", line 226, in get
    context = self.get_context_data(**kwargs)
  File "/Users/artem/Desktop/LR5/СosmetologyCenter/core/views.py", line 255, in get_context_data
    client=self.request.user.client
           ^^^^^^^^^^^^^^^^^^^^^^^^
  File "/Users/artem/Desktop/LR5/СosmetologyCenter/venv/lib/python3.13/site-packages/django/utils/functional.py", line 253, in inner
    return func(_wrapped, *args)
  File "/Users/artem/Desktop/LR5/СosmetologyCenter/venv/lib/python3.13/site-packages/django/db/models/fields/related_descriptors.py", line 531, in __get__
    raise self.RelatedObjectDoesNotExist(
    ...<2 lines>...
    )
django.contrib.auth.models.User.client.RelatedObjectDoesNotExist: User has no client.
ERROR 2025-05-26 21:32:54,210 basehttp "GET /dashboard/client/ HTTP/1.1" 500 92638
ERROR 2025-05-26 21:32:54,859 log Internal Server Error: /dashboard/client/
Traceback (most recent call last):
  File "/Users/artem/Desktop/LR5/СosmetologyCenter/venv/lib/python3.13/site-packages/django/core/handlers/exception.py", line 55, in inner
    response = get_response(request)
  File "/Users/artem/Desktop/LR5/СosmetologyCenter/venv/lib/python3.13/site-packages/django/core/handlers/base.py", line 197, in _get_response
    response = wrapped_callback(request, *callback_args, **callback_kwargs)
  File "/Users/artem/Desktop/LR5/СosmetologyCenter/venv/lib/python3.13/site-packages/django/views/generic/base.py", line 104, in view
    return self.dispatch(request, *args, **kwargs)
           ~~~~~~~~~~~~~^^^^^^^^^^^^^^^^^^^^^^^^^^
  File "/Users/artem/Desktop/LR5/СosmetologyCenter/venv/lib/python3.13/site-packages/django/contrib/auth/mixins.py", line 73, in dispatch
    return super().dispatch(request, *args, **kwargs)
           ~~~~~~~~~~~~~~~~^^^^^^^^^^^^^^^^^^^^^^^^^^
  File "/Users/artem/Desktop/LR5/СosmetologyCenter/venv/lib/python3.13/site-packages/django/views/generic/base.py", line 143, in dispatch
    return handler(request, *args, **kwargs)
  File "/Users/artem/Desktop/LR5/СosmetologyCenter/venv/lib/python3.13/site-packages/django/views/generic/base.py", line 226, in get
    context = self.get_context_data(**kwargs)
  File "/Users/artem/Desktop/LR5/СosmetologyCenter/core/views.py", line 255, in get_context_data
    client=self.request.user.client
           ^^^^^^^^^^^^^^^^^^^^^^^^
  File "/Users/artem/Desktop/LR5/СosmetologyCenter/venv/lib/python3.13/site-packages/django/utils/functional.py", line 253, in inner
    return func(_wrapped, *args)
  File "/Users/artem/Desktop/LR5/СosmetologyCenter/venv/lib/python3.13/site-packages/django/db/models/fields/related_descriptors.py", line 531, in __get__
    raise self.RelatedObjectDoesNotExist(
    ...<2 lines>...
    )
django.contrib.auth.models.User.client.RelatedObjectDoesNotExist: User has no client.
ERROR 2025-05-26 21:32:54,861 basehttp "GET /dashboard/client/ HTTP/1.1" 500 92638
ERROR 2025-05-26 21:32:55,358 log Internal Server Error: /dashboard/client/
Traceback (most recent call last):
  File "/Users/artem/Desktop/LR5/СosmetologyCenter/venv/lib/python3.13/site-packages/django/core/handlers/exception.py", line 55, in inner
    response = get_response(request)
  File "/Users/artem/Desktop/LR5/СosmetologyCenter/venv/lib/python3.13/site-packages/django/core/handlers/base.py", line 197, in _get_response
    response = wrapped_callback(request, *callback_args, **callback_kwargs)
  File "/Users/artem/Desktop/LR5/СosmetologyCenter/venv/lib/python3.13/site-packages/django/views/generic/base.py", line 104, in view
    return self.dispatch(request, *args, **kwargs)
           ~~~~~~~~~~~~~^^^^^^^^^^^^^^^^^^^^^^^^^^
  File "/Users/artem/Desktop/LR5/СosmetologyCenter/venv/lib/python3.13/site-packages/django/contrib/auth/mixins.py", line 73, in dispatch
    return super().dispatch(request, *args, **kwargs)
           ~~~~~~~~~~~~~~~~^^^^^^^^^^^^^^^^^^^^^^^^^^
  File "/Users/artem/Desktop/LR5/СosmetologyCenter/venv/lib/python3.13/site-packages/django/views/generic/base.py", line 143, in dispatch
    return handler(request, *args, **kwargs)
  File "/Users/artem/Desktop/LR5/СosmetologyCenter/venv/lib/python3.13/site-packages/django/views/generic/base.py", line 226, in get
    context = self.get_context_data(**kwargs)
  File "/Users/artem/Desktop/LR5/СosmetologyCenter/core/views.py", line 255, in get_context_data
    client=self.request.user.client
           ^^^^^^^^^^^^^^^^^^^^^^^^
  File "/Users/artem/Desktop/LR5/СosmetologyCenter/venv/lib/python3.13/site-packages/django/utils/functional.py", line 253, in inner
    return func(_wrapped, *args)
  File "/Users/artem/Desktop/LR5/СosmetologyCenter/venv/lib/python3.13/site-packages/django/db/models/fields/related_descriptors.py", line 531, in __get__
    raise self.RelatedObjectDoesNotExist(
    ...<2 lines>...
    )
django.contrib.auth.models.User.client.RelatedObjectDoesNotExist: User has no client.
ERROR 2025-05-26 21:32:55,359 basehttp "GET /dashboard/client/ HTTP/1.1" 500 92638
ERROR 2025-05-26 21:32:55,690 log Internal Server Error: /dashboard/client/
Traceback (most recent call last):
  File "/Users/artem/Desktop/LR5/СosmetologyCenter/venv/lib/python3.13/site-packages/django/core/handlers/exception.py", line 55, in inner
    response = get_response(request)
  File "/Users/artem/Desktop/LR5/СosmetologyCenter/venv/lib/python3.13/site-packages/django/core/handlers/base.py", line 197, in _get_response
    response = wrapped_callback(request, *callback_args, **callback_kwargs)
  File "/Users/artem/Desktop/LR5/СosmetologyCenter/venv/lib/python3.13/site-packages/django/views/generic/base.py", line 104, in view
    return self.dispatch(request, *args, **kwargs)
           ~~~~~~~~~~~~~^^^^^^^^^^^^^^^^^^^^^^^^^^
  File "/Users/artem/Desktop/LR5/СosmetologyCenter/venv/lib/python3.13/site-packages/django/contrib/auth/mixins.py", line 73, in dispatch
    return super().dispatch(request, *args, **kwargs)
           ~~~~~~~~~~~~~~~~^^^^^^^^^^^^^^^^^^^^^^^^^^
  File "/Users/artem/Desktop/LR5/СosmetologyCenter/venv/lib/python3.13/site-packages/django/views/generic/base.py", line 143, in dispatch
    return handler(request, *args, **kwargs)
  File "/Users/artem/Desktop/LR5/СosmetologyCenter/venv/lib/python3.13/site-packages/django/views/generic/base.py", line 226, in get
    context = self.get_context_data(**kwargs)
  File "/Users/artem/Desktop/LR5/СosmetologyCenter/core/views.py", line 255, in get_context_data
    client=self.request.user.client
           ^^^^^^^^^^^^^^^^^^^^^^^^
  File "/Users/artem/Desktop/LR5/СosmetologyCenter/venv/lib/python3.13/site-packages/django/utils/functional.py", line 253, in inner
    return func(_wrapped, *args)
  File "/Users/artem/Desktop/LR5/СosmetologyCenter/venv/lib/python3.13/site-packages/django/db/models/fields/related_descriptors.py", line 531, in __get__
    raise self.RelatedObjectDoesNotExist(
    ...<2 lines>...
    )
django.contrib.auth.models.User.client.RelatedObjectDoesNotExist: User has no client.
ERROR 2025-05-26 21:32:55,691 basehttp "GET /dashboard/client/ HTTP/1.1" 500 92638
ERROR 2025-05-26 21:32:56,076 log Internal Server Error: /dashboard/client/
Traceback (most recent call last):
  File "/Users/artem/Desktop/LR5/СosmetologyCenter/venv/lib/python3.13/site-packages/django/core/handlers/exception.py", line 55, in inner
    response = get_response(request)
  File "/Users/artem/Desktop/LR5/СosmetologyCenter/venv/lib/python3.13/site-packages/django/core/handlers/base.py", line 197, in _get_response
    response = wrapped_callback(request, *callback_args, **callback_kwargs)
  File "/Users/artem/Desktop/LR5/СosmetologyCenter/venv/lib/python3.13/site-packages/django/views/generic/base.py", line 104, in view
    return self.dispatch(request, *args, **kwargs)
           ~~~~~~~~~~~~~^^^^^^^^^^^^^^^^^^^^^^^^^^
  File "/Users/artem/Desktop/LR5/СosmetologyCenter/venv/lib/python3.13/site-packages/django/contrib/auth/mixins.py", line 73, in dispatch
    return super().dispatch(request, *args, **kwargs)
           ~~~~~~~~~~~~~~~~^^^^^^^^^^^^^^^^^^^^^^^^^^
  File "/Users/artem/Desktop/LR5/СosmetologyCenter/venv/lib/python3.13/site-packages/django/views/generic/base.py", line 143, in dispatch
    return handler(request, *args, **kwargs)
  File "/Users/artem/Desktop/LR5/СosmetologyCenter/venv/lib/python3.13/site-packages/django/views/generic/base.py", line 226, in get
    context = self.get_context_data(**kwargs)
  File "/Users/artem/Desktop/LR5/СosmetologyCenter/core/views.py", line 255, in get_context_data
    client=self.request.user.client
           ^^^^^^^^^^^^^^^^^^^^^^^^
  File "/Users/artem/Desktop/LR5/СosmetologyCenter/venv/lib/python3.13/site-packages/django/utils/functional.py", line 253, in inner
    return func(_wrapped, *args)
  File "/Users/artem/Desktop/LR5/СosmetologyCenter/venv/lib/python3.13/site-packages/django/db/models/fields/related_descriptors.py", line 531, in __get__
    raise self.RelatedObjectDoesNotExist(
    ...<2 lines>...
    )
django.contrib.auth.models.User.client.RelatedObjectDoesNotExist: User has no client.
ERROR 2025-05-26 21:32:56,078 basehttp "GET /dashboard/client/ HTTP/1.1" 500 92638
INFO 2025-05-26 21:33:08,410 autoreload Watching for file changes with StatReloader
DEBUG 2025-05-26 21:33:20,544 views Получение последних новостей для главной страницы
INFO 2025-05-26 21:33:20,544 views Начало формирования контекста для главной страницы
DEBUG 2025-05-26 21:33:20,546 views Запрос данных о погоде
DEBUG 2025-05-26 21:33:20,721 views Данные о погоде успешно получены
DEBUG 2025-05-26 21:33:20,721 views Запрос курсов валют
DEBUG 2025-05-26 21:33:20,896 views Данные о курсах валют успешно получены
INFO 2025-05-26 21:33:20,897 views Контекст для главной страницы успешно сформирован
INFO 2025-05-26 21:33:20,933 basehttp "GET / HTTP/1.1" 200 13336
INFO 2025-05-26 21:33:20,984 basehttp "GET /media/news/1-GettyImages-73096824-67ee7409bb789_NwYwV8X.webp HTTP/1.1" 200 23108
INFO 2025-05-26 21:33:20,986 basehttp "GET /media/news/1483444335_0-0-3840-2160_1920x0_80_0_0_d78397da469ce01dd2656c4ccb408168_dfm7Pro.jpg HTTP/1.1" 200 123825
INFO 2025-05-26 21:33:20,988 basehttp "GET /media/news/Screenshot_2025-05-26_at_16.53.50.png HTTP/1.1" 200 983608
INFO 2025-05-26 21:33:26,661 basehttp "GET /services/ HTTP/1.1" 200 14559
INFO 2025-05-26 21:33:28,288 basehttp "GET /statistics/ HTTP/1.1" 200 7445
INFO 2025-05-26 21:33:31,792 basehttp "POST /logout/ HTTP/1.1" 302 0
DEBUG 2025-05-26 21:33:31,796 views Получение последних новостей для главной страницы
INFO 2025-05-26 21:33:31,797 views Начало формирования контекста для главной страницы
DEBUG 2025-05-26 21:33:31,797 views Запрос данных о погоде
DEBUG 2025-05-26 21:33:31,797 views Данные о погоде успешно получены
DEBUG 2025-05-26 21:33:31,797 views Запрос курсов валют
DEBUG 2025-05-26 21:33:31,913 views Данные о курсах валют успешно получены
INFO 2025-05-26 21:33:31,914 views Контекст для главной страницы успешно сформирован
INFO 2025-05-26 21:33:31,922 basehttp "GET / HTTP/1.1" 200 12360
INFO 2025-05-26 21:33:34,297 basehttp "GET /accounts/login/ HTTP/1.1" 200 3149
INFO 2025-05-26 21:33:35,506 basehttp "GET /signup/ HTTP/1.1" 200 4997
INFO 2025-05-26 21:33:37,406 basehttp "GET /accounts/login/ HTTP/1.1" 200 3149
INFO 2025-05-26 21:33:52,681 basehttp "POST /accounts/login/ HTTP/1.1" 302 0
INFO 2025-05-26 21:33:52,686 basehttp "GET /dashboard/ HTTP/1.1" 302 0
INFO 2025-05-26 21:33:52,694 basehttp "GET /dashboard/client/ HTTP/1.1" 200 9506
INFO 2025-05-26 21:33:57,780 basehttp "GET /promocodes/ HTTP/1.1" 200 4900
INFO 2025-05-26 21:34:03,178 basehttp "GET /about/ HTTP/1.1" 200 4614
INFO 2025-05-26 21:34:03,904 basehttp "GET /services/ HTTP/1.1" 200 14862
INFO 2025-05-26 21:34:05,391 basehttp "GET /set-timezone/ HTTP/1.1" 200 39440
INFO 2025-05-26 21:34:06,151 basehttp "GET /services/ HTTP/1.1" 200 14862
INFO 2025-05-26 21:34:06,606 basehttp "GET /doctors/ HTTP/1.1" 200 11918
INFO 2025-05-26 21:34:06,628 basehttp "GET /media/doctors/2d394f680c1bf633d300eee67dd58b90.jpg HTTP/1.1" 200 24328
INFO 2025-05-26 21:34:06,629 basehttp "GET /media/doctors/360_F_118225354_9E9LrO7Y8YHqpoV7jCiSnygQAD4LyJAx.jpg HTTP/1.1" 200 25942
INFO 2025-05-26 21:34:06,638 basehttp "GET /media/doctors/Screenshot_2025-05-26_at_23.51.08.png HTTP/1.1" 200 289583
INFO 2025-05-26 21:34:06,641 basehttp "GET /media/doctors/Screenshot_2025-05-26_at_23.50.23.png HTTP/1.1" 200 342535
INFO 2025-05-26 21:34:06,644 basehttp "GET /media/doctors/Screenshot_2025-05-26_at_23.50.42.png HTTP/1.1" 200 663399
INFO 2025-05-26 21:34:06,649 basehttp "GET /media/doctors/Screenshot_2025-05-26_at_23.51.39.png HTTP/1.1" 200 945687
INFO 2025-05-26 21:34:06,651 basehttp "GET /media/employees/Screenshot_2025-05-27_at_00.07.15.png HTTP/1.1" 200 989257
INFO 2025-05-26 21:34:07,171 basehttp "GET /privacy/ HTTP/1.1" 200 5455
INFO 2025-05-26 21:34:07,706 basehttp "GET /promocodes/ HTTP/1.1" 200 4900
INFO 2025-05-26 21:36:20,141 basehttp "GET /services/ HTTP/1.1" 200 14862
INFO 2025-05-26 21:36:21,115 basehttp "GET /service/53/ HTTP/1.1" 200 5845
INFO 2025-05-26 21:41:08,473 basehttp "GET /dashboard/client/ HTTP/1.1" 200 9506
INFO 2025-05-26 21:41:14,866 basehttp "GET /dashboard/client/ HTTP/1.1" 200 9506
INFO 2025-05-26 21:41:15,954 basehttp "GET /dashboard/client/ HTTP/1.1" 200 9506
INFO 2025-05-26 21:41:16,599 basehttp "GET /dashboard/client/ HTTP/1.1" 200 9506
INFO 2025-05-26 21:41:17,083 basehttp "GET /dashboard/client/ HTTP/1.1" 200 9506
INFO 2025-05-26 21:41:17,516 basehttp "GET /dashboard/client/ HTTP/1.1" 200 9506
INFO 2025-05-26 21:41:17,717 basehttp "GET /dashboard/client/ HTTP/1.1" 200 9506
INFO 2025-05-26 21:41:18,000 basehttp "GET /dashboard/client/ HTTP/1.1" 200 9506
INFO 2025-05-26 21:41:18,216 basehttp "GET /dashboard/client/ HTTP/1.1" 200 9506
INFO 2025-05-26 21:41:18,416 basehttp "GET /dashboard/client/ HTTP/1.1" 200 9506
INFO 2025-05-26 21:41:27,330 basehttp "GET /update-profile/ HTTP/1.1" 200 5247
INFO 2025-05-26 21:41:31,010 basehttp "POST /logout/ HTTP/1.1" 302 0
DEBUG 2025-05-26 21:41:31,013 views Получение последних новостей для главной страницы
INFO 2025-05-26 21:41:31,013 views Начало формирования контекста для главной страницы
DEBUG 2025-05-26 21:41:31,013 views Запрос данных о погоде
DEBUG 2025-05-26 21:41:31,014 views Данные о погоде успешно получены
DEBUG 2025-05-26 21:41:31,014 views Запрос курсов валют
DEBUG 2025-05-26 21:41:31,155 views Данные о курсах валют успешно получены
INFO 2025-05-26 21:41:31,156 views Контекст для главной страницы успешно сформирован
INFO 2025-05-26 21:41:31,167 basehttp "GET / HTTP/1.1" 200 12360
INFO 2025-05-26 21:41:31,196 basehttp "GET /static/img/FotoJet%20(65)-1200.jpg.webp HTTP/1.1" 304 0
INFO 2025-05-26 21:41:31,199 basehttp "GET /media/news/1-GettyImages-73096824-67ee7409bb789_NwYwV8X.webp HTTP/1.1" 200 23108
INFO 2025-05-26 21:41:31,201 basehttp "GET /media/news/1483444335_0-0-3840-2160_1920x0_80_0_0_d78397da469ce01dd2656c4ccb408168_dfm7Pro.jpg HTTP/1.1" 200 123825
INFO 2025-05-26 21:41:31,206 basehttp "GET /media/news/Screenshot_2025-05-26_at_16.53.50.png HTTP/1.1" 200 983608
INFO 2025-05-26 21:41:32,306 basehttp "GET /accounts/login/ HTTP/1.1" 200 3149
INFO 2025-05-26 21:41:52,747 basehttp "POST /accounts/login/ HTTP/1.1" 302 0
INFO 2025-05-26 21:41:52,754 basehttp "GET /dashboard/ HTTP/1.1" 302 0
INFO 2025-05-26 21:41:52,760 basehttp "GET /dashboard/client/ HTTP/1.1" 200 9506
INFO 2025-05-26 21:43:32,647 basehttp "GET /dashboard/client/ HTTP/1.1" 200 9506
INFO 2025-05-26 21:44:48,192 basehttp "GET /set-timezone/ HTTP/1.1" 200 39440
INFO 2025-05-26 21:45:16,437 basehttp "POST /set-timezone/ HTTP/1.1" 302 0
DEBUG 2025-05-26 21:45:16,444 views Получение последних новостей для главной страницы
INFO 2025-05-26 21:45:16,444 views Начало формирования контекста для главной страницы
DEBUG 2025-05-26 21:45:16,444 views Запрос данных о погоде
DEBUG 2025-05-26 21:45:16,445 views Данные о погоде успешно получены
DEBUG 2025-05-26 21:45:16,445 views Запрос курсов валют
DEBUG 2025-05-26 21:45:16,648 views Данные о курсах валют успешно получены
INFO 2025-05-26 21:45:16,649 views Контекст для главной страницы успешно сформирован
INFO 2025-05-26 21:45:16,661 basehttp "GET / HTTP/1.1" 200 14096
INFO 2025-05-26 21:45:18,418 basehttp "GET /dashboard/client/ HTTP/1.1" 200 9506
INFO 2025-05-26 21:45:21,333 basehttp "GET /dashboard/client/ HTTP/1.1" 200 9506
INFO 2025-05-26 21:45:22,027 basehttp "GET /dashboard/client/ HTTP/1.1" 200 9506
INFO 2025-05-26 21:45:22,407 basehttp "GET /dashboard/client/ HTTP/1.1" 200 9506
INFO 2025-05-26 21:45:30,330 basehttp "GET /set-timezone/ HTTP/1.1" 200 39440
INFO 2025-05-26 21:45:32,900 basehttp "POST /set-timezone/ HTTP/1.1" 302 0
DEBUG 2025-05-26 21:45:32,905 views Получение последних новостей для главной страницы
INFO 2025-05-26 21:45:32,905 views Начало формирования контекста для главной страницы
DEBUG 2025-05-26 21:45:32,905 views Запрос данных о погоде
DEBUG 2025-05-26 21:45:32,906 views Данные о погоде успешно получены
DEBUG 2025-05-26 21:45:32,906 views Запрос курсов валют
DEBUG 2025-05-26 21:45:33,022 views Данные о курсах валют успешно получены
INFO 2025-05-26 21:45:33,022 views Контекст для главной страницы успешно сформирован
INFO 2025-05-26 21:45:33,033 basehttp "GET / HTTP/1.1" 200 14096
INFO 2025-05-26 21:45:34,648 basehttp "GET /set-timezone/ HTTP/1.1" 200 39440
INFO 2025-05-26 21:45:35,800 basehttp "POST /set-timezone/ HTTP/1.1" 302 0
DEBUG 2025-05-26 21:45:35,805 views Получение последних новостей для главной страницы
INFO 2025-05-26 21:45:35,805 views Начало формирования контекста для главной страницы
DEBUG 2025-05-26 21:45:35,805 views Запрос данных о погоде
DEBUG 2025-05-26 21:45:35,806 views Данные о погоде успешно получены
DEBUG 2025-05-26 21:45:35,806 views Запрос курсов валют
DEBUG 2025-05-26 21:45:35,912 views Данные о курсах валют успешно получены
INFO 2025-05-26 21:45:35,913 views Контекст для главной страницы успешно сформирован
INFO 2025-05-26 21:45:35,922 basehttp "GET / HTTP/1.1" 200 14096
INFO 2025-05-26 21:45:37,353 basehttp "GET /dashboard/client/ HTTP/1.1" 200 9506
INFO 2025-05-26 21:45:51,156 basehttp "GET /services/ HTTP/1.1" 200 14862
INFO 2025-05-26 21:45:55,001 basehttp "GET /service/57/ HTTP/1.1" 200 6349
INFO 2025-05-26 21:46:13,773 basehttp "POST /service/57/book/ HTTP/1.1" 302 0
INFO 2025-05-26 21:46:13,786 basehttp "GET /dashboard/client/ HTTP/1.1" 200 11031
INFO 2025-05-26 21:46:35,947 basehttp "GET /services/ HTTP/1.1" 200 14862
INFO 2025-05-26 21:46:40,301 basehttp "GET /service/55/ HTTP/1.1" 200 5768
INFO 2025-05-26 21:46:50,788 basehttp "POST /service/55/book/ HTTP/1.1" 302 0
INFO 2025-05-26 21:46:50,800 basehttp "GET /dashboard/client/ HTTP/1.1" 200 12523
INFO 2025-05-26 21:47:00,813 basehttp "GET /update-profile/ HTTP/1.1" 200 5247
INFO 2025-05-26 21:47:04,071 basehttp "GET /dashboard/client/ HTTP/1.1" 200 12523
INFO 2025-05-26 21:49:44,020 basehttp "GET /dashboard/client/ HTTP/1.1" 200 13931
INFO 2025-05-26 21:49:47,566 basehttp "GET /update-profile/ HTTP/1.1" 200 5247
INFO 2025-05-26 21:50:05,192 basehttp "GET /about/ HTTP/1.1" 200 4614
INFO 2025-05-26 21:50:40,242 basehttp "GET /statistics/ HTTP/1.1" 200 7748
INFO 2025-05-26 21:51:33,324 basehttp "GET /statistics/ HTTP/1.1" 200 7748
INFO 2025-05-26 21:51:35,097 basehttp "GET /statistics/ HTTP/1.1" 200 7748
INFO 2025-05-26 21:51:36,044 basehttp "GET /about/ HTTP/1.1" 200 5905
INFO 2025-05-26 21:51:48,959 basehttp "GET /about/ HTTP/1.1" 200 5905
INFO 2025-05-26 21:51:49,596 basehttp "GET /services/ HTTP/1.1" 200 14862
DEBUG 2025-05-26 21:52:27,243 views Получение последних новостей для главной страницы
INFO 2025-05-26 21:52:27,244 views Начало формирования контекста для главной страницы
DEBUG 2025-05-26 21:52:27,245 views Запрос данных о погоде
DEBUG 2025-05-26 21:52:27,416 views Данные о погоде успешно получены
DEBUG 2025-05-26 21:52:27,416 views Запрос курсов валют
DEBUG 2025-05-26 21:52:27,601 views Данные о курсах валют успешно получены
INFO 2025-05-26 21:52:27,602 views Контекст для главной страницы успешно сформирован
INFO 2025-05-26 21:52:27,616 basehttp "GET / HTTP/1.1" 200 13639
INFO 2025-05-26 21:52:27,650 basehttp "GET /static/img/FotoJet%20(65)-1200.jpg.webp HTTP/1.1" 304 0
INFO 2025-05-26 21:52:27,655 basehttp "GET /media/news/1-GettyImages-73096824-67ee7409bb789_NwYwV8X.webp HTTP/1.1" 200 23108
INFO 2025-05-26 21:52:27,659 basehttp "GET /media/news/1483444335_0-0-3840-2160_1920x0_80_0_0_d78397da469ce01dd2656c4ccb408168_dfm7Pro.jpg HTTP/1.1" 200 123825
INFO 2025-05-26 21:52:27,665 basehttp "GET /media/news/Screenshot_2025-05-26_at_16.53.50.png HTTP/1.1" 200 983608
INFO 2025-05-26 21:55:17,619 basehttp "GET /statistics/ HTTP/1.1" 200 7748
INFO 2025-05-26 21:55:21,487 basehttp "GET /services/ HTTP/1.1" 200 14862
INFO 2025-05-26 21:55:30,944 basehttp "GET /services/ HTTP/1.1" 200 14862
INFO 2025-05-26 21:58:08,517 basehttp "GET /services/ HTTP/1.1" 200 14862
INFO 2025-05-26 21:58:10,189 basehttp "GET /about/ HTTP/1.1" 200 5905
DEBUG 2025-05-26 21:58:11,184 views Получение последних новостей для главной страницы
INFO 2025-05-26 21:58:11,185 views Начало формирования контекста для главной страницы
DEBUG 2025-05-26 21:58:11,185 views Запрос данных о погоде
DEBUG 2025-05-26 21:58:11,186 views Данные о погоде успешно получены
DEBUG 2025-05-26 21:58:11,186 views Запрос курсов валют
DEBUG 2025-05-26 21:58:11,308 views Данные о курсах валют успешно получены
INFO 2025-05-26 21:58:11,308 views Контекст для главной страницы успешно сформирован
INFO 2025-05-26 21:58:11,316 basehttp "GET / HTTP/1.1" 200 14844
INFO 2025-05-26 21:58:22,106 basehttp "GET /news/6/ HTTP/1.1" 200 6360
INFO 2025-05-26 21:58:27,264 basehttp "GET /news/ HTTP/1.1" 200 7531
INFO 2025-05-26 21:58:32,413 basehttp "GET /about/ HTTP/1.1" 200 5905
INFO 2025-05-26 21:58:33,121 basehttp "GET /services/ HTTP/1.1" 200 14862
DEBUG 2025-05-26 21:58:33,912 views Получение последних новостей для главной страницы
INFO 2025-05-26 21:58:33,912 views Начало формирования контекста для главной страницы
DEBUG 2025-05-26 21:58:33,912 views Запрос данных о погоде
DEBUG 2025-05-26 21:58:33,913 views Данные о погоде успешно получены
DEBUG 2025-05-26 21:58:33,913 views Запрос курсов валют
DEBUG 2025-05-26 21:58:34,118 views Данные о курсах валют успешно получены
INFO 2025-05-26 21:58:34,119 views Контекст для главной страницы успешно сформирован
INFO 2025-05-26 21:58:34,130 basehttp "GET / HTTP/1.1" 200 14844
INFO 2025-05-26 21:58:38,672 basehttp "GET /news/7/ HTTP/1.1" 200 7335
INFO 2025-05-26 21:58:40,375 basehttp "GET /news/ HTTP/1.1" 200 7531
INFO 2025-05-26 21:58:52,544 basehttp "GET /news/ HTTP/1.1" 200 7531
DEBUG 2025-05-26 21:58:54,319 views Получение последних новостей для главной страницы
INFO 2025-05-26 21:58:54,319 views Начало формирования контекста для главной страницы
DEBUG 2025-05-26 21:58:54,320 views Запрос данных о погоде
DEBUG 2025-05-26 21:58:54,320 views Данные о погоде успешно получены
DEBUG 2025-05-26 21:58:54,320 views Запрос курсов валют
DEBUG 2025-05-26 21:58:54,444 views Данные о курсах валют успешно получены
INFO 2025-05-26 21:58:54,445 views Контекст для главной страницы успешно сформирован
INFO 2025-05-26 21:58:54,457 basehttp "GET / HTTP/1.1" 200 13639
INFO 2025-05-26 21:58:56,774 basehttp "GET /news/7/ HTTP/1.1" 200 7335
INFO 2025-05-26 21:58:58,488 basehttp "GET /news/ HTTP/1.1" 200 7531
INFO 2025-05-26 21:59:00,775 basehttp "GET /news/6/ HTTP/1.1" 200 6360
INFO 2025-05-26 21:59:03,639 basehttp "GET /news/ HTTP/1.1" 200 7531
INFO 2025-05-26 21:59:05,767 basehttp "GET /statistics/ HTTP/1.1" 200 7748
DEBUG 2025-05-26 21:59:07,469 views Получение последних новостей для главной страницы
INFO 2025-05-26 21:59:07,470 views Начало формирования контекста для главной страницы
DEBUG 2025-05-26 21:59:07,471 views Запрос данных о погоде
DEBUG 2025-05-26 21:59:07,471 views Данные о погоде успешно получены
DEBUG 2025-05-26 21:59:07,471 views Запрос курсов валют
DEBUG 2025-05-26 21:59:07,574 views Данные о курсах валют успешно получены
INFO 2025-05-26 21:59:07,575 views Контекст для главной страницы успешно сформирован
INFO 2025-05-26 21:59:07,585 basehttp "GET / HTTP/1.1" 200 13639
DEBUG 2025-05-26 21:59:33,142 views Получение последних новостей для главной страницы
INFO 2025-05-26 21:59:33,142 views Начало формирования контекста для главной страницы
DEBUG 2025-05-26 21:59:33,143 views Запрос данных о погоде
DEBUG 2025-05-26 21:59:33,144 views Данные о погоде успешно получены
DEBUG 2025-05-26 21:59:33,144 views Запрос курсов валют
DEBUG 2025-05-26 21:59:33,254 views Данные о курсах валют успешно получены
INFO 2025-05-26 21:59:33,255 views Контекст для главной страницы успешно сформирован
INFO 2025-05-26 21:59:33,267 basehttp "GET / HTTP/1.1" 200 14640
INFO 2025-05-26 21:59:38,013 basehttp "GET /services/ HTTP/1.1" 200 14862
INFO 2025-05-26 22:01:21,042 basehttp "GET /services/ HTTP/1.1" 200 14862
INFO 2025-05-26 22:01:22,158 basehttp "GET /services/ HTTP/1.1" 200 14862
INFO 2025-05-26 22:01:22,804 basehttp "GET /services/ HTTP/1.1" 200 14862
DEBUG 2025-05-26 22:01:24,874 views Получение последних новостей для главной страницы
INFO 2025-05-26 22:01:24,874 views Начало формирования контекста для главной страницы
DEBUG 2025-05-26 22:01:24,875 views Запрос данных о погоде
DEBUG 2025-05-26 22:01:24,875 views Данные о погоде успешно получены
DEBUG 2025-05-26 22:01:24,875 views Запрос курсов валют
DEBUG 2025-05-26 22:01:24,989 views Данные о курсах валют успешно получены
INFO 2025-05-26 22:01:24,990 views Контекст для главной страницы успешно сформирован
INFO 2025-05-26 22:01:25,003 basehttp "GET / HTTP/1.1" 200 14640
INFO 2025-05-26 22:01:25,029 basehttp "GET /static/img/FotoJet%20(65)-1200.jpg.webp HTTP/1.1" 304 0
INFO 2025-05-26 22:01:25,032 basehttp "GET /media/news/1-GettyImages-73096824-67ee7409bb789_NwYwV8X.webp HTTP/1.1" 304 0
INFO 2025-05-26 22:01:26,549 basehttp "GET /services/ HTTP/1.1" 200 14862
INFO 2025-05-26 22:01:33,668 basehttp "GET /services/?search=&order_by=name HTTP/1.1" 200 14863
INFO 2025-05-26 22:02:59,372 basehttp "GET /services/?search=&order_by=name HTTP/1.1" 200 14863
INFO 2025-05-26 22:03:03,531 basehttp "GET /services/?search=&order_by=name HTTP/1.1" 200 14863
INFO 2025-05-26 22:03:04,260 basehttp "GET /services/?search=&order_by=name HTTP/1.1" 200 14863
INFO 2025-05-26 22:03:09,394 basehttp "GET /services/?search=&order_by=name HTTP/1.1" 200 14863
INFO 2025-05-26 22:03:09,958 basehttp "GET /services/?search=&order_by=name HTTP/1.1" 200 14863
INFO 2025-05-26 22:03:16,816 basehttp "GET /services/?search=&order_by=name HTTP/1.1" 200 14863
INFO 2025-05-26 22:03:17,224 basehttp "GET /services/?search=&order_by=name HTTP/1.1" 200 14863
INFO 2025-05-26 22:04:02,363 basehttp "GET /services/?search=&order_by=name HTTP/1.1" 200 14863
INFO 2025-05-26 22:04:03,200 basehttp "GET /services/?search=&order_by=name HTTP/1.1" 200 14863
INFO 2025-05-26 22:04:07,869 basehttp "GET /service/59/ HTTP/1.1" 200 6161
INFO 2025-05-26 22:05:08,733 basehttp "GET /services/?search=&order_by=name HTTP/1.1" 200 14863
INFO 2025-05-26 22:05:09,549 basehttp "GET /services/?search=&order_by=name HTTP/1.1" 200 14863
INFO 2025-05-26 22:05:11,087 basehttp "GET /service/59/ HTTP/1.1" 200 6161
INFO 2025-05-26 22:05:23,766 basehttp "GET /statistics/ HTTP/1.1" 200 7748
INFO 2025-05-26 22:05:25,106 basehttp "GET /vacancies/ HTTP/1.1" 200 13963
INFO 2025-05-26 22:05:26,126 basehttp "GET /statistics/ HTTP/1.1" 200 7748
DEBUG 2025-05-26 22:05:31,016 views Получение последних новостей для главной страницы
INFO 2025-05-26 22:05:31,017 views Начало формирования контекста для главной страницы
DEBUG 2025-05-26 22:05:31,017 views Запрос данных о погоде
DEBUG 2025-05-26 22:05:31,017 views Данные о погоде успешно получены
DEBUG 2025-05-26 22:05:31,018 views Запрос курсов валют
DEBUG 2025-05-26 22:05:31,208 views Данные о курсах валют успешно получены
INFO 2025-05-26 22:05:31,208 views Контекст для главной страницы успешно сформирован
INFO 2025-05-26 22:05:31,221 basehttp "GET / HTTP/1.1" 200 14640
INFO 2025-05-26 22:05:36,757 basehttp "GET /about/ HTTP/1.1" 200 5905
INFO 2025-05-26 22:05:37,656 basehttp "GET /services/ HTTP/1.1" 200 14862
INFO 2025-05-26 22:05:55,490 basehttp "GET /services/ HTTP/1.1" 200 14862
INFO 2025-05-26 22:05:58,476 basehttp "GET /doctors/ HTTP/1.1" 200 11918
INFO 2025-05-26 22:05:58,514 basehttp "GET /media/doctors/2d394f680c1bf633d300eee67dd58b90.jpg HTTP/1.1" 200 24328
INFO 2025-05-26 22:05:58,514 basehttp "GET /media/doctors/360_F_118225354_9E9LrO7Y8YHqpoV7jCiSnygQAD4LyJAx.jpg HTTP/1.1" 200 25942
INFO 2025-05-26 22:05:58,524 basehttp "GET /media/doctors/Screenshot_2025-05-26_at_23.51.08.png HTTP/1.1" 200 289583
INFO 2025-05-26 22:05:58,531 basehttp "GET /media/doctors/Screenshot_2025-05-26_at_23.50.23.png HTTP/1.1" 200 342535
INFO 2025-05-26 22:05:58,536 basehttp "GET /media/doctors/Screenshot_2025-05-26_at_23.50.42.png HTTP/1.1" 200 663399
INFO 2025-05-26 22:05:58,538 basehttp "GET /media/doctors/Screenshot_2025-05-26_at_23.51.39.png HTTP/1.1" 200 945687
INFO 2025-05-26 22:05:58,540 basehttp "GET /media/employees/Screenshot_2025-05-27_at_00.07.15.png HTTP/1.1" 200 989257
INFO 2025-05-26 22:06:19,820 basehttp "GET /services/ HTTP/1.1" 200 14862
INFO 2025-05-26 22:06:20,412 basehttp "GET /about/ HTTP/1.1" 200 5905
DEBUG 2025-05-26 22:06:21,617 views Получение последних новостей для главной страницы
INFO 2025-05-26 22:06:21,618 views Начало формирования контекста для главной страницы
DEBUG 2025-05-26 22:06:21,618 views Запрос данных о погоде
DEBUG 2025-05-26 22:06:21,619 views Данные о погоде успешно получены
DEBUG 2025-05-26 22:06:21,619 views Запрос курсов валют
DEBUG 2025-05-26 22:06:21,731 views Данные о курсах валют успешно получены
INFO 2025-05-26 22:06:21,731 views Контекст для главной страницы успешно сформирован
INFO 2025-05-26 22:06:21,741 basehttp "GET / HTTP/1.1" 200 14640
INFO 2025-05-26 22:06:38,625 basehttp "POST / HTTP/1.1" 302 0
DEBUG 2025-05-26 22:06:38,629 views Получение последних новостей для главной страницы
INFO 2025-05-26 22:06:38,630 views Начало формирования контекста для главной страницы
DEBUG 2025-05-26 22:06:38,630 views Запрос данных о погоде
DEBUG 2025-05-26 22:06:38,630 views Данные о погоде успешно получены
DEBUG 2025-05-26 22:06:38,630 views Запрос курсов валют
DEBUG 2025-05-26 22:06:38,746 views Данные о курсах валют успешно получены
INFO 2025-05-26 22:06:38,746 views Контекст для главной страницы успешно сформирован
INFO 2025-05-26 22:06:38,759 basehttp "GET / HTTP/1.1" 200 15994
DEBUG 2025-05-26 22:06:40,599 views Получение последних новостей для главной страницы
INFO 2025-05-26 22:06:40,600 views Начало формирования контекста для главной страницы
DEBUG 2025-05-26 22:06:40,600 views Запрос данных о погоде
DEBUG 2025-05-26 22:06:40,601 views Данные о погоде успешно получены
DEBUG 2025-05-26 22:06:40,601 views Запрос курсов валют
DEBUG 2025-05-26 22:06:40,719 views Данные о курсах валют успешно получены
INFO 2025-05-26 22:06:40,719 views Контекст для главной страницы успешно сформирован
INFO 2025-05-26 22:06:40,730 basehttp "GET / HTTP/1.1" 200 15512
INFO 2025-05-26 22:06:47,663 basehttp "GET /dashboard/client/ HTTP/1.1" 200 13931
INFO 2025-05-26 22:06:51,897 basehttp "GET /update-profile/ HTTP/1.1" 200 5247
INFO 2025-05-26 22:07:00,742 basehttp "GET /promocodes/ HTTP/1.1" 200 4900
INFO 2025-05-26 22:07:05,073 basehttp "GET /set-timezone/ HTTP/1.1" 200 39440
INFO 2025-05-26 22:07:05,759 basehttp "GET /about/ HTTP/1.1" 200 5905
INFO 2025-05-26 22:07:41,248 basehttp "GET /about/ HTTP/1.1" 200 5905
INFO 2025-05-26 22:07:42,053 basehttp "GET /services/ HTTP/1.1" 200 14862
INFO 2025-05-26 22:07:42,803 basehttp "GET /doctors/ HTTP/1.1" 200 11918
INFO 2025-05-26 22:10:19,859 basehttp "GET /doctors/ HTTP/1.1" 200 11918
INFO 2025-05-26 22:10:20,938 basehttp "GET /doctors/ HTTP/1.1" 200 11918
INFO 2025-05-26 22:10:22,099 basehttp "GET /doctors/ HTTP/1.1" 200 11918
INFO 2025-05-26 22:10:25,913 basehttp "GET /doctors/1/ HTTP/1.1" 200 7516
INFO 2025-05-26 22:10:58,010 basehttp "GET /doctors/ HTTP/1.1" 200 12726
INFO 2025-05-26 22:10:59,582 basehttp "GET /doctors/ HTTP/1.1" 200 12726
INFO 2025-05-26 22:11:10,219 basehttp "GET /doctors/2/ HTTP/1.1" 200 7573
INFO 2025-05-26 22:12:27,161 basehttp "GET /doctors/ HTTP/1.1" 200 12726
INFO 2025-05-26 22:12:27,179 basehttp "GET /media/employees/Screenshot_2025-05-27_at_00.07.15.png HTTP/1.1" 304 0
INFO 2025-05-26 22:12:28,000 basehttp "GET /doctors/ HTTP/1.1" 200 12726
INFO 2025-05-26 22:12:30,638 basehttp "GET /doctors/1/ HTTP/1.1" 200 8298
INFO 2025-05-26 22:12:46,700 basehttp "GET /about/ HTTP/1.1" 200 5905
INFO 2025-05-26 22:12:47,518 basehttp "GET /services/ HTTP/1.1" 200 14862
INFO 2025-05-26 22:12:49,250 basehttp "GET /privacy/ HTTP/1.1" 200 5455
INFO 2025-05-26 22:13:23,915 basehttp "GET /services/ HTTP/1.1" 200 14862
INFO 2025-05-26 22:13:24,562 basehttp "GET /doctors/ HTTP/1.1" 200 12726
INFO 2025-05-26 22:13:24,578 basehttp "GET /media/doctors/Screenshot_2025-05-26_at_23.51.39.png HTTP/1.1" 304 0
INFO 2025-05-26 22:13:24,581 basehttp "GET /media/doctors/Screenshot_2025-05-26_at_23.51.08.png HTTP/1.1" 304 0
INFO 2025-05-26 22:13:24,582 basehttp "GET /media/doctors/Screenshot_2025-05-26_at_23.50.42.png HTTP/1.1" 304 0
INFO 2025-05-26 22:13:24,583 basehttp "GET /media/doctors/Screenshot_2025-05-26_at_23.50.23.png HTTP/1.1" 304 0
INFO 2025-05-26 22:13:33,041 basehttp "GET /promocodes/ HTTP/1.1" 200 4900
INFO 2025-05-26 22:13:33,057 basehttp "GET /static/css/style.css HTTP/1.1" 200 1944
INFO 2025-05-26 22:13:34,506 basehttp "GET /doctors/ HTTP/1.1" 200 12726
INFO 2025-05-26 22:13:36,404 basehttp "GET /about/ HTTP/1.1" 200 5905
INFO 2025-05-26 22:13:37,388 basehttp "GET /services/ HTTP/1.1" 200 14862
DEBUG 2025-05-26 22:13:38,348 views Получение последних новостей для главной страницы
INFO 2025-05-26 22:13:38,348 views Начало формирования контекста для главной страницы
DEBUG 2025-05-26 22:13:38,349 views Запрос данных о погоде
DEBUG 2025-05-26 22:13:38,485 views Данные о погоде успешно получены
DEBUG 2025-05-26 22:13:38,485 views Запрос курсов валют
DEBUG 2025-05-26 22:13:38,760 views Данные о курсах валют успешно получены
INFO 2025-05-26 22:13:38,760 views Контекст для главной страницы успешно сформирован
INFO 2025-05-26 22:13:38,776 basehttp "GET / HTTP/1.1" 200 15512
INFO 2025-05-26 22:13:38,804 basehttp "GET /static/img/FotoJet%20(65)-1200.jpg.webp HTTP/1.1" 304 0
INFO 2025-05-26 22:13:38,806 basehttp "GET /media/news/1-GettyImages-73096824-67ee7409bb789_NwYwV8X.webp HTTP/1.1" 304 0
INFO 2025-05-26 22:13:51,940 basehttp "GET /services/ HTTP/1.1" 200 14862
INFO 2025-05-26 22:13:53,473 basehttp "GET /service/53/ HTTP/1.1" 200 6222
INFO 2025-05-26 22:13:57,057 basehttp "GET /doctors/ HTTP/1.1" 200 12726
INFO 2025-05-26 22:13:57,078 basehttp "GET /media/doctors/360_F_118225354_9E9LrO7Y8YHqpoV7jCiSnygQAD4LyJAx.jpg HTTP/1.1" 304 0
INFO 2025-05-26 22:14:00,769 basehttp "GET /privacy/ HTTP/1.1" 200 5455
INFO 2025-05-26 22:14:59,062 basehttp "GET /privacy/ HTTP/1.1" 200 5720
INFO 2025-05-26 22:14:59,077 basehttp "GET /static/css/style.css HTTP/1.1" 304 0
DEBUG 2025-05-26 22:15:04,138 views Получение последних новостей для главной страницы
INFO 2025-05-26 22:15:04,138 views Начало формирования контекста для главной страницы
DEBUG 2025-05-26 22:15:04,139 views Запрос данных о погоде
DEBUG 2025-05-26 22:15:04,140 views Данные о погоде успешно получены
DEBUG 2025-05-26 22:15:04,140 views Запрос курсов валют
DEBUG 2025-05-26 22:15:04,268 views Данные о курсах валют успешно получены
INFO 2025-05-26 22:15:04,269 views Контекст для главной страницы успешно сформирован
INFO 2025-05-26 22:15:04,280 basehttp "GET / HTTP/1.1" 200 15512
INFO 2025-05-26 22:15:20,363 basehttp "GET /about/ HTTP/1.1" 200 5905
INFO 2025-05-26 22:15:23,795 basehttp "GET /services/ HTTP/1.1" 200 14862
INFO 2025-05-26 22:15:25,492 basehttp "GET /service/53/ HTTP/1.1" 200 6222
INFO 2025-05-26 22:15:32,696 basehttp "GET /doctors/ HTTP/1.1" 200 12726
INFO 2025-05-26 22:15:32,717 basehttp "GET /media/doctors/2d394f680c1bf633d300eee67dd58b90.jpg HTTP/1.1" 304 0
INFO 2025-05-26 22:15:33,996 basehttp "GET /services/ HTTP/1.1" 200 14862
INFO 2025-05-26 22:15:34,752 basehttp "GET /privacy/ HTTP/1.1" 200 5720
INFO 2025-05-26 22:15:35,695 basehttp "GET /promocodes/ HTTP/1.1" 200 4900
INFO 2025-05-26 22:16:17,183 basehttp "GET /promocodes/ HTTP/1.1" 200 5543
INFO 2025-05-26 22:16:17,201 basehttp "GET /static/css/style.css HTTP/1.1" 304 0
INFO 2025-05-26 22:16:41,259 basehttp "GET /promocodes/ HTTP/1.1" 200 4900
INFO 2025-05-26 22:16:47,090 basehttp "GET /statistics/ HTTP/1.1" 200 7748
INFO 2025-05-26 22:16:49,295 basehttp "GET /about/ HTTP/1.1" 200 5905
DEBUG 2025-05-26 22:16:56,171 views Получение последних новостей для главной страницы
INFO 2025-05-26 22:16:56,172 views Начало формирования контекста для главной страницы
DEBUG 2025-05-26 22:16:56,173 views Запрос данных о погоде
DEBUG 2025-05-26 22:16:56,173 views Данные о погоде успешно получены
DEBUG 2025-05-26 22:16:56,173 views Запрос курсов валют
DEBUG 2025-05-26 22:16:56,356 views Данные о курсах валют успешно получены
INFO 2025-05-26 22:16:56,357 views Контекст для главной страницы успешно сформирован
INFO 2025-05-26 22:16:56,371 basehttp "GET / HTTP/1.1" 200 15512
INFO 2025-05-26 22:17:04,510 basehttp "GET /about/ HTTP/1.1" 200 5905
INFO 2025-05-26 22:17:06,813 basehttp "GET /services/ HTTP/1.1" 200 14862
INFO 2025-05-26 22:17:18,433 basehttp "GET /admin/core/ HTTP/1.1" 302 0
INFO 2025-05-26 22:17:18,447 basehttp "GET /admin/login/?next=/admin/core/ HTTP/1.1" 200 3700
INFO 2025-05-26 22:17:34,865 basehttp "POST /admin/login/?next=/admin/core/ HTTP/1.1" 302 0
INFO 2025-05-26 22:17:34,878 basehttp "GET /admin/core/ HTTP/1.1" 200 13225
INFO 2025-05-26 22:17:38,844 basehttp "GET /admin/core/client/ HTTP/1.1" 200 15805
INFO 2025-05-26 22:17:38,869 basehttp "GET /admin/jsi18n/ HTTP/1.1" 200 3342
WARNING 2025-05-26 22:17:47,710 log Forbidden (CSRF token from POST incorrect.): /logout/
WARNING 2025-05-26 22:17:47,711 basehttp "POST /logout/ HTTP/1.1" 403 2503
WARNING 2025-05-26 22:17:51,487 log Forbidden (CSRF token from POST incorrect.): /logout/
WARNING 2025-05-26 22:17:51,487 basehttp "POST /logout/ HTTP/1.1" 403 2503
WARNING 2025-05-26 22:18:12,294 log Forbidden (CSRF token from POST incorrect.): /logout/
WARNING 2025-05-26 22:18:12,296 basehttp "POST /logout/ HTTP/1.1" 403 2503
INFO 2025-05-26 22:18:55,002 autoreload Watching for file changes with StatReloader
DEBUG 2025-05-26 22:19:04,625 views Получение последних новостей для главной страницы
INFO 2025-05-26 22:19:04,626 views Начало формирования контекста для главной страницы
DEBUG 2025-05-26 22:19:04,626 views Запрос данных о погоде
DEBUG 2025-05-26 22:19:04,823 views Данные о погоде успешно получены
DEBUG 2025-05-26 22:19:04,823 views Запрос курсов валют
DEBUG 2025-05-26 22:19:04,929 views Данные о курсах валют успешно получены
INFO 2025-05-26 22:19:04,930 views Контекст для главной страницы успешно сформирован
INFO 2025-05-26 22:19:04,964 basehttp "GET / HTTP/1.1" 200 15313
INFO 2025-05-26 22:19:04,995 basehttp "GET /static/css/style.css HTTP/1.1" 304 0
INFO 2025-05-26 22:19:05,009 basehttp "GET /media/news/1-GettyImages-73096824-67ee7409bb789_NwYwV8X.webp HTTP/1.1" 200 23108
INFO 2025-05-26 22:19:05,011 basehttp "GET /media/news/1483444335_0-0-3840-2160_1920x0_80_0_0_d78397da469ce01dd2656c4ccb408168_dfm7Pro.jpg HTTP/1.1" 200 123825
INFO 2025-05-26 22:19:05,014 basehttp "GET /media/news/Screenshot_2025-05-26_at_16.53.50.png HTTP/1.1" 200 983608
INFO 2025-05-26 22:19:08,263 basehttp "POST /logout/ HTTP/1.1" 302 0
DEBUG 2025-05-26 22:19:08,266 views Получение последних новостей для главной страницы
INFO 2025-05-26 22:19:08,266 views Начало формирования контекста для главной страницы
DEBUG 2025-05-26 22:19:08,267 views Запрос данных о погоде
DEBUG 2025-05-26 22:19:08,267 views Данные о погоде успешно получены
DEBUG 2025-05-26 22:19:08,267 views Запрос курсов валют
DEBUG 2025-05-26 22:19:08,455 views Данные о курсах валют успешно получены
INFO 2025-05-26 22:19:08,455 views Контекст для главной страницы успешно сформирован
INFO 2025-05-26 22:19:08,464 basehttp "GET / HTTP/1.1" 200 14233
INFO 2025-05-26 22:19:09,932 basehttp "GET /accounts/login/ HTTP/1.1" 200 3149
INFO 2025-05-26 22:19:12,723 basehttp "GET /signup/ HTTP/1.1" 200 4997
INFO 2025-05-26 22:19:16,867 basehttp "GET /accounts/login/ HTTP/1.1" 200 3149
INFO 2025-05-26 22:19:43,178 basehttp "POST /accounts/login/ HTTP/1.1" 302 0
INFO 2025-05-26 22:19:43,185 basehttp "GET /dashboard/ HTTP/1.1" 302 0
INFO 2025-05-26 22:19:43,193 basehttp "GET /dashboard/client/ HTTP/1.1" 200 13931
INFO 2025-05-26 22:19:48,576 basehttp "GET /set-timezone/ HTTP/1.1" 200 39440
INFO 2025-05-26 22:19:59,301 basehttp "POST /set-timezone/ HTTP/1.1" 302 0
DEBUG 2025-05-26 22:19:59,307 views Получение последних новостей для главной страницы
INFO 2025-05-26 22:19:59,307 views Начало формирования контекста для главной страницы
DEBUG 2025-05-26 22:19:59,307 views Запрос данных о погоде
DEBUG 2025-05-26 22:19:59,307 views Данные о погоде успешно получены
DEBUG 2025-05-26 22:19:59,307 views Запрос курсов валют
DEBUG 2025-05-26 22:19:59,435 views Данные о курсах валют успешно получены
INFO 2025-05-26 22:19:59,435 views Контекст для главной страницы успешно сформирован
INFO 2025-05-26 22:19:59,448 basehttp "GET / HTTP/1.1" 200 15999
INFO 2025-05-26 22:20:14,222 basehttp "GET /statistics/ HTTP/1.1" 200 7748
INFO 2025-05-26 22:20:15,668 basehttp "GET /vacancies/ HTTP/1.1" 200 13963
INFO 2025-05-26 22:20:17,301 basehttp "GET /promocodes/ HTTP/1.1" 200 4900
INFO 2025-05-26 22:20:17,974 basehttp "GET /privacy/ HTTP/1.1" 200 5720
INFO 2025-05-26 22:20:19,139 basehttp "GET /doctors/ HTTP/1.1" 200 12726
INFO 2025-05-26 22:20:19,172 basehttp "GET /media/doctors/2d394f680c1bf633d300eee67dd58b90.jpg HTTP/1.1" 200 24328
INFO 2025-05-26 22:20:19,173 basehttp "GET /media/doctors/360_F_118225354_9E9LrO7Y8YHqpoV7jCiSnygQAD4LyJAx.jpg HTTP/1.1" 200 25942
INFO 2025-05-26 22:20:19,186 basehttp "GET /media/doctors/Screenshot_2025-05-26_at_23.51.08.png HTTP/1.1" 200 289583
INFO 2025-05-26 22:20:19,195 basehttp "GET /media/doctors/Screenshot_2025-05-26_at_23.50.23.png HTTP/1.1" 200 342535
INFO 2025-05-26 22:20:19,202 basehttp "GET /media/doctors/Screenshot_2025-05-26_at_23.50.42.png HTTP/1.1" 200 663399
INFO 2025-05-26 22:20:19,207 basehttp "GET /media/doctors/Screenshot_2025-05-26_at_23.51.39.png HTTP/1.1" 200 945687
INFO 2025-05-26 22:20:19,213 basehttp "GET /media/employees/Screenshot_2025-05-27_at_00.07.15.png HTTP/1.1" 200 989257
INFO 2025-05-26 22:20:20,138 basehttp "GET /services/ HTTP/1.1" 200 14862
INFO 2025-05-26 22:20:22,621 basehttp "GET /dashboard/client/ HTTP/1.1" 200 13931
INFO 2025-05-26 22:20:31,454 basehttp "GET /dashboard/client/ HTTP/1.1" 200 13931
INFO 2025-05-26 22:20:31,467 basehttp "GET /static/css/style.css HTTP/1.1" 304 0
INFO 2025-05-26 22:20:32,566 basehttp "GET /dashboard/client/ HTTP/1.1" 200 13931
INFO 2025-05-26 22:20:33,160 basehttp "GET /dashboard/client/ HTTP/1.1" 200 13931
INFO 2025-05-26 22:20:33,492 basehttp "GET /dashboard/client/ HTTP/1.1" 200 13931
INFO 2025-05-26 22:20:40,719 basehttp "GET /dashboard/client/ HTTP/1.1" 200 13931
INFO 2025-05-26 22:20:41,310 basehttp "GET /dashboard/client/ HTTP/1.1" 200 13931
INFO 2025-05-26 22:20:41,733 basehttp "GET /dashboard/client/ HTTP/1.1" 200 13931
INFO 2025-05-26 22:20:42,176 basehttp "GET /dashboard/client/ HTTP/1.1" 200 13931
INFO 2025-05-26 22:20:42,793 basehttp "GET /dashboard/client/ HTTP/1.1" 200 13931
INFO 2025-05-26 22:20:43,561 basehttp "GET /dashboard/client/ HTTP/1.1" 200 13931
INFO 2025-05-26 22:20:48,387 basehttp "GET /dashboard/client/ HTTP/1.1" 200 13931
INFO 2025-05-26 22:20:49,788 basehttp "GET /dashboard/client/ HTTP/1.1" 200 13931
INFO 2025-05-26 22:20:51,650 basehttp "POST /logout/ HTTP/1.1" 302 0
DEBUG 2025-05-26 22:20:51,653 views Получение последних новостей для главной страницы
INFO 2025-05-26 22:20:51,653 views Начало формирования контекста для главной страницы
DEBUG 2025-05-26 22:20:51,654 views Запрос данных о погоде
DEBUG 2025-05-26 22:20:51,654 views Данные о погоде успешно получены
DEBUG 2025-05-26 22:20:51,654 views Запрос курсов валют
DEBUG 2025-05-26 22:20:51,764 views Данные о курсах валют успешно получены
INFO 2025-05-26 22:20:51,764 views Контекст для главной страницы успешно сформирован
INFO 2025-05-26 22:20:51,774 basehttp "GET / HTTP/1.1" 200 14233
INFO 2025-05-26 22:20:51,799 basehttp "GET /media/news/1-GettyImages-73096824-67ee7409bb789_NwYwV8X.webp HTTP/1.1" 200 23108
INFO 2025-05-26 22:20:51,802 basehttp "GET /media/news/1483444335_0-0-3840-2160_1920x0_80_0_0_d78397da469ce01dd2656c4ccb408168_dfm7Pro.jpg HTTP/1.1" 200 123825
INFO 2025-05-26 22:20:51,807 basehttp "GET /media/news/Screenshot_2025-05-26_at_16.53.50.png HTTP/1.1" 200 983608
INFO 2025-05-26 22:20:54,262 basehttp "GET /accounts/login/ HTTP/1.1" 200 3149
INFO 2025-05-26 22:21:00,795 basehttp "GET /signup/ HTTP/1.1" 200 4997
INFO 2025-05-26 22:22:37,845 basehttp "POST /signup/ HTTP/1.1" 200 5345
INFO 2025-05-26 22:22:37,858 basehttp "GET /static/css/style.css HTTP/1.1" 304 0
INFO 2025-05-26 22:23:01,356 basehttp "POST /signup/ HTTP/1.1" 302 0
INFO 2025-05-26 22:23:01,361 basehttp "GET /dashboard/ HTTP/1.1" 302 0
DEBUG 2025-05-26 22:23:01,364 views Получение последних новостей для главной страницы
INFO 2025-05-26 22:23:01,364 views Начало формирования контекста для главной страницы
DEBUG 2025-05-26 22:23:01,364 views Запрос данных о погоде
DEBUG 2025-05-26 22:23:01,364 views Данные о погоде успешно получены
DEBUG 2025-05-26 22:23:01,364 views Запрос курсов валют
DEBUG 2025-05-26 22:23:01,469 views Данные о курсах валют успешно получены
INFO 2025-05-26 22:23:01,469 views Контекст для главной страницы успешно сформирован
INFO 2025-05-26 22:23:01,475 basehttp "GET / HTTP/1.1" 200 14233
INFO 2025-05-26 22:23:05,210 basehttp "GET /statistics/ HTTP/1.1" 200 6774
INFO 2025-05-26 22:23:13,071 basehttp "GET /services/ HTTP/1.1" 200 13583
INFO 2025-05-26 22:23:16,922 basehttp "GET /vacancies/ HTTP/1.1" 200 12684
INFO 2025-05-26 22:23:17,918 basehttp "GET /promocodes/ HTTP/1.1" 200 3621
INFO 2025-05-26 22:23:18,591 basehttp "GET /privacy/ HTTP/1.1" 200 4441
INFO 2025-05-26 22:23:19,370 basehttp "GET /doctors/ HTTP/1.1" 200 11447
INFO 2025-05-26 22:23:19,396 basehttp "GET /media/doctors/2d394f680c1bf633d300eee67dd58b90.jpg HTTP/1.1" 200 24328
INFO 2025-05-26 22:23:19,401 basehttp "GET /media/doctors/360_F_118225354_9E9LrO7Y8YHqpoV7jCiSnygQAD4LyJAx.jpg HTTP/1.1" 200 25942
INFO 2025-05-26 22:23:19,419 basehttp "GET /media/doctors/Screenshot_2025-05-26_at_23.51.08.png HTTP/1.1" 200 289583
INFO 2025-05-26 22:23:19,421 basehttp "GET /media/doctors/Screenshot_2025-05-26_at_23.50.23.png HTTP/1.1" 200 342535
INFO 2025-05-26 22:23:19,428 basehttp "GET /media/doctors/Screenshot_2025-05-26_at_23.51.39.png HTTP/1.1" 200 945687
INFO 2025-05-26 22:23:19,431 basehttp "GET /media/doctors/Screenshot_2025-05-26_at_23.50.42.png HTTP/1.1" 200 663399
INFO 2025-05-26 22:23:19,431 basehttp "GET /media/employees/Screenshot_2025-05-27_at_00.07.15.png HTTP/1.1" 200 989257
INFO 2025-05-26 22:23:21,453 basehttp "GET /services/ HTTP/1.1" 200 13583
INFO 2025-05-26 22:23:24,053 basehttp "GET /service/53/ HTTP/1.1" 200 4943
INFO 2025-05-26 22:23:45,001 basehttp "POST /service/53/book/ HTTP/1.1" 302 0
INFO 2025-05-26 22:23:45,008 basehttp "GET /accounts/login/?next=/service/53/book/ HTTP/1.1" 200 3149
INFO 2025-05-26 22:24:17,308 basehttp "POST /accounts/login/?next=/service/53/book/ HTTP/1.1" 302 0
INFO 2025-05-26 22:24:17,316 basehttp "GET /service/53/book/ HTTP/1.1" 200 4398
WARNING 2025-05-26 22:24:31,029 log Not Found: /service/53/book/
WARNING 2025-05-26 22:24:31,030 basehttp "POST /service/53/book/ HTTP/1.1" 404 9278
WARNING 2025-05-26 22:24:41,038 log Not Found: /service/53/book/
WARNING 2025-05-26 22:24:41,039 basehttp "POST /service/53/book/ HTTP/1.1" 404 9278
WARNING 2025-05-26 22:24:44,826 log Not Found: /service/53/book/
WARNING 2025-05-26 22:24:44,826 basehttp "POST /service/53/book/ HTTP/1.1" 404 9278
WARNING 2025-05-26 22:24:48,228 log Not Found: /service/53/book/
WARNING 2025-05-26 22:24:48,228 basehttp "POST /service/53/book/ HTTP/1.1" 404 9278
INFO 2025-05-26 22:24:52,305 basehttp "GET /accounts/login/?next=/service/53/book/ HTTP/1.1" 302 0
INFO 2025-05-26 22:24:56,136 basehttp "GET /accounts/login/ HTTP/1.1" 302 0
INFO 2025-05-26 22:24:56,144 basehttp "GET /dashboard/ HTTP/1.1" 302 0
INFO 2025-05-26 22:24:56,152 basehttp "GET /dashboard/client/ HTTP/1.1" 200 5418
INFO 2025-05-26 22:24:56,166 basehttp "GET /static/css/style.css HTTP/1.1" 304 0
INFO 2025-05-26 22:24:59,822 basehttp "GET /dashboard/client/ HTTP/1.1" 200 5418
INFO 2025-05-26 22:25:00,605 basehttp "GET /dashboard/client/ HTTP/1.1" 200 5418
INFO 2025-05-26 22:25:01,622 basehttp "GET /dashboard/client/ HTTP/1.1" 200 5418
INFO 2025-05-26 22:25:03,844 basehttp "GET /vacancies/ HTTP/1.1" 200 13967
INFO 2025-05-26 22:25:04,540 basehttp "GET /statistics/ HTTP/1.1" 200 8057
INFO 2025-05-26 22:25:06,373 basehttp "GET /dashboard/client/ HTTP/1.1" 200 5418
INFO 2025-05-26 22:25:07,411 basehttp "GET /services/ HTTP/1.1" 200 14866
INFO 2025-05-26 22:25:09,458 basehttp "GET /service/53/ HTTP/1.1" 200 6226
INFO 2025-05-26 22:25:17,279 basehttp "POST /service/53/book/ HTTP/1.1" 302 0
INFO 2025-05-26 22:25:17,288 basehttp "GET /dashboard/client/ HTTP/1.1" 200 7018
INFO 2025-05-26 22:25:22,078 basehttp "GET /services/ HTTP/1.1" 200 14866
INFO 2025-05-26 22:25:23,912 basehttp "GET /service/55/ HTTP/1.1" 200 6149
INFO 2025-05-26 22:25:25,023 basehttp "GET /set-timezone/ HTTP/1.1" 200 39444
INFO 2025-05-26 22:25:36,394 basehttp "POST /set-timezone/ HTTP/1.1" 302 0
DEBUG 2025-05-26 22:25:36,400 views Получение последних новостей для главной страницы
INFO 2025-05-26 22:25:36,400 views Начало формирования контекста для главной страницы
DEBUG 2025-05-26 22:25:36,401 views Запрос данных о погоде
DEBUG 2025-05-26 22:25:36,401 views Данные о погоде успешно получены
DEBUG 2025-05-26 22:25:36,401 views Запрос курсов валют
DEBUG 2025-05-26 22:25:36,514 views Данные о курсах валют успешно получены
INFO 2025-05-26 22:25:36,514 views Контекст для главной страницы успешно сформирован
INFO 2025-05-26 22:25:36,526 basehttp "GET / HTTP/1.1" 200 16003
INFO 2025-05-26 22:25:36,554 basehttp "GET /static/img/FotoJet%20(65)-1200.jpg.webp HTTP/1.1" 304 0
INFO 2025-05-26 22:25:36,561 basehttp "GET /media/news/1-GettyImages-73096824-67ee7409bb789_NwYwV8X.webp HTTP/1.1" 200 23108
INFO 2025-05-26 22:25:36,565 basehttp "GET /media/news/1483444335_0-0-3840-2160_1920x0_80_0_0_d78397da469ce01dd2656c4ccb408168_dfm7Pro.jpg HTTP/1.1" 200 123825
INFO 2025-05-26 22:25:36,570 basehttp "GET /media/news/Screenshot_2025-05-26_at_16.53.50.png HTTP/1.1" 200 983608
INFO 2025-05-26 22:25:39,597 basehttp "GET /dashboard/client/ HTTP/1.1" 200 7018
INFO 2025-05-26 22:25:42,866 basehttp "GET /services/ HTTP/1.1" 200 14866
INFO 2025-05-26 22:25:43,906 basehttp "GET /set-timezone/ HTTP/1.1" 200 39444
INFO 2025-05-26 22:25:45,264 basehttp "GET /services/ HTTP/1.1" 200 14866
INFO 2025-05-26 22:25:47,110 basehttp "GET /service/55/ HTTP/1.1" 200 6149
INFO 2025-05-26 22:26:01,463 basehttp "POST /service/55/book/ HTTP/1.1" 302 0
INFO 2025-05-26 22:26:01,473 basehttp "GET /dashboard/client/ HTTP/1.1" 200 8728
INFO 2025-05-26 22:26:21,026 basehttp "GET /set-timezone/ HTTP/1.1" 200 39444
INFO 2025-05-26 22:26:26,188 basehttp "GET /vacancies/ HTTP/1.1" 200 13967
INFO 2025-05-26 22:26:26,951 basehttp "GET /promocodes/ HTTP/1.1" 200 4904
INFO 2025-05-26 22:26:29,884 basehttp "GET /statistics/ HTTP/1.1" 200 8057
INFO 2025-05-26 22:26:36,232 basehttp "GET /services/ HTTP/1.1" 200 14866
INFO 2025-05-26 22:26:37,515 basehttp "GET /dashboard/client/ HTTP/1.1" 200 8728
INFO 2025-05-26 22:26:45,079 basehttp "POST /logout/ HTTP/1.1" 302 0
DEBUG 2025-05-26 22:26:45,082 views Получение последних новостей для главной страницы
INFO 2025-05-26 22:26:45,082 views Начало формирования контекста для главной страницы
DEBUG 2025-05-26 22:26:45,082 views Запрос данных о погоде
DEBUG 2025-05-26 22:26:45,082 views Данные о погоде успешно получены
DEBUG 2025-05-26 22:26:45,083 views Запрос курсов валют
DEBUG 2025-05-26 22:26:45,224 views Данные о курсах валют успешно получены
INFO 2025-05-26 22:26:45,224 views Контекст для главной страницы успешно сформирован
INFO 2025-05-26 22:26:45,232 basehttp "GET / HTTP/1.1" 200 14233
INFO 2025-05-26 22:26:45,253 basehttp "GET /media/news/1-GettyImages-73096824-67ee7409bb789_NwYwV8X.webp HTTP/1.1" 200 23108
INFO 2025-05-26 22:26:45,255 basehttp "GET /media/news/1483444335_0-0-3840-2160_1920x0_80_0_0_d78397da469ce01dd2656c4ccb408168_dfm7Pro.jpg HTTP/1.1" 200 123825
INFO 2025-05-26 22:26:45,258 basehttp "GET /media/news/Screenshot_2025-05-26_at_16.53.50.png HTTP/1.1" 200 983608
INFO 2025-05-26 22:26:46,589 basehttp "GET /accounts/login/ HTTP/1.1" 200 3149
INFO 2025-05-26 22:26:56,441 basehttp "POST /accounts/login/ HTTP/1.1" 302 0
INFO 2025-05-26 22:26:56,447 basehttp "GET /dashboard/ HTTP/1.1" 302 0
INFO 2025-05-26 22:26:56,454 basehttp "GET /dashboard/client/ HTTP/1.1" 200 13931
INFO 2025-05-26 22:26:56,465 basehttp "GET /static/css/style.css HTTP/1.1" 304 0
INFO 2025-05-26 22:27:00,462 basehttp "GET /set-timezone/ HTTP/1.1" 200 39440
INFO 2025-05-26 22:27:12,081 basehttp "POST /set-timezone/ HTTP/1.1" 302 0
DEBUG 2025-05-26 22:27:12,086 views Получение последних новостей для главной страницы
INFO 2025-05-26 22:27:12,086 views Начало формирования контекста для главной страницы
DEBUG 2025-05-26 22:27:12,086 views Запрос данных о погоде
DEBUG 2025-05-26 22:27:12,086 views Данные о погоде успешно получены
DEBUG 2025-05-26 22:27:12,086 views Запрос курсов валют
DEBUG 2025-05-26 22:27:12,202 views Данные о курсах валют успешно получены
INFO 2025-05-26 22:27:12,202 views Контекст для главной страницы успешно сформирован
INFO 2025-05-26 22:27:12,216 basehttp "GET / HTTP/1.1" 200 15999
INFO 2025-05-26 22:27:13,834 basehttp "GET /dashboard/client/ HTTP/1.1" 200 13931
INFO 2025-05-26 22:30:35,414 basehttp "GET /admin/ HTTP/1.1" 302 0
INFO 2025-05-26 22:30:35,430 basehttp "GET /admin/login/?next=/admin/ HTTP/1.1" 200 3690
INFO 2025-05-26 22:30:56,092 basehttp "POST /admin/login/?next=/admin/ HTTP/1.1" 302 0
INFO 2025-05-26 22:30:56,105 basehttp "GET /admin/ HTTP/1.1" 200 18569
INFO 2025-05-26 22:30:56,118 basehttp "GET /static/admin/img/icon-deletelink.svg HTTP/1.1" 304 0
INFO 2025-05-26 22:31:00,988 basehttp "GET /admin/core/client/ HTTP/1.1" 200 16185
INFO 2025-05-26 22:31:01,010 basehttp "GET /admin/jsi18n/ HTTP/1.1" 200 3342
INFO 2025-05-26 22:31:04,014 basehttp "GET /admin/ HTTP/1.1" 200 18569
INFO 2025-05-26 22:31:13,305 basehttp "GET /admin/core/appointment/ HTTP/1.1" 200 18035
INFO 2025-05-26 22:31:13,318 basehttp "GET /admin/jsi18n/ HTTP/1.1" 200 3342
INFO 2025-05-26 22:31:18,198 basehttp "GET /admin/core/appointment/46/change/ HTTP/1.1" 200 22951
INFO 2025-05-26 22:31:18,218 basehttp "GET /admin/jsi18n/ HTTP/1.1" 200 3342
INFO 2025-05-26 22:31:22,292 basehttp "POST /admin/core/appointment/46/change/ HTTP/1.1" 302 0
INFO 2025-05-26 22:31:22,315 basehttp "GET /admin/core/appointment/ HTTP/1.1" 200 18329
INFO 2025-05-26 22:31:22,330 basehttp "GET /admin/jsi18n/ HTTP/1.1" 200 3342
INFO 2025-05-26 22:31:27,358 basehttp "GET /admin/core/appointment/45/change/ HTTP/1.1" 200 22966
INFO 2025-05-26 22:31:27,374 basehttp "GET /admin/jsi18n/ HTTP/1.1" 200 3342
INFO 2025-05-26 22:31:30,409 basehttp "POST /admin/core/appointment/45/change/ HTTP/1.1" 302 0
INFO 2025-05-26 22:31:30,432 basehttp "GET /admin/core/appointment/ HTTP/1.1" 200 18334
INFO 2025-05-26 22:31:30,448 basehttp "GET /admin/jsi18n/ HTTP/1.1" 200 3342
ERROR 2025-05-26 22:31:35,633 log Internal Server Error: /dashboard/client/
Traceback (most recent call last):
  File "/Users/artem/Desktop/LR5/СosmetologyCenter/venv/lib/python3.13/site-packages/django/core/handlers/exception.py", line 55, in inner
    response = get_response(request)
  File "/Users/artem/Desktop/LR5/СosmetologyCenter/venv/lib/python3.13/site-packages/django/core/handlers/base.py", line 197, in _get_response
    response = wrapped_callback(request, *callback_args, **callback_kwargs)
  File "/Users/artem/Desktop/LR5/СosmetologyCenter/venv/lib/python3.13/site-packages/django/views/generic/base.py", line 104, in view
    return self.dispatch(request, *args, **kwargs)
           ~~~~~~~~~~~~~^^^^^^^^^^^^^^^^^^^^^^^^^^
  File "/Users/artem/Desktop/LR5/СosmetologyCenter/venv/lib/python3.13/site-packages/django/contrib/auth/mixins.py", line 73, in dispatch
    return super().dispatch(request, *args, **kwargs)
           ~~~~~~~~~~~~~~~~^^^^^^^^^^^^^^^^^^^^^^^^^^
  File "/Users/artem/Desktop/LR5/СosmetologyCenter/venv/lib/python3.13/site-packages/django/views/generic/base.py", line 143, in dispatch
    return handler(request, *args, **kwargs)
  File "/Users/artem/Desktop/LR5/СosmetologyCenter/venv/lib/python3.13/site-packages/django/views/generic/base.py", line 226, in get
    context = self.get_context_data(**kwargs)
  File "/Users/artem/Desktop/LR5/СosmetologyCenter/core/views.py", line 255, in get_context_data
    client=self.request.user.client
           ^^^^^^^^^^^^^^^^^^^^^^^^
  File "/Users/artem/Desktop/LR5/СosmetologyCenter/venv/lib/python3.13/site-packages/django/utils/functional.py", line 253, in inner
    return func(_wrapped, *args)
  File "/Users/artem/Desktop/LR5/СosmetologyCenter/venv/lib/python3.13/site-packages/django/db/models/fields/related_descriptors.py", line 531, in __get__
    raise self.RelatedObjectDoesNotExist(
    ...<2 lines>...
    )
django.contrib.auth.models.User.client.RelatedObjectDoesNotExist: User has no client.
ERROR 2025-05-26 22:31:35,635 basehttp "GET /dashboard/client/ HTTP/1.1" 500 92627
ERROR 2025-05-26 22:31:36,834 log Internal Server Error: /dashboard/client/
Traceback (most recent call last):
  File "/Users/artem/Desktop/LR5/СosmetologyCenter/venv/lib/python3.13/site-packages/django/core/handlers/exception.py", line 55, in inner
    response = get_response(request)
  File "/Users/artem/Desktop/LR5/СosmetologyCenter/venv/lib/python3.13/site-packages/django/core/handlers/base.py", line 197, in _get_response
    response = wrapped_callback(request, *callback_args, **callback_kwargs)
  File "/Users/artem/Desktop/LR5/СosmetologyCenter/venv/lib/python3.13/site-packages/django/views/generic/base.py", line 104, in view
    return self.dispatch(request, *args, **kwargs)
           ~~~~~~~~~~~~~^^^^^^^^^^^^^^^^^^^^^^^^^^
  File "/Users/artem/Desktop/LR5/СosmetologyCenter/venv/lib/python3.13/site-packages/django/contrib/auth/mixins.py", line 73, in dispatch
    return super().dispatch(request, *args, **kwargs)
           ~~~~~~~~~~~~~~~~^^^^^^^^^^^^^^^^^^^^^^^^^^
  File "/Users/artem/Desktop/LR5/СosmetologyCenter/venv/lib/python3.13/site-packages/django/views/generic/base.py", line 143, in dispatch
    return handler(request, *args, **kwargs)
  File "/Users/artem/Desktop/LR5/СosmetologyCenter/venv/lib/python3.13/site-packages/django/views/generic/base.py", line 226, in get
    context = self.get_context_data(**kwargs)
  File "/Users/artem/Desktop/LR5/СosmetologyCenter/core/views.py", line 255, in get_context_data
    client=self.request.user.client
           ^^^^^^^^^^^^^^^^^^^^^^^^
  File "/Users/artem/Desktop/LR5/СosmetologyCenter/venv/lib/python3.13/site-packages/django/utils/functional.py", line 253, in inner
    return func(_wrapped, *args)
  File "/Users/artem/Desktop/LR5/СosmetologyCenter/venv/lib/python3.13/site-packages/django/db/models/fields/related_descriptors.py", line 531, in __get__
    raise self.RelatedObjectDoesNotExist(
    ...<2 lines>...
    )
django.contrib.auth.models.User.client.RelatedObjectDoesNotExist: User has no client.
ERROR 2025-05-26 22:31:36,836 basehttp "GET /dashboard/client/ HTTP/1.1" 500 92627
INFO 2025-05-26 22:31:47,401 autoreload Watching for file changes with StatReloader
DEBUG 2025-05-26 22:32:00,594 views Получение последних новостей для главной страницы
INFO 2025-05-26 22:32:00,595 views Начало формирования контекста для главной страницы
DEBUG 2025-05-26 22:32:00,595 views Запрос данных о погоде
DEBUG 2025-05-26 22:32:00,759 views Данные о погоде успешно получены
DEBUG 2025-05-26 22:32:00,760 views Запрос курсов валют
DEBUG 2025-05-26 22:32:00,869 views Данные о курсах валют успешно получены
INFO 2025-05-26 22:32:00,870 views Контекст для главной страницы успешно сформирован
INFO 2025-05-26 22:32:00,907 basehttp "GET / HTTP/1.1" 200 15313
INFO 2025-05-26 22:32:00,934 basehttp "GET /static/css/style.css HTTP/1.1" 304 0
INFO 2025-05-26 22:32:00,947 basehttp "GET /media/news/1-GettyImages-73096824-67ee7409bb789_NwYwV8X.webp HTTP/1.1" 200 23108
INFO 2025-05-26 22:32:00,951 basehttp "GET /media/news/1483444335_0-0-3840-2160_1920x0_80_0_0_d78397da469ce01dd2656c4ccb408168_dfm7Pro.jpg HTTP/1.1" 200 123825
INFO 2025-05-26 22:32:00,954 basehttp "GET /media/news/Screenshot_2025-05-26_at_16.53.50.png HTTP/1.1" 200 983608
INFO 2025-05-26 22:32:03,765 basehttp "GET /statistics/ HTTP/1.1" 200 7750
INFO 2025-05-26 22:32:15,360 basehttp "GET /statistics/ HTTP/1.1" 200 7750
INFO 2025-05-26 22:32:17,807 basehttp "POST /logout/ HTTP/1.1" 302 0
DEBUG 2025-05-26 22:32:17,810 views Получение последних новостей для главной страницы
INFO 2025-05-26 22:32:17,810 views Начало формирования контекста для главной страницы
DEBUG 2025-05-26 22:32:17,811 views Запрос данных о погоде
DEBUG 2025-05-26 22:32:17,811 views Данные о погоде успешно получены
DEBUG 2025-05-26 22:32:17,811 views Запрос курсов валют
DEBUG 2025-05-26 22:32:17,924 views Данные о курсах валют успешно получены
INFO 2025-05-26 22:32:17,925 views Контекст для главной страницы успешно сформирован
INFO 2025-05-26 22:32:17,935 basehttp "GET / HTTP/1.1" 200 14233
INFO 2025-05-26 22:32:19,377 basehttp "GET /accounts/login/ HTTP/1.1" 200 3149
INFO 2025-05-26 22:32:32,606 basehttp "POST /accounts/login/ HTTP/1.1" 302 0
INFO 2025-05-26 22:32:32,612 basehttp "GET /dashboard/ HTTP/1.1" 302 0
INFO 2025-05-26 22:32:32,620 basehttp "GET /dashboard/client/ HTTP/1.1" 200 13931
INFO 2025-05-26 22:32:43,070 basehttp "GET /admin/core/appointment/45/change/ HTTP/1.1" 302 0
INFO 2025-05-26 22:32:43,090 basehttp "GET /admin/login/?next=/admin/core/appointment/45/change/ HTTP/1.1" 200 3740
INFO 2025-05-26 22:32:57,763 basehttp "POST /admin/login/?next=/admin/core/appointment/45/change/ HTTP/1.1" 302 0
INFO 2025-05-26 22:32:57,784 basehttp "GET /admin/core/appointment/45/change/ HTTP/1.1" 200 22974
INFO 2025-05-26 22:32:57,796 basehttp "GET /admin/jsi18n/ HTTP/1.1" 200 3342
INFO 2025-05-26 22:33:00,882 basehttp "POST /admin/core/appointment/45/change/ HTTP/1.1" 302 0
INFO 2025-05-26 22:33:00,914 basehttp "GET /admin/core/appointment/ HTTP/1.1" 200 18334
INFO 2025-05-26 22:33:00,929 basehttp "GET /admin/jsi18n/ HTTP/1.1" 200 3342
INFO 2025-05-26 22:33:19,957 basehttp "GET /admin/core/appointment/46/change/ HTTP/1.1" 200 22959
INFO 2025-05-26 22:33:19,974 basehttp "GET /admin/jsi18n/ HTTP/1.1" 200 3342
INFO 2025-05-26 22:33:41,384 basehttp "POST /admin/core/appointment/46/change/ HTTP/1.1" 302 0
INFO 2025-05-26 22:33:41,409 basehttp "GET /admin/core/appointment/ HTTP/1.1" 200 18329
INFO 2025-05-26 22:33:41,425 basehttp "GET /admin/jsi18n/ HTTP/1.1" 200 3342
ERROR 2025-05-26 22:33:46,880 log Internal Server Error: /dashboard/client/
Traceback (most recent call last):
  File "/Users/artem/Desktop/LR5/СosmetologyCenter/venv/lib/python3.13/site-packages/django/core/handlers/exception.py", line 55, in inner
    response = get_response(request)
  File "/Users/artem/Desktop/LR5/СosmetologyCenter/venv/lib/python3.13/site-packages/django/core/handlers/base.py", line 197, in _get_response
    response = wrapped_callback(request, *callback_args, **callback_kwargs)
  File "/Users/artem/Desktop/LR5/СosmetologyCenter/venv/lib/python3.13/site-packages/django/views/generic/base.py", line 104, in view
    return self.dispatch(request, *args, **kwargs)
           ~~~~~~~~~~~~~^^^^^^^^^^^^^^^^^^^^^^^^^^
  File "/Users/artem/Desktop/LR5/СosmetologyCenter/venv/lib/python3.13/site-packages/django/contrib/auth/mixins.py", line 73, in dispatch
    return super().dispatch(request, *args, **kwargs)
           ~~~~~~~~~~~~~~~~^^^^^^^^^^^^^^^^^^^^^^^^^^
  File "/Users/artem/Desktop/LR5/СosmetologyCenter/venv/lib/python3.13/site-packages/django/views/generic/base.py", line 143, in dispatch
    return handler(request, *args, **kwargs)
  File "/Users/artem/Desktop/LR5/СosmetologyCenter/venv/lib/python3.13/site-packages/django/views/generic/base.py", line 226, in get
    context = self.get_context_data(**kwargs)
  File "/Users/artem/Desktop/LR5/СosmetologyCenter/core/views.py", line 255, in get_context_data
    client=self.request.user.client
           ^^^^^^^^^^^^^^^^^^^^^^^^
  File "/Users/artem/Desktop/LR5/СosmetologyCenter/venv/lib/python3.13/site-packages/django/utils/functional.py", line 253, in inner
    return func(_wrapped, *args)
  File "/Users/artem/Desktop/LR5/СosmetologyCenter/venv/lib/python3.13/site-packages/django/db/models/fields/related_descriptors.py", line 531, in __get__
    raise self.RelatedObjectDoesNotExist(
    ...<2 lines>...
    )
django.contrib.auth.models.User.client.RelatedObjectDoesNotExist: User has no client.
ERROR 2025-05-26 22:33:46,883 basehttp "GET /dashboard/client/ HTTP/1.1" 500 92642
INFO 2025-05-26 22:35:22,736 basehttp "GET /admin/core/appointment/45/change/ HTTP/1.1" 200 22974
INFO 2025-05-26 22:35:22,752 basehttp "GET /admin/jsi18n/ HTTP/1.1" 200 3342
INFO 2025-05-26 22:35:25,518 basehttp "POST /admin/core/appointment/45/change/ HTTP/1.1" 302 0
INFO 2025-05-26 22:35:25,542 basehttp "GET /admin/core/appointment/ HTTP/1.1" 200 18334
INFO 2025-05-26 22:35:25,559 basehttp "GET /admin/jsi18n/ HTTP/1.1" 200 3342
ERROR 2025-05-26 22:35:29,033 log Internal Server Error: /dashboard/client/
Traceback (most recent call last):
  File "/Users/artem/Desktop/LR5/СosmetologyCenter/venv/lib/python3.13/site-packages/django/core/handlers/exception.py", line 55, in inner
    response = get_response(request)
  File "/Users/artem/Desktop/LR5/СosmetologyCenter/venv/lib/python3.13/site-packages/django/core/handlers/base.py", line 197, in _get_response
    response = wrapped_callback(request, *callback_args, **callback_kwargs)
  File "/Users/artem/Desktop/LR5/СosmetologyCenter/venv/lib/python3.13/site-packages/django/views/generic/base.py", line 104, in view
    return self.dispatch(request, *args, **kwargs)
           ~~~~~~~~~~~~~^^^^^^^^^^^^^^^^^^^^^^^^^^
  File "/Users/artem/Desktop/LR5/СosmetologyCenter/venv/lib/python3.13/site-packages/django/contrib/auth/mixins.py", line 73, in dispatch
    return super().dispatch(request, *args, **kwargs)
           ~~~~~~~~~~~~~~~~^^^^^^^^^^^^^^^^^^^^^^^^^^
  File "/Users/artem/Desktop/LR5/СosmetologyCenter/venv/lib/python3.13/site-packages/django/views/generic/base.py", line 143, in dispatch
    return handler(request, *args, **kwargs)
  File "/Users/artem/Desktop/LR5/СosmetologyCenter/venv/lib/python3.13/site-packages/django/views/generic/base.py", line 226, in get
    context = self.get_context_data(**kwargs)
  File "/Users/artem/Desktop/LR5/СosmetologyCenter/core/views.py", line 255, in get_context_data
    client=self.request.user.client
           ^^^^^^^^^^^^^^^^^^^^^^^^
  File "/Users/artem/Desktop/LR5/СosmetologyCenter/venv/lib/python3.13/site-packages/django/utils/functional.py", line 253, in inner
    return func(_wrapped, *args)
  File "/Users/artem/Desktop/LR5/СosmetologyCenter/venv/lib/python3.13/site-packages/django/db/models/fields/related_descriptors.py", line 531, in __get__
    raise self.RelatedObjectDoesNotExist(
    ...<2 lines>...
    )
django.contrib.auth.models.User.client.RelatedObjectDoesNotExist: User has no client.
ERROR 2025-05-26 22:35:29,036 basehttp "GET /dashboard/client/ HTTP/1.1" 500 92642
INFO 2025-05-26 22:35:34,213 basehttp "GET /dashboard/ HTTP/1.1" 302 0
DEBUG 2025-05-26 22:35:34,217 views Получение последних новостей для главной страницы
INFO 2025-05-26 22:35:34,217 views Начало формирования контекста для главной страницы
DEBUG 2025-05-26 22:35:34,218 views Запрос данных о погоде
DEBUG 2025-05-26 22:35:34,218 views Данные о погоде успешно получены
DEBUG 2025-05-26 22:35:34,218 views Запрос курсов валют
DEBUG 2025-05-26 22:35:34,349 views Данные о курсах валют успешно получены
INFO 2025-05-26 22:35:34,349 views Контекст для главной страницы успешно сформирован
INFO 2025-05-26 22:35:34,358 basehttp "GET / HTTP/1.1" 200 15313
INFO 2025-05-26 22:35:34,375 basehttp "GET /static/css/style.css HTTP/1.1" 304 0
INFO 2025-05-26 22:35:34,380 basehttp "GET /media/news/1-GettyImages-73096824-67ee7409bb789_NwYwV8X.webp HTTP/1.1" 200 23108
INFO 2025-05-26 22:35:34,383 basehttp "GET /media/news/1483444335_0-0-3840-2160_1920x0_80_0_0_d78397da469ce01dd2656c4ccb408168_dfm7Pro.jpg HTTP/1.1" 200 123825
INFO 2025-05-26 22:35:34,388 basehttp "GET /media/news/Screenshot_2025-05-26_at_16.53.50.png HTTP/1.1" 200 983608
INFO 2025-05-26 22:35:37,238 basehttp "GET /statistics/ HTTP/1.1" 200 7750
INFO 2025-05-26 22:35:41,285 basehttp "GET /vacancies/ HTTP/1.1" 200 13660
INFO 2025-05-26 22:35:43,696 basehttp "POST /logout/ HTTP/1.1" 302 0
DEBUG 2025-05-26 22:35:43,699 views Получение последних новостей для главной страницы
INFO 2025-05-26 22:35:43,699 views Начало формирования контекста для главной страницы
DEBUG 2025-05-26 22:35:43,700 views Запрос данных о погоде
DEBUG 2025-05-26 22:35:43,700 views Данные о погоде успешно получены
DEBUG 2025-05-26 22:35:43,700 views Запрос курсов валют
DEBUG 2025-05-26 22:35:43,808 views Данные о курсах валют успешно получены
INFO 2025-05-26 22:35:43,808 views Контекст для главной страницы успешно сформирован
INFO 2025-05-26 22:35:43,812 basehttp "GET / HTTP/1.1" 200 14233
INFO 2025-05-26 22:35:45,941 basehttp "GET /accounts/login/ HTTP/1.1" 200 3149
INFO 2025-05-26 22:36:00,524 basehttp "POST /accounts/login/ HTTP/1.1" 302 0
INFO 2025-05-26 22:36:00,530 basehttp "GET /dashboard/ HTTP/1.1" 302 0
INFO 2025-05-26 22:36:00,537 basehttp "GET /dashboard/client/ HTTP/1.1" 200 13931
INFO 2025-05-26 22:39:01,008 basehttp "GET /admin/core/appointment/46/change/ HTTP/1.1" 302 0
INFO 2025-05-26 22:39:01,021 basehttp "GET /admin/login/?next=/admin/core/appointment/46/change/ HTTP/1.1" 200 3740
INFO 2025-05-26 22:39:12,404 basehttp "POST /admin/login/?next=/admin/core/appointment/46/change/ HTTP/1.1" 200 3908
INFO 2025-05-26 22:39:18,587 basehttp "POST /admin/login/?next=/admin/core/appointment/46/change/ HTTP/1.1" 302 0
INFO 2025-05-26 22:39:18,602 basehttp "GET /admin/core/appointment/46/change/ HTTP/1.1" 200 22991
INFO 2025-05-26 22:39:18,617 basehttp "GET /admin/jsi18n/ HTTP/1.1" 200 3342
INFO 2025-05-26 22:39:22,343 basehttp "POST /admin/core/appointment/46/change/ HTTP/1.1" 302 0
INFO 2025-05-26 22:39:22,365 basehttp "GET /admin/core/appointment/ HTTP/1.1" 200 18329
INFO 2025-05-26 22:39:22,383 basehttp "GET /admin/jsi18n/ HTTP/1.1" 200 3342
INFO 2025-05-26 22:39:23,753 basehttp "GET /admin/core/appointment/46/change/ HTTP/1.1" 200 22991
INFO 2025-05-26 22:39:23,769 basehttp "GET /admin/jsi18n/ HTTP/1.1" 200 3342
INFO 2025-05-26 22:39:26,256 basehttp "POST /admin/core/appointment/46/change/ HTTP/1.1" 302 0
INFO 2025-05-26 22:39:26,277 basehttp "GET /admin/core/appointment/ HTTP/1.1" 200 18329
INFO 2025-05-26 22:39:26,292 basehttp "GET /admin/jsi18n/ HTTP/1.1" 200 3342
ERROR 2025-05-26 22:40:13,577 log Internal Server Error: /dashboard/client/
Traceback (most recent call last):
  File "/Users/artem/Desktop/LR5/СosmetologyCenter/venv/lib/python3.13/site-packages/django/core/handlers/exception.py", line 55, in inner
    response = get_response(request)
  File "/Users/artem/Desktop/LR5/СosmetologyCenter/venv/lib/python3.13/site-packages/django/core/handlers/base.py", line 197, in _get_response
    response = wrapped_callback(request, *callback_args, **callback_kwargs)
  File "/Users/artem/Desktop/LR5/СosmetologyCenter/venv/lib/python3.13/site-packages/django/views/generic/base.py", line 104, in view
    return self.dispatch(request, *args, **kwargs)
           ~~~~~~~~~~~~~^^^^^^^^^^^^^^^^^^^^^^^^^^
  File "/Users/artem/Desktop/LR5/СosmetologyCenter/venv/lib/python3.13/site-packages/django/contrib/auth/mixins.py", line 73, in dispatch
    return super().dispatch(request, *args, **kwargs)
           ~~~~~~~~~~~~~~~~^^^^^^^^^^^^^^^^^^^^^^^^^^
  File "/Users/artem/Desktop/LR5/СosmetologyCenter/venv/lib/python3.13/site-packages/django/views/generic/base.py", line 143, in dispatch
    return handler(request, *args, **kwargs)
  File "/Users/artem/Desktop/LR5/СosmetologyCenter/venv/lib/python3.13/site-packages/django/views/generic/base.py", line 226, in get
    context = self.get_context_data(**kwargs)
  File "/Users/artem/Desktop/LR5/СosmetologyCenter/core/views.py", line 255, in get_context_data
    client=self.request.user.client
           ^^^^^^^^^^^^^^^^^^^^^^^^
  File "/Users/artem/Desktop/LR5/СosmetologyCenter/venv/lib/python3.13/site-packages/django/utils/functional.py", line 253, in inner
    return func(_wrapped, *args)
  File "/Users/artem/Desktop/LR5/СosmetologyCenter/venv/lib/python3.13/site-packages/django/db/models/fields/related_descriptors.py", line 531, in __get__
    raise self.RelatedObjectDoesNotExist(
    ...<2 lines>...
    )
django.contrib.auth.models.User.client.RelatedObjectDoesNotExist: User has no client.
ERROR 2025-05-26 22:40:13,579 basehttp "GET /dashboard/client/ HTTP/1.1" 500 92507
INFO 2025-05-26 22:41:11,962 basehttp "GET /admin/ HTTP/1.1" 200 19119
INFO 2025-05-26 22:41:14,149 basehttp "GET /admin/core/userprofile/ HTTP/1.1" 200 15324
INFO 2025-05-26 22:41:14,169 basehttp "GET /admin/jsi18n/ HTTP/1.1" 200 3342
INFO 2025-05-26 22:41:20,829 basehttp "GET /admin/core/userprofile/add/ HTTP/1.1" 200 51490
INFO 2025-05-26 22:41:20,841 basehttp "GET /admin/jsi18n/ HTTP/1.1" 200 3342
INFO 2025-05-26 22:41:43,820 basehttp "POST /admin/core/userprofile/add/ HTTP/1.1" 302 0
INFO 2025-05-26 22:41:43,836 basehttp "GET /admin/core/userprofile/ HTTP/1.1" 200 15868
INFO 2025-05-26 22:41:43,853 basehttp "GET /admin/jsi18n/ HTTP/1.1" 200 3342
INFO 2025-05-26 22:41:59,915 basehttp "GET /admin/ HTTP/1.1" 200 19126
INFO 2025-05-26 22:42:01,583 basehttp "GET /admin/core/client/ HTTP/1.1" 200 16185
INFO 2025-05-26 22:42:01,603 basehttp "GET /admin/jsi18n/ HTTP/1.1" 200 3342
INFO 2025-05-26 22:42:04,088 basehttp "GET /admin/core/client/add/ HTTP/1.1" 200 17996
INFO 2025-05-26 22:42:04,104 basehttp "GET /admin/jsi18n/ HTTP/1.1" 200 3342
INFO 2025-05-26 22:42:17,197 basehttp "GET /static/admin/img/calendar-icons.svg HTTP/1.1" 304 0
ERROR 2025-05-26 22:42:59,015 log Internal Server Error: /admin/core/client/add/
Traceback (most recent call last):
  File "/Users/artem/Desktop/LR5/СosmetologyCenter/venv/lib/python3.13/site-packages/django/core/handlers/exception.py", line 55, in inner
    response = get_response(request)
  File "/Users/artem/Desktop/LR5/СosmetologyCenter/venv/lib/python3.13/site-packages/django/core/handlers/base.py", line 197, in _get_response
    response = wrapped_callback(request, *callback_args, **callback_kwargs)
  File "/Users/artem/Desktop/LR5/СosmetologyCenter/venv/lib/python3.13/site-packages/django/contrib/admin/options.py", line 719, in wrapper
    return self.admin_site.admin_view(view)(*args, **kwargs)
           ~~~~~~~~~~~~~~~~~~~~~~~~~~~~~~~~^^^^^^^^^^^^^^^^^
  File "/Users/artem/Desktop/LR5/СosmetologyCenter/venv/lib/python3.13/site-packages/django/utils/decorators.py", line 192, in _view_wrapper
    result = _process_exception(request, e)
  File "/Users/artem/Desktop/LR5/СosmetologyCenter/venv/lib/python3.13/site-packages/django/utils/decorators.py", line 190, in _view_wrapper
    response = view_func(request, *args, **kwargs)
  File "/Users/artem/Desktop/LR5/СosmetologyCenter/venv/lib/python3.13/site-packages/django/views/decorators/cache.py", line 80, in _view_wrapper
    response = view_func(request, *args, **kwargs)
  File "/Users/artem/Desktop/LR5/СosmetologyCenter/venv/lib/python3.13/site-packages/django/contrib/admin/sites.py", line 246, in inner
    return view(request, *args, **kwargs)
  File "/Users/artem/Desktop/LR5/СosmetologyCenter/venv/lib/python3.13/site-packages/django/contrib/admin/options.py", line 1984, in add_view
    return self.changeform_view(request, None, form_url, extra_context)
           ~~~~~~~~~~~~~~~~~~~~^^^^^^^^^^^^^^^^^^^^^^^^^^^^^^^^^^^^^^^^
  File "/Users/artem/Desktop/LR5/СosmetologyCenter/venv/lib/python3.13/site-packages/django/utils/decorators.py", line 48, in _wrapper
    return bound_method(*args, **kwargs)
  File "/Users/artem/Desktop/LR5/СosmetologyCenter/venv/lib/python3.13/site-packages/django/utils/decorators.py", line 192, in _view_wrapper
    result = _process_exception(request, e)
  File "/Users/artem/Desktop/LR5/СosmetologyCenter/venv/lib/python3.13/site-packages/django/utils/decorators.py", line 190, in _view_wrapper
    response = view_func(request, *args, **kwargs)
  File "/Users/artem/Desktop/LR5/СosmetologyCenter/venv/lib/python3.13/site-packages/django/contrib/admin/options.py", line 1843, in changeform_view
    return self._changeform_view(request, object_id, form_url, extra_context)
           ~~~~~~~~~~~~~~~~~~~~~^^^^^^^^^^^^^^^^^^^^^^^^^^^^^^^^^^^^^^^^^^^^^
  File "/Users/artem/Desktop/LR5/СosmetologyCenter/venv/lib/python3.13/site-packages/django/contrib/admin/options.py", line 1888, in _changeform_view
    form_validated = form.is_valid()
  File "/Users/artem/Desktop/LR5/СosmetologyCenter/venv/lib/python3.13/site-packages/django/forms/forms.py", line 206, in is_valid
    return self.is_bound and not self.errors
                                 ^^^^^^^^^^^
  File "/Users/artem/Desktop/LR5/СosmetologyCenter/venv/lib/python3.13/site-packages/django/forms/forms.py", line 201, in errors
    self.full_clean()
    ~~~~~~~~~~~~~~~^^
  File "/Users/artem/Desktop/LR5/СosmetologyCenter/venv/lib/python3.13/site-packages/django/forms/forms.py", line 339, in full_clean
    self._post_clean()
    ~~~~~~~~~~~~~~~~^^
  File "/Users/artem/Desktop/LR5/СosmetologyCenter/venv/lib/python3.13/site-packages/django/forms/models.py", line 498, in _post_clean
    self.instance.full_clean(exclude=exclude, validate_unique=False)
    ~~~~~~~~~~~~~~~~~~~~~~~~^^^^^^^^^^^^^^^^^^^^^^^^^^^^^^^^^^^^^^^^
  File "/Users/artem/Desktop/LR5/СosmetologyCenter/venv/lib/python3.13/site-packages/django/db/models/base.py", line 1654, in full_clean
    self.clean()
    ~~~~~~~~~~^^
  File "/Users/artem/Desktop/LR5/СosmetologyCenter/core/models.py", line 34, in clean
    if self.age < 18:
       ^^^^^^^^
  File "/Users/artem/Desktop/LR5/СosmetologyCenter/core/models.py", line 31, in age
    return (datetime.date.today() - self.birth_date).days // 365
            ~~~~~~~~~~~~~~~~~~~~~~^~~~~~~~~~~~~~~~~
TypeError: unsupported operand type(s) for -: 'datetime.date' and 'NoneType'
ERROR 2025-05-26 22:42:59,020 basehttp "POST /admin/core/client/add/ HTTP/1.1" 500 145749
ERROR 2025-05-26 22:43:06,105 log Internal Server Error: /admin/core/client/add/
Traceback (most recent call last):
  File "/Users/artem/Desktop/LR5/СosmetologyCenter/venv/lib/python3.13/site-packages/django/core/handlers/exception.py", line 55, in inner
    response = get_response(request)
  File "/Users/artem/Desktop/LR5/СosmetologyCenter/venv/lib/python3.13/site-packages/django/core/handlers/base.py", line 197, in _get_response
    response = wrapped_callback(request, *callback_args, **callback_kwargs)
  File "/Users/artem/Desktop/LR5/СosmetologyCenter/venv/lib/python3.13/site-packages/django/contrib/admin/options.py", line 719, in wrapper
    return self.admin_site.admin_view(view)(*args, **kwargs)
           ~~~~~~~~~~~~~~~~~~~~~~~~~~~~~~~~^^^^^^^^^^^^^^^^^
  File "/Users/artem/Desktop/LR5/СosmetologyCenter/venv/lib/python3.13/site-packages/django/utils/decorators.py", line 192, in _view_wrapper
    result = _process_exception(request, e)
  File "/Users/artem/Desktop/LR5/СosmetologyCenter/venv/lib/python3.13/site-packages/django/utils/decorators.py", line 190, in _view_wrapper
    response = view_func(request, *args, **kwargs)
  File "/Users/artem/Desktop/LR5/СosmetologyCenter/venv/lib/python3.13/site-packages/django/views/decorators/cache.py", line 80, in _view_wrapper
    response = view_func(request, *args, **kwargs)
  File "/Users/artem/Desktop/LR5/СosmetologyCenter/venv/lib/python3.13/site-packages/django/contrib/admin/sites.py", line 246, in inner
    return view(request, *args, **kwargs)
  File "/Users/artem/Desktop/LR5/СosmetologyCenter/venv/lib/python3.13/site-packages/django/contrib/admin/options.py", line 1984, in add_view
    return self.changeform_view(request, None, form_url, extra_context)
           ~~~~~~~~~~~~~~~~~~~~^^^^^^^^^^^^^^^^^^^^^^^^^^^^^^^^^^^^^^^^
  File "/Users/artem/Desktop/LR5/СosmetologyCenter/venv/lib/python3.13/site-packages/django/utils/decorators.py", line 48, in _wrapper
    return bound_method(*args, **kwargs)
  File "/Users/artem/Desktop/LR5/СosmetologyCenter/venv/lib/python3.13/site-packages/django/utils/decorators.py", line 192, in _view_wrapper
    result = _process_exception(request, e)
  File "/Users/artem/Desktop/LR5/СosmetologyCenter/venv/lib/python3.13/site-packages/django/utils/decorators.py", line 190, in _view_wrapper
    response = view_func(request, *args, **kwargs)
  File "/Users/artem/Desktop/LR5/СosmetologyCenter/venv/lib/python3.13/site-packages/django/contrib/admin/options.py", line 1843, in changeform_view
    return self._changeform_view(request, object_id, form_url, extra_context)
           ~~~~~~~~~~~~~~~~~~~~~^^^^^^^^^^^^^^^^^^^^^^^^^^^^^^^^^^^^^^^^^^^^^
  File "/Users/artem/Desktop/LR5/СosmetologyCenter/venv/lib/python3.13/site-packages/django/contrib/admin/options.py", line 1888, in _changeform_view
    form_validated = form.is_valid()
  File "/Users/artem/Desktop/LR5/СosmetologyCenter/venv/lib/python3.13/site-packages/django/forms/forms.py", line 206, in is_valid
    return self.is_bound and not self.errors
                                 ^^^^^^^^^^^
  File "/Users/artem/Desktop/LR5/СosmetologyCenter/venv/lib/python3.13/site-packages/django/forms/forms.py", line 201, in errors
    self.full_clean()
    ~~~~~~~~~~~~~~~^^
  File "/Users/artem/Desktop/LR5/СosmetologyCenter/venv/lib/python3.13/site-packages/django/forms/forms.py", line 339, in full_clean
    self._post_clean()
    ~~~~~~~~~~~~~~~~^^
  File "/Users/artem/Desktop/LR5/СosmetologyCenter/venv/lib/python3.13/site-packages/django/forms/models.py", line 498, in _post_clean
    self.instance.full_clean(exclude=exclude, validate_unique=False)
    ~~~~~~~~~~~~~~~~~~~~~~~~^^^^^^^^^^^^^^^^^^^^^^^^^^^^^^^^^^^^^^^^
  File "/Users/artem/Desktop/LR5/СosmetologyCenter/venv/lib/python3.13/site-packages/django/db/models/base.py", line 1654, in full_clean
    self.clean()
    ~~~~~~~~~~^^
  File "/Users/artem/Desktop/LR5/СosmetologyCenter/core/models.py", line 34, in clean
    if self.age < 18:
       ^^^^^^^^
  File "/Users/artem/Desktop/LR5/СosmetologyCenter/core/models.py", line 31, in age
    return (datetime.date.today() - self.birth_date).days // 365
            ~~~~~~~~~~~~~~~~~~~~~~^~~~~~~~~~~~~~~~~
TypeError: unsupported operand type(s) for -: 'datetime.date' and 'NoneType'
ERROR 2025-05-26 22:43:06,109 basehttp "POST /admin/core/client/add/ HTTP/1.1" 500 145749
INFO 2025-05-26 22:43:12,340 basehttp "GET /admin/core/client/ HTTP/1.1" 200 16185
INFO 2025-05-26 22:43:12,361 basehttp "GET /admin/jsi18n/ HTTP/1.1" 200 3342
INFO 2025-05-26 22:43:17,833 basehttp "GET /admin/core/ HTTP/1.1" 200 13225
INFO 2025-05-26 22:43:22,603 basehttp "GET /admin/core/userprofile/ HTTP/1.1" 200 15648
INFO 2025-05-26 22:43:22,620 basehttp "GET /admin/jsi18n/ HTTP/1.1" 200 3342
INFO 2025-05-26 22:43:25,015 basehttp "GET /admin/core/ HTTP/1.1" 200 13225
INFO 2025-05-26 22:43:26,803 basehttp "GET /admin/core/client/ HTTP/1.1" 200 16185
INFO 2025-05-26 22:43:26,820 basehttp "GET /admin/jsi18n/ HTTP/1.1" 200 3342
INFO 2025-05-26 22:43:30,164 basehttp "GET /admin/ HTTP/1.1" 200 19126
INFO 2025-05-26 22:43:31,552 basehttp "GET /admin/core/userprofile/ HTTP/1.1" 200 15648
INFO 2025-05-26 22:43:31,572 basehttp "GET /admin/jsi18n/ HTTP/1.1" 200 3342
INFO 2025-05-26 22:43:34,649 basehttp "GET /admin/core/ HTTP/1.1" 200 13225
INFO 2025-05-26 22:43:38,604 basehttp "GET /admin/core/client/ HTTP/1.1" 200 16185
INFO 2025-05-26 22:43:38,625 basehttp "GET /admin/jsi18n/ HTTP/1.1" 200 3342
INFO 2025-05-26 22:43:41,539 basehttp "GET /admin/core/client/add/ HTTP/1.1" 200 17996
INFO 2025-05-26 22:43:41,559 basehttp "GET /admin/jsi18n/ HTTP/1.1" 200 3342
INFO 2025-05-26 22:43:55,474 basehttp "POST /admin/core/client/add/ HTTP/1.1" 200 18241
INFO 2025-05-26 22:43:55,491 basehttp "GET /admin/jsi18n/ HTTP/1.1" 200 3342
INFO 2025-05-26 22:44:39,277 basehttp "POST /admin/core/client/add/ HTTP/1.1" 302 0
INFO 2025-05-26 22:44:39,295 basehttp "GET /admin/core/client/ HTTP/1.1" 200 16769
INFO 2025-05-26 22:44:39,316 basehttp "GET /admin/jsi18n/ HTTP/1.1" 200 3342
INFO 2025-05-26 22:44:42,341 basehttp "GET /admin/ HTTP/1.1" 200 19165
INFO 2025-05-26 22:44:44,152 basehttp "GET /admin/core/client/ HTTP/1.1" 200 16560
INFO 2025-05-26 22:44:44,165 basehttp "GET /admin/jsi18n/ HTTP/1.1" 200 3342
INFO 2025-05-26 22:44:47,794 basehttp "GET /admin/core/client/29/change/ HTTP/1.1" 200 18294
INFO 2025-05-26 22:44:47,812 basehttp "GET /admin/jsi18n/ HTTP/1.1" 200 3342
INFO 2025-05-26 22:44:54,817 basehttp "POST /admin/core/client/29/change/ HTTP/1.1" 302 0
INFO 2025-05-26 22:44:54,832 basehttp "GET /admin/core/client/ HTTP/1.1" 200 16771
INFO 2025-05-26 22:44:54,847 basehttp "GET /admin/jsi18n/ HTTP/1.1" 200 3342
ERROR 2025-05-26 22:45:00,291 log Internal Server Error: /dashboard/client/
Traceback (most recent call last):
  File "/Users/artem/Desktop/LR5/СosmetologyCenter/venv/lib/python3.13/site-packages/django/core/handlers/exception.py", line 55, in inner
    response = get_response(request)
  File "/Users/artem/Desktop/LR5/СosmetologyCenter/venv/lib/python3.13/site-packages/django/core/handlers/base.py", line 197, in _get_response
    response = wrapped_callback(request, *callback_args, **callback_kwargs)
  File "/Users/artem/Desktop/LR5/СosmetologyCenter/venv/lib/python3.13/site-packages/django/views/generic/base.py", line 104, in view
    return self.dispatch(request, *args, **kwargs)
           ~~~~~~~~~~~~~^^^^^^^^^^^^^^^^^^^^^^^^^^
  File "/Users/artem/Desktop/LR5/СosmetologyCenter/venv/lib/python3.13/site-packages/django/contrib/auth/mixins.py", line 73, in dispatch
    return super().dispatch(request, *args, **kwargs)
           ~~~~~~~~~~~~~~~~^^^^^^^^^^^^^^^^^^^^^^^^^^
  File "/Users/artem/Desktop/LR5/СosmetologyCenter/venv/lib/python3.13/site-packages/django/views/generic/base.py", line 143, in dispatch
    return handler(request, *args, **kwargs)
  File "/Users/artem/Desktop/LR5/СosmetologyCenter/venv/lib/python3.13/site-packages/django/views/generic/base.py", line 226, in get
    context = self.get_context_data(**kwargs)
  File "/Users/artem/Desktop/LR5/СosmetologyCenter/core/views.py", line 255, in get_context_data
    client=self.request.user.client
           ^^^^^^^^^^^^^^^^^^^^^^^^
  File "/Users/artem/Desktop/LR5/СosmetologyCenter/venv/lib/python3.13/site-packages/django/utils/functional.py", line 253, in inner
    return func(_wrapped, *args)
  File "/Users/artem/Desktop/LR5/СosmetologyCenter/venv/lib/python3.13/site-packages/django/db/models/fields/related_descriptors.py", line 531, in __get__
    raise self.RelatedObjectDoesNotExist(
    ...<2 lines>...
    )
django.contrib.auth.models.User.client.RelatedObjectDoesNotExist: User has no client.
ERROR 2025-05-26 22:45:00,293 basehttp "GET /dashboard/client/ HTTP/1.1" 500 92644
DEBUG 2025-05-26 22:45:06,831 views Получение последних новостей для главной страницы
INFO 2025-05-26 22:45:06,832 views Начало формирования контекста для главной страницы
DEBUG 2025-05-26 22:45:06,832 views Запрос данных о погоде
DEBUG 2025-05-26 22:45:06,832 views Данные о погоде успешно получены
DEBUG 2025-05-26 22:45:06,832 views Запрос курсов валют
DEBUG 2025-05-26 22:45:07,003 views Данные о курсах валют успешно получены
INFO 2025-05-26 22:45:07,003 views Контекст для главной страницы успешно сформирован
INFO 2025-05-26 22:45:07,015 basehttp "GET / HTTP/1.1" 200 15313
INFO 2025-05-26 22:45:07,036 basehttp "GET /static/css/style.css HTTP/1.1" 304 0
INFO 2025-05-26 22:45:07,037 basehttp "GET /static/img/FotoJet%20(65)-1200.jpg.webp HTTP/1.1" 304 0
INFO 2025-05-26 22:45:11,483 basehttp "POST /logout/ HTTP/1.1" 302 0
DEBUG 2025-05-26 22:45:11,486 views Получение последних новостей для главной страницы
INFO 2025-05-26 22:45:11,486 views Начало формирования контекста для главной страницы
DEBUG 2025-05-26 22:45:11,486 views Запрос данных о погоде
DEBUG 2025-05-26 22:45:11,487 views Данные о погоде успешно получены
DEBUG 2025-05-26 22:45:11,487 views Запрос курсов валют
DEBUG 2025-05-26 22:45:11,594 views Данные о курсах валют успешно получены
INFO 2025-05-26 22:45:11,595 views Контекст для главной страницы успешно сформирован
INFO 2025-05-26 22:45:11,604 basehttp "GET / HTTP/1.1" 200 14233
INFO 2025-05-26 22:45:12,710 basehttp "GET /accounts/login/ HTTP/1.1" 200 3149
INFO 2025-05-26 22:45:25,465 basehttp "POST /accounts/login/ HTTP/1.1" 200 3305
INFO 2025-05-26 22:45:34,091 basehttp "GET /admin/ HTTP/1.1" 302 0
INFO 2025-05-26 22:45:34,100 basehttp "GET /admin/login/?next=/admin/ HTTP/1.1" 200 4173
INFO 2025-05-26 22:45:43,317 basehttp "POST /admin/login/?next=/admin/ HTTP/1.1" 302 0
INFO 2025-05-26 22:45:43,326 basehttp "GET /admin/ HTTP/1.1" 200 19157
INFO 2025-05-26 22:45:47,875 basehttp "GET /admin/core/userprofile/ HTTP/1.1" 200 15648
INFO 2025-05-26 22:45:47,896 basehttp "GET /admin/jsi18n/ HTTP/1.1" 200 3342
INFO 2025-05-26 22:45:50,460 basehttp "GET /admin/core/userprofile/2/change/ HTTP/1.1" 200 51729
INFO 2025-05-26 22:45:50,476 basehttp "GET /admin/jsi18n/ HTTP/1.1" 200 3342
INFO 2025-05-26 22:45:56,739 basehttp "GET /admin/core/ HTTP/1.1" 200 13225
INFO 2025-05-26 22:45:58,557 basehttp "GET /admin/core/client/ HTTP/1.1" 200 16560
INFO 2025-05-26 22:45:58,579 basehttp "GET /admin/jsi18n/ HTTP/1.1" 200 3342
INFO 2025-05-26 22:46:00,744 basehttp "GET /admin/core/client/29/change/ HTTP/1.1" 200 18294
INFO 2025-05-26 22:46:00,764 basehttp "GET /admin/jsi18n/ HTTP/1.1" 200 3342
INFO 2025-05-26 22:46:02,919 basehttp "POST /admin/core/client/29/change/ HTTP/1.1" 302 0
INFO 2025-05-26 22:46:02,934 basehttp "GET /admin/core/client/ HTTP/1.1" 200 16771
INFO 2025-05-26 22:46:02,950 basehttp "GET /admin/jsi18n/ HTTP/1.1" 200 3342
INFO 2025-05-26 22:49:54,525 autoreload /Users/artem/Desktop/LR5/СosmetologyCenter/core/apps.py changed, reloading.
INFO 2025-05-26 22:49:54,957 autoreload Watching for file changes with StatReloader
INFO 2025-05-26 22:50:12,754 autoreload /Users/artem/Desktop/LR5/СosmetologyCenter/core/signals.py changed, reloading.
INFO 2025-05-26 22:50:13,141 autoreload Watching for file changes with StatReloader
WARNING 2025-05-26 22:50:26,087 log Forbidden (CSRF token from POST incorrect.): /accounts/login/
WARNING 2025-05-26 22:50:26,088 basehttp "POST /accounts/login/ HTTP/1.1" 403 2503
WARNING 2025-05-26 22:50:29,136 log Forbidden (CSRF token from POST incorrect.): /accounts/login/
WARNING 2025-05-26 22:50:29,136 basehttp "POST /accounts/login/ HTTP/1.1" 403 2503
DEBUG 2025-05-26 22:50:36,758 views Получение последних новостей для главной страницы
INFO 2025-05-26 22:50:36,759 views Начало формирования контекста для главной страницы
DEBUG 2025-05-26 22:50:36,759 views Запрос данных о погоде
DEBUG 2025-05-26 22:50:36,897 views Данные о погоде успешно получены
DEBUG 2025-05-26 22:50:36,897 views Запрос курсов валют
DEBUG 2025-05-26 22:50:37,004 views Данные о курсах валют успешно получены
INFO 2025-05-26 22:50:37,005 views Контекст для главной страницы успешно сформирован
INFO 2025-05-26 22:50:37,039 basehttp "GET / HTTP/1.1" 200 15313
INFO 2025-05-26 22:50:37,059 basehttp "GET /static/css/style.css HTTP/1.1" 304 0
INFO 2025-05-26 22:50:37,060 basehttp "GET /media/news/1-GettyImages-73096824-67ee7409bb789_NwYwV8X.webp HTTP/1.1" 304 0
INFO 2025-05-26 22:50:39,559 basehttp "POST /logout/ HTTP/1.1" 302 0
DEBUG 2025-05-26 22:50:39,562 views Получение последних новостей для главной страницы
INFO 2025-05-26 22:50:39,563 views Начало формирования контекста для главной страницы
DEBUG 2025-05-26 22:50:39,563 views Запрос данных о погоде
DEBUG 2025-05-26 22:50:39,563 views Данные о погоде успешно получены
DEBUG 2025-05-26 22:50:39,563 views Запрос курсов валют
DEBUG 2025-05-26 22:50:39,675 views Данные о курсах валют успешно получены
INFO 2025-05-26 22:50:39,676 views Контекст для главной страницы успешно сформирован
INFO 2025-05-26 22:50:39,685 basehttp "GET / HTTP/1.1" 200 14233
INFO 2025-05-26 22:50:40,781 basehttp "GET /accounts/login/ HTTP/1.1" 200 3149
INFO 2025-05-26 22:50:41,969 basehttp "GET /signup/ HTTP/1.1" 200 4997
INFO 2025-05-26 22:51:22,422 basehttp "POST /signup/ HTTP/1.1" 302 0
INFO 2025-05-26 22:51:22,427 basehttp "GET /dashboard/ HTTP/1.1" 302 0
DEBUG 2025-05-26 22:51:22,429 views Получение последних новостей для главной страницы
INFO 2025-05-26 22:51:22,429 views Начало формирования контекста для главной страницы
DEBUG 2025-05-26 22:51:22,429 views Запрос данных о погоде
DEBUG 2025-05-26 22:51:22,429 views Данные о погоде успешно получены
DEBUG 2025-05-26 22:51:22,429 views Запрос курсов валют
DEBUG 2025-05-26 22:51:22,530 views Данные о курсах валют успешно получены
INFO 2025-05-26 22:51:22,530 views Контекст для главной страницы успешно сформирован
INFO 2025-05-26 22:51:22,535 basehttp "GET / HTTP/1.1" 200 14233
INFO 2025-05-26 22:51:24,755 basehttp "GET /accounts/login/ HTTP/1.1" 200 3149
INFO 2025-05-26 22:51:35,895 basehttp "POST /accounts/login/ HTTP/1.1" 302 0
INFO 2025-05-26 22:51:35,901 basehttp "GET /dashboard/ HTTP/1.1" 302 0
INFO 2025-05-26 22:51:35,907 basehttp "GET /dashboard/client/ HTTP/1.1" 200 5402
INFO 2025-05-26 22:51:39,061 basehttp "GET /set-timezone/ HTTP/1.1" 200 39428
INFO 2025-05-26 22:51:51,662 basehttp "POST /set-timezone/ HTTP/1.1" 302 0
DEBUG 2025-05-26 22:51:51,669 views Получение последних новостей для главной страницы
INFO 2025-05-26 22:51:51,669 views Начало формирования контекста для главной страницы
DEBUG 2025-05-26 22:51:51,670 views Запрос данных о погоде
DEBUG 2025-05-26 22:51:51,670 views Данные о погоде успешно получены
DEBUG 2025-05-26 22:51:51,670 views Запрос курсов валют
DEBUG 2025-05-26 22:51:51,783 views Данные о курсах валют успешно получены
INFO 2025-05-26 22:51:51,783 views Контекст для главной страницы успешно сформирован
INFO 2025-05-26 22:51:51,796 basehttp "GET / HTTP/1.1" 200 15987
INFO 2025-05-26 22:51:53,762 basehttp "GET /dashboard/client/ HTTP/1.1" 200 5402
INFO 2025-05-26 22:51:55,951 basehttp "GET /services/ HTTP/1.1" 200 14850
INFO 2025-05-26 22:51:58,183 basehttp "GET /service/53/ HTTP/1.1" 200 6210
INFO 2025-05-26 22:52:09,054 basehttp "POST /service/53/book/ HTTP/1.1" 302 0
INFO 2025-05-26 22:52:09,063 basehttp "GET /dashboard/client/ HTTP/1.1" 200 7002
INFO 2025-05-26 22:52:12,748 basehttp "GET /set-timezone/ HTTP/1.1" 200 39428
INFO 2025-05-26 22:52:14,298 basehttp "POST /set-timezone/ HTTP/1.1" 302 0
DEBUG 2025-05-26 22:52:14,303 views Получение последних новостей для главной страницы
INFO 2025-05-26 22:52:14,303 views Начало формирования контекста для главной страницы
DEBUG 2025-05-26 22:52:14,304 views Запрос данных о погоде
DEBUG 2025-05-26 22:52:14,304 views Данные о погоде успешно получены
DEBUG 2025-05-26 22:52:14,304 views Запрос курсов валют
DEBUG 2025-05-26 22:52:14,415 views Данные о курсах валют успешно получены
INFO 2025-05-26 22:52:14,415 views Контекст для главной страницы успешно сформирован
INFO 2025-05-26 22:52:14,423 basehttp "GET / HTTP/1.1" 200 15987
INFO 2025-05-26 22:52:15,798 basehttp "GET /dashboard/client/ HTTP/1.1" 200 7002
INFO 2025-05-26 22:52:21,812 basehttp "POST /logout/ HTTP/1.1" 302 0
DEBUG 2025-05-26 22:52:21,816 views Получение последних новостей для главной страницы
INFO 2025-05-26 22:52:21,816 views Начало формирования контекста для главной страницы
DEBUG 2025-05-26 22:52:21,816 views Запрос данных о погоде
DEBUG 2025-05-26 22:52:21,816 views Данные о погоде успешно получены
DEBUG 2025-05-26 22:52:21,817 views Запрос курсов валют
DEBUG 2025-05-26 22:52:21,936 views Данные о курсах валют успешно получены
INFO 2025-05-26 22:52:21,936 views Контекст для главной страницы успешно сформирован
INFO 2025-05-26 22:52:21,946 basehttp "GET / HTTP/1.1" 200 14233
INFO 2025-05-26 22:52:25,132 basehttp "GET /statistics/ HTTP/1.1" 200 7063
DEBUG 2025-05-26 22:52:32,472 views Получение последних новостей для главной страницы
INFO 2025-05-26 22:52:32,472 views Начало формирования контекста для главной страницы
DEBUG 2025-05-26 22:52:32,473 views Запрос данных о погоде
DEBUG 2025-05-26 22:52:32,473 views Данные о погоде успешно получены
DEBUG 2025-05-26 22:52:32,473 views Запрос курсов валют
DEBUG 2025-05-26 22:52:32,592 views Данные о курсах валют успешно получены
INFO 2025-05-26 22:52:32,592 views Контекст для главной страницы успешно сформирован
INFO 2025-05-26 22:52:32,602 basehttp "GET / HTTP/1.1" 200 14233
INFO 2025-05-26 22:52:34,410 basehttp "GET /accounts/login/ HTTP/1.1" 200 3149
INFO 2025-05-26 22:52:47,337 basehttp "POST /accounts/login/ HTTP/1.1" 302 0
INFO 2025-05-26 22:52:47,347 basehttp "GET /dashboard/ HTTP/1.1" 302 0
INFO 2025-05-26 22:52:47,356 basehttp "GET /dashboard/client/ HTTP/1.1" 200 13931
INFO 2025-05-26 22:52:53,271 basehttp "GET /admin/core/ HTTP/1.1" 302 0
INFO 2025-05-26 22:52:53,285 basehttp "GET /admin/login/?next=/admin/core/ HTTP/1.1" 200 3696
INFO 2025-05-26 22:53:02,680 basehttp "POST /admin/login/?next=/admin/core/ HTTP/1.1" 302 0
INFO 2025-05-26 22:53:02,691 basehttp "GET /admin/core/ HTTP/1.1" 200 13225
INFO 2025-05-26 22:53:06,219 basehttp "GET /admin/core/appointment/ HTTP/1.1" 200 18449
INFO 2025-05-26 22:53:06,242 basehttp "GET /admin/jsi18n/ HTTP/1.1" 200 3342
INFO 2025-05-26 22:53:08,214 basehttp "GET /admin/core/appointment/47/change/ HTTP/1.1" 200 23018
INFO 2025-05-26 22:53:08,234 basehttp "GET /admin/jsi18n/ HTTP/1.1" 200 3342
INFO 2025-05-26 22:53:11,155 basehttp "POST /admin/core/appointment/47/change/ HTTP/1.1" 302 0
INFO 2025-05-26 22:53:11,180 basehttp "GET /admin/core/appointment/ HTTP/1.1" 200 18732
INFO 2025-05-26 22:53:11,196 basehttp "GET /admin/jsi18n/ HTTP/1.1" 200 3342
ERROR 2025-05-26 22:53:17,234 log Internal Server Error: /dashboard/client/
Traceback (most recent call last):
  File "/Users/artem/Desktop/LR5/СosmetologyCenter/venv/lib/python3.13/site-packages/django/core/handlers/exception.py", line 55, in inner
    response = get_response(request)
  File "/Users/artem/Desktop/LR5/СosmetologyCenter/venv/lib/python3.13/site-packages/django/core/handlers/base.py", line 197, in _get_response
    response = wrapped_callback(request, *callback_args, **callback_kwargs)
  File "/Users/artem/Desktop/LR5/СosmetologyCenter/venv/lib/python3.13/site-packages/django/views/generic/base.py", line 104, in view
    return self.dispatch(request, *args, **kwargs)
           ~~~~~~~~~~~~~^^^^^^^^^^^^^^^^^^^^^^^^^^
  File "/Users/artem/Desktop/LR5/СosmetologyCenter/venv/lib/python3.13/site-packages/django/contrib/auth/mixins.py", line 73, in dispatch
    return super().dispatch(request, *args, **kwargs)
           ~~~~~~~~~~~~~~~~^^^^^^^^^^^^^^^^^^^^^^^^^^
  File "/Users/artem/Desktop/LR5/СosmetologyCenter/venv/lib/python3.13/site-packages/django/views/generic/base.py", line 143, in dispatch
    return handler(request, *args, **kwargs)
  File "/Users/artem/Desktop/LR5/СosmetologyCenter/venv/lib/python3.13/site-packages/django/views/generic/base.py", line 226, in get
    context = self.get_context_data(**kwargs)
  File "/Users/artem/Desktop/LR5/СosmetologyCenter/core/views.py", line 255, in get_context_data
    client=self.request.user.client
           ^^^^^^^^^^^^^^^^^^^^^^^^
  File "/Users/artem/Desktop/LR5/СosmetologyCenter/venv/lib/python3.13/site-packages/django/utils/functional.py", line 253, in inner
    return func(_wrapped, *args)
  File "/Users/artem/Desktop/LR5/СosmetologyCenter/venv/lib/python3.13/site-packages/django/db/models/fields/related_descriptors.py", line 531, in __get__
    raise self.RelatedObjectDoesNotExist(
    ...<2 lines>...
    )
django.contrib.auth.models.User.client.RelatedObjectDoesNotExist: User has no client.
ERROR 2025-05-26 22:53:17,239 basehttp "GET /dashboard/client/ HTTP/1.1" 500 92507
ERROR 2025-05-26 22:53:20,800 log Internal Server Error: /dashboard/client/
Traceback (most recent call last):
  File "/Users/artem/Desktop/LR5/СosmetologyCenter/venv/lib/python3.13/site-packages/django/core/handlers/exception.py", line 55, in inner
    response = get_response(request)
  File "/Users/artem/Desktop/LR5/СosmetologyCenter/venv/lib/python3.13/site-packages/django/core/handlers/base.py", line 197, in _get_response
    response = wrapped_callback(request, *callback_args, **callback_kwargs)
  File "/Users/artem/Desktop/LR5/СosmetologyCenter/venv/lib/python3.13/site-packages/django/views/generic/base.py", line 104, in view
    return self.dispatch(request, *args, **kwargs)
           ~~~~~~~~~~~~~^^^^^^^^^^^^^^^^^^^^^^^^^^
  File "/Users/artem/Desktop/LR5/СosmetologyCenter/venv/lib/python3.13/site-packages/django/contrib/auth/mixins.py", line 73, in dispatch
    return super().dispatch(request, *args, **kwargs)
           ~~~~~~~~~~~~~~~~^^^^^^^^^^^^^^^^^^^^^^^^^^
  File "/Users/artem/Desktop/LR5/СosmetologyCenter/venv/lib/python3.13/site-packages/django/views/generic/base.py", line 143, in dispatch
    return handler(request, *args, **kwargs)
  File "/Users/artem/Desktop/LR5/СosmetologyCenter/venv/lib/python3.13/site-packages/django/views/generic/base.py", line 226, in get
    context = self.get_context_data(**kwargs)
  File "/Users/artem/Desktop/LR5/СosmetologyCenter/core/views.py", line 255, in get_context_data
    client=self.request.user.client
           ^^^^^^^^^^^^^^^^^^^^^^^^
  File "/Users/artem/Desktop/LR5/СosmetologyCenter/venv/lib/python3.13/site-packages/django/utils/functional.py", line 253, in inner
    return func(_wrapped, *args)
  File "/Users/artem/Desktop/LR5/СosmetologyCenter/venv/lib/python3.13/site-packages/django/db/models/fields/related_descriptors.py", line 531, in __get__
    raise self.RelatedObjectDoesNotExist(
    ...<2 lines>...
    )
django.contrib.auth.models.User.client.RelatedObjectDoesNotExist: User has no client.
ERROR 2025-05-26 22:53:20,802 basehttp "GET /dashboard/client/ HTTP/1.1" 500 92644
ERROR 2025-05-26 22:53:21,538 log Internal Server Error: /dashboard/client/
Traceback (most recent call last):
  File "/Users/artem/Desktop/LR5/СosmetologyCenter/venv/lib/python3.13/site-packages/django/core/handlers/exception.py", line 55, in inner
    response = get_response(request)
  File "/Users/artem/Desktop/LR5/СosmetologyCenter/venv/lib/python3.13/site-packages/django/core/handlers/base.py", line 197, in _get_response
    response = wrapped_callback(request, *callback_args, **callback_kwargs)
  File "/Users/artem/Desktop/LR5/СosmetologyCenter/venv/lib/python3.13/site-packages/django/views/generic/base.py", line 104, in view
    return self.dispatch(request, *args, **kwargs)
           ~~~~~~~~~~~~~^^^^^^^^^^^^^^^^^^^^^^^^^^
  File "/Users/artem/Desktop/LR5/СosmetologyCenter/venv/lib/python3.13/site-packages/django/contrib/auth/mixins.py", line 73, in dispatch
    return super().dispatch(request, *args, **kwargs)
           ~~~~~~~~~~~~~~~~^^^^^^^^^^^^^^^^^^^^^^^^^^
  File "/Users/artem/Desktop/LR5/СosmetologyCenter/venv/lib/python3.13/site-packages/django/views/generic/base.py", line 143, in dispatch
    return handler(request, *args, **kwargs)
  File "/Users/artem/Desktop/LR5/СosmetologyCenter/venv/lib/python3.13/site-packages/django/views/generic/base.py", line 226, in get
    context = self.get_context_data(**kwargs)
  File "/Users/artem/Desktop/LR5/СosmetologyCenter/core/views.py", line 255, in get_context_data
    client=self.request.user.client
           ^^^^^^^^^^^^^^^^^^^^^^^^
  File "/Users/artem/Desktop/LR5/СosmetologyCenter/venv/lib/python3.13/site-packages/django/utils/functional.py", line 253, in inner
    return func(_wrapped, *args)
  File "/Users/artem/Desktop/LR5/СosmetologyCenter/venv/lib/python3.13/site-packages/django/db/models/fields/related_descriptors.py", line 531, in __get__
    raise self.RelatedObjectDoesNotExist(
    ...<2 lines>...
    )
django.contrib.auth.models.User.client.RelatedObjectDoesNotExist: User has no client.
ERROR 2025-05-26 22:53:21,540 basehttp "GET /dashboard/client/ HTTP/1.1" 500 92644
ERROR 2025-05-26 22:53:22,084 log Internal Server Error: /dashboard/client/
Traceback (most recent call last):
  File "/Users/artem/Desktop/LR5/СosmetologyCenter/venv/lib/python3.13/site-packages/django/core/handlers/exception.py", line 55, in inner
    response = get_response(request)
  File "/Users/artem/Desktop/LR5/СosmetologyCenter/venv/lib/python3.13/site-packages/django/core/handlers/base.py", line 197, in _get_response
    response = wrapped_callback(request, *callback_args, **callback_kwargs)
  File "/Users/artem/Desktop/LR5/СosmetologyCenter/venv/lib/python3.13/site-packages/django/views/generic/base.py", line 104, in view
    return self.dispatch(request, *args, **kwargs)
           ~~~~~~~~~~~~~^^^^^^^^^^^^^^^^^^^^^^^^^^
  File "/Users/artem/Desktop/LR5/СosmetologyCenter/venv/lib/python3.13/site-packages/django/contrib/auth/mixins.py", line 73, in dispatch
    return super().dispatch(request, *args, **kwargs)
           ~~~~~~~~~~~~~~~~^^^^^^^^^^^^^^^^^^^^^^^^^^
  File "/Users/artem/Desktop/LR5/СosmetologyCenter/venv/lib/python3.13/site-packages/django/views/generic/base.py", line 143, in dispatch
    return handler(request, *args, **kwargs)
  File "/Users/artem/Desktop/LR5/СosmetologyCenter/venv/lib/python3.13/site-packages/django/views/generic/base.py", line 226, in get
    context = self.get_context_data(**kwargs)
  File "/Users/artem/Desktop/LR5/СosmetologyCenter/core/views.py", line 255, in get_context_data
    client=self.request.user.client
           ^^^^^^^^^^^^^^^^^^^^^^^^
  File "/Users/artem/Desktop/LR5/СosmetologyCenter/venv/lib/python3.13/site-packages/django/utils/functional.py", line 253, in inner
    return func(_wrapped, *args)
  File "/Users/artem/Desktop/LR5/СosmetologyCenter/venv/lib/python3.13/site-packages/django/db/models/fields/related_descriptors.py", line 531, in __get__
    raise self.RelatedObjectDoesNotExist(
    ...<2 lines>...
    )
django.contrib.auth.models.User.client.RelatedObjectDoesNotExist: User has no client.
ERROR 2025-05-26 22:53:22,085 basehttp "GET /dashboard/client/ HTTP/1.1" 500 92644
ERROR 2025-05-26 22:53:22,280 log Internal Server Error: /dashboard/client/
Traceback (most recent call last):
  File "/Users/artem/Desktop/LR5/СosmetologyCenter/venv/lib/python3.13/site-packages/django/core/handlers/exception.py", line 55, in inner
    response = get_response(request)
  File "/Users/artem/Desktop/LR5/СosmetologyCenter/venv/lib/python3.13/site-packages/django/core/handlers/base.py", line 197, in _get_response
    response = wrapped_callback(request, *callback_args, **callback_kwargs)
  File "/Users/artem/Desktop/LR5/СosmetologyCenter/venv/lib/python3.13/site-packages/django/views/generic/base.py", line 104, in view
    return self.dispatch(request, *args, **kwargs)
           ~~~~~~~~~~~~~^^^^^^^^^^^^^^^^^^^^^^^^^^
  File "/Users/artem/Desktop/LR5/СosmetologyCenter/venv/lib/python3.13/site-packages/django/contrib/auth/mixins.py", line 73, in dispatch
    return super().dispatch(request, *args, **kwargs)
           ~~~~~~~~~~~~~~~~^^^^^^^^^^^^^^^^^^^^^^^^^^
  File "/Users/artem/Desktop/LR5/СosmetologyCenter/venv/lib/python3.13/site-packages/django/views/generic/base.py", line 143, in dispatch
    return handler(request, *args, **kwargs)
  File "/Users/artem/Desktop/LR5/СosmetologyCenter/venv/lib/python3.13/site-packages/django/views/generic/base.py", line 226, in get
    context = self.get_context_data(**kwargs)
  File "/Users/artem/Desktop/LR5/СosmetologyCenter/core/views.py", line 255, in get_context_data
    client=self.request.user.client
           ^^^^^^^^^^^^^^^^^^^^^^^^
  File "/Users/artem/Desktop/LR5/СosmetologyCenter/venv/lib/python3.13/site-packages/django/utils/functional.py", line 253, in inner
    return func(_wrapped, *args)
  File "/Users/artem/Desktop/LR5/СosmetologyCenter/venv/lib/python3.13/site-packages/django/db/models/fields/related_descriptors.py", line 531, in __get__
    raise self.RelatedObjectDoesNotExist(
    ...<2 lines>...
    )
django.contrib.auth.models.User.client.RelatedObjectDoesNotExist: User has no client.
ERROR 2025-05-26 22:53:22,282 basehttp "GET /dashboard/client/ HTTP/1.1" 500 92644
ERROR 2025-05-26 22:53:22,587 log Internal Server Error: /dashboard/client/
Traceback (most recent call last):
  File "/Users/artem/Desktop/LR5/СosmetologyCenter/venv/lib/python3.13/site-packages/django/core/handlers/exception.py", line 55, in inner
    response = get_response(request)
  File "/Users/artem/Desktop/LR5/СosmetologyCenter/venv/lib/python3.13/site-packages/django/core/handlers/base.py", line 197, in _get_response
    response = wrapped_callback(request, *callback_args, **callback_kwargs)
  File "/Users/artem/Desktop/LR5/СosmetologyCenter/venv/lib/python3.13/site-packages/django/views/generic/base.py", line 104, in view
    return self.dispatch(request, *args, **kwargs)
           ~~~~~~~~~~~~~^^^^^^^^^^^^^^^^^^^^^^^^^^
  File "/Users/artem/Desktop/LR5/СosmetologyCenter/venv/lib/python3.13/site-packages/django/contrib/auth/mixins.py", line 73, in dispatch
    return super().dispatch(request, *args, **kwargs)
           ~~~~~~~~~~~~~~~~^^^^^^^^^^^^^^^^^^^^^^^^^^
  File "/Users/artem/Desktop/LR5/СosmetologyCenter/venv/lib/python3.13/site-packages/django/views/generic/base.py", line 143, in dispatch
    return handler(request, *args, **kwargs)
  File "/Users/artem/Desktop/LR5/СosmetologyCenter/venv/lib/python3.13/site-packages/django/views/generic/base.py", line 226, in get
    context = self.get_context_data(**kwargs)
  File "/Users/artem/Desktop/LR5/СosmetologyCenter/core/views.py", line 255, in get_context_data
    client=self.request.user.client
           ^^^^^^^^^^^^^^^^^^^^^^^^
  File "/Users/artem/Desktop/LR5/СosmetologyCenter/venv/lib/python3.13/site-packages/django/utils/functional.py", line 253, in inner
    return func(_wrapped, *args)
  File "/Users/artem/Desktop/LR5/СosmetologyCenter/venv/lib/python3.13/site-packages/django/db/models/fields/related_descriptors.py", line 531, in __get__
    raise self.RelatedObjectDoesNotExist(
    ...<2 lines>...
    )
django.contrib.auth.models.User.client.RelatedObjectDoesNotExist: User has no client.
ERROR 2025-05-26 22:53:22,588 basehttp "GET /dashboard/client/ HTTP/1.1" 500 92644
ERROR 2025-05-26 22:53:23,012 log Internal Server Error: /dashboard/client/
Traceback (most recent call last):
  File "/Users/artem/Desktop/LR5/СosmetologyCenter/venv/lib/python3.13/site-packages/django/core/handlers/exception.py", line 55, in inner
    response = get_response(request)
  File "/Users/artem/Desktop/LR5/СosmetologyCenter/venv/lib/python3.13/site-packages/django/core/handlers/base.py", line 197, in _get_response
    response = wrapped_callback(request, *callback_args, **callback_kwargs)
  File "/Users/artem/Desktop/LR5/СosmetologyCenter/venv/lib/python3.13/site-packages/django/views/generic/base.py", line 104, in view
    return self.dispatch(request, *args, **kwargs)
           ~~~~~~~~~~~~~^^^^^^^^^^^^^^^^^^^^^^^^^^
  File "/Users/artem/Desktop/LR5/СosmetologyCenter/venv/lib/python3.13/site-packages/django/contrib/auth/mixins.py", line 73, in dispatch
    return super().dispatch(request, *args, **kwargs)
           ~~~~~~~~~~~~~~~~^^^^^^^^^^^^^^^^^^^^^^^^^^
  File "/Users/artem/Desktop/LR5/СosmetologyCenter/venv/lib/python3.13/site-packages/django/views/generic/base.py", line 143, in dispatch
    return handler(request, *args, **kwargs)
  File "/Users/artem/Desktop/LR5/СosmetologyCenter/venv/lib/python3.13/site-packages/django/views/generic/base.py", line 226, in get
    context = self.get_context_data(**kwargs)
  File "/Users/artem/Desktop/LR5/СosmetologyCenter/core/views.py", line 255, in get_context_data
    client=self.request.user.client
           ^^^^^^^^^^^^^^^^^^^^^^^^
  File "/Users/artem/Desktop/LR5/СosmetologyCenter/venv/lib/python3.13/site-packages/django/utils/functional.py", line 253, in inner
    return func(_wrapped, *args)
  File "/Users/artem/Desktop/LR5/СosmetologyCenter/venv/lib/python3.13/site-packages/django/db/models/fields/related_descriptors.py", line 531, in __get__
    raise self.RelatedObjectDoesNotExist(
    ...<2 lines>...
    )
django.contrib.auth.models.User.client.RelatedObjectDoesNotExist: User has no client.
ERROR 2025-05-26 22:53:23,013 basehttp "GET /dashboard/client/ HTTP/1.1" 500 92644
ERROR 2025-05-26 22:53:23,196 log Internal Server Error: /dashboard/client/
Traceback (most recent call last):
  File "/Users/artem/Desktop/LR5/СosmetologyCenter/venv/lib/python3.13/site-packages/django/core/handlers/exception.py", line 55, in inner
    response = get_response(request)
  File "/Users/artem/Desktop/LR5/СosmetologyCenter/venv/lib/python3.13/site-packages/django/core/handlers/base.py", line 197, in _get_response
    response = wrapped_callback(request, *callback_args, **callback_kwargs)
  File "/Users/artem/Desktop/LR5/СosmetologyCenter/venv/lib/python3.13/site-packages/django/views/generic/base.py", line 104, in view
    return self.dispatch(request, *args, **kwargs)
           ~~~~~~~~~~~~~^^^^^^^^^^^^^^^^^^^^^^^^^^
  File "/Users/artem/Desktop/LR5/СosmetologyCenter/venv/lib/python3.13/site-packages/django/contrib/auth/mixins.py", line 73, in dispatch
    return super().dispatch(request, *args, **kwargs)
           ~~~~~~~~~~~~~~~~^^^^^^^^^^^^^^^^^^^^^^^^^^
  File "/Users/artem/Desktop/LR5/СosmetologyCenter/venv/lib/python3.13/site-packages/django/views/generic/base.py", line 143, in dispatch
    return handler(request, *args, **kwargs)
  File "/Users/artem/Desktop/LR5/СosmetologyCenter/venv/lib/python3.13/site-packages/django/views/generic/base.py", line 226, in get
    context = self.get_context_data(**kwargs)
  File "/Users/artem/Desktop/LR5/СosmetologyCenter/core/views.py", line 255, in get_context_data
    client=self.request.user.client
           ^^^^^^^^^^^^^^^^^^^^^^^^
  File "/Users/artem/Desktop/LR5/СosmetologyCenter/venv/lib/python3.13/site-packages/django/utils/functional.py", line 253, in inner
    return func(_wrapped, *args)
  File "/Users/artem/Desktop/LR5/СosmetologyCenter/venv/lib/python3.13/site-packages/django/db/models/fields/related_descriptors.py", line 531, in __get__
    raise self.RelatedObjectDoesNotExist(
    ...<2 lines>...
    )
django.contrib.auth.models.User.client.RelatedObjectDoesNotExist: User has no client.
ERROR 2025-05-26 22:53:23,197 basehttp "GET /dashboard/client/ HTTP/1.1" 500 92644
ERROR 2025-05-26 22:53:23,379 log Internal Server Error: /dashboard/client/
Traceback (most recent call last):
  File "/Users/artem/Desktop/LR5/СosmetologyCenter/venv/lib/python3.13/site-packages/django/core/handlers/exception.py", line 55, in inner
    response = get_response(request)
  File "/Users/artem/Desktop/LR5/СosmetologyCenter/venv/lib/python3.13/site-packages/django/core/handlers/base.py", line 197, in _get_response
    response = wrapped_callback(request, *callback_args, **callback_kwargs)
  File "/Users/artem/Desktop/LR5/СosmetologyCenter/venv/lib/python3.13/site-packages/django/views/generic/base.py", line 104, in view
    return self.dispatch(request, *args, **kwargs)
           ~~~~~~~~~~~~~^^^^^^^^^^^^^^^^^^^^^^^^^^
  File "/Users/artem/Desktop/LR5/СosmetologyCenter/venv/lib/python3.13/site-packages/django/contrib/auth/mixins.py", line 73, in dispatch
    return super().dispatch(request, *args, **kwargs)
           ~~~~~~~~~~~~~~~~^^^^^^^^^^^^^^^^^^^^^^^^^^
  File "/Users/artem/Desktop/LR5/СosmetologyCenter/venv/lib/python3.13/site-packages/django/views/generic/base.py", line 143, in dispatch
    return handler(request, *args, **kwargs)
  File "/Users/artem/Desktop/LR5/СosmetologyCenter/venv/lib/python3.13/site-packages/django/views/generic/base.py", line 226, in get
    context = self.get_context_data(**kwargs)
  File "/Users/artem/Desktop/LR5/СosmetologyCenter/core/views.py", line 255, in get_context_data
    client=self.request.user.client
           ^^^^^^^^^^^^^^^^^^^^^^^^
  File "/Users/artem/Desktop/LR5/СosmetologyCenter/venv/lib/python3.13/site-packages/django/utils/functional.py", line 253, in inner
    return func(_wrapped, *args)
  File "/Users/artem/Desktop/LR5/СosmetologyCenter/venv/lib/python3.13/site-packages/django/db/models/fields/related_descriptors.py", line 531, in __get__
    raise self.RelatedObjectDoesNotExist(
    ...<2 lines>...
    )
django.contrib.auth.models.User.client.RelatedObjectDoesNotExist: User has no client.
ERROR 2025-05-26 22:53:23,380 basehttp "GET /dashboard/client/ HTTP/1.1" 500 92644
ERROR 2025-05-26 22:53:23,563 log Internal Server Error: /dashboard/client/
Traceback (most recent call last):
  File "/Users/artem/Desktop/LR5/СosmetologyCenter/venv/lib/python3.13/site-packages/django/core/handlers/exception.py", line 55, in inner
    response = get_response(request)
  File "/Users/artem/Desktop/LR5/СosmetologyCenter/venv/lib/python3.13/site-packages/django/core/handlers/base.py", line 197, in _get_response
    response = wrapped_callback(request, *callback_args, **callback_kwargs)
  File "/Users/artem/Desktop/LR5/СosmetologyCenter/venv/lib/python3.13/site-packages/django/views/generic/base.py", line 104, in view
    return self.dispatch(request, *args, **kwargs)
           ~~~~~~~~~~~~~^^^^^^^^^^^^^^^^^^^^^^^^^^
  File "/Users/artem/Desktop/LR5/СosmetologyCenter/venv/lib/python3.13/site-packages/django/contrib/auth/mixins.py", line 73, in dispatch
    return super().dispatch(request, *args, **kwargs)
           ~~~~~~~~~~~~~~~~^^^^^^^^^^^^^^^^^^^^^^^^^^
  File "/Users/artem/Desktop/LR5/СosmetologyCenter/venv/lib/python3.13/site-packages/django/views/generic/base.py", line 143, in dispatch
    return handler(request, *args, **kwargs)
  File "/Users/artem/Desktop/LR5/СosmetologyCenter/venv/lib/python3.13/site-packages/django/views/generic/base.py", line 226, in get
    context = self.get_context_data(**kwargs)
  File "/Users/artem/Desktop/LR5/СosmetologyCenter/core/views.py", line 255, in get_context_data
    client=self.request.user.client
           ^^^^^^^^^^^^^^^^^^^^^^^^
  File "/Users/artem/Desktop/LR5/СosmetologyCenter/venv/lib/python3.13/site-packages/django/utils/functional.py", line 253, in inner
    return func(_wrapped, *args)
  File "/Users/artem/Desktop/LR5/СosmetologyCenter/venv/lib/python3.13/site-packages/django/db/models/fields/related_descriptors.py", line 531, in __get__
    raise self.RelatedObjectDoesNotExist(
    ...<2 lines>...
    )
django.contrib.auth.models.User.client.RelatedObjectDoesNotExist: User has no client.
ERROR 2025-05-26 22:53:23,564 basehttp "GET /dashboard/client/ HTTP/1.1" 500 92644
ERROR 2025-05-26 22:53:23,782 log Internal Server Error: /dashboard/client/
Traceback (most recent call last):
  File "/Users/artem/Desktop/LR5/СosmetologyCenter/venv/lib/python3.13/site-packages/django/core/handlers/exception.py", line 55, in inner
    response = get_response(request)
  File "/Users/artem/Desktop/LR5/СosmetologyCenter/venv/lib/python3.13/site-packages/django/core/handlers/base.py", line 197, in _get_response
    response = wrapped_callback(request, *callback_args, **callback_kwargs)
  File "/Users/artem/Desktop/LR5/СosmetologyCenter/venv/lib/python3.13/site-packages/django/views/generic/base.py", line 104, in view
    return self.dispatch(request, *args, **kwargs)
           ~~~~~~~~~~~~~^^^^^^^^^^^^^^^^^^^^^^^^^^
  File "/Users/artem/Desktop/LR5/СosmetologyCenter/venv/lib/python3.13/site-packages/django/contrib/auth/mixins.py", line 73, in dispatch
    return super().dispatch(request, *args, **kwargs)
           ~~~~~~~~~~~~~~~~^^^^^^^^^^^^^^^^^^^^^^^^^^
  File "/Users/artem/Desktop/LR5/СosmetologyCenter/venv/lib/python3.13/site-packages/django/views/generic/base.py", line 143, in dispatch
    return handler(request, *args, **kwargs)
  File "/Users/artem/Desktop/LR5/СosmetologyCenter/venv/lib/python3.13/site-packages/django/views/generic/base.py", line 226, in get
    context = self.get_context_data(**kwargs)
  File "/Users/artem/Desktop/LR5/СosmetologyCenter/core/views.py", line 255, in get_context_data
    client=self.request.user.client
           ^^^^^^^^^^^^^^^^^^^^^^^^
  File "/Users/artem/Desktop/LR5/СosmetologyCenter/venv/lib/python3.13/site-packages/django/utils/functional.py", line 253, in inner
    return func(_wrapped, *args)
  File "/Users/artem/Desktop/LR5/СosmetologyCenter/venv/lib/python3.13/site-packages/django/db/models/fields/related_descriptors.py", line 531, in __get__
    raise self.RelatedObjectDoesNotExist(
    ...<2 lines>...
    )
django.contrib.auth.models.User.client.RelatedObjectDoesNotExist: User has no client.
ERROR 2025-05-26 22:53:23,783 basehttp "GET /dashboard/client/ HTTP/1.1" 500 92644
ERROR 2025-05-26 22:53:23,988 log Internal Server Error: /dashboard/client/
Traceback (most recent call last):
  File "/Users/artem/Desktop/LR5/СosmetologyCenter/venv/lib/python3.13/site-packages/django/core/handlers/exception.py", line 55, in inner
    response = get_response(request)
  File "/Users/artem/Desktop/LR5/СosmetologyCenter/venv/lib/python3.13/site-packages/django/core/handlers/base.py", line 197, in _get_response
    response = wrapped_callback(request, *callback_args, **callback_kwargs)
  File "/Users/artem/Desktop/LR5/СosmetologyCenter/venv/lib/python3.13/site-packages/django/views/generic/base.py", line 104, in view
    return self.dispatch(request, *args, **kwargs)
           ~~~~~~~~~~~~~^^^^^^^^^^^^^^^^^^^^^^^^^^
  File "/Users/artem/Desktop/LR5/СosmetologyCenter/venv/lib/python3.13/site-packages/django/contrib/auth/mixins.py", line 73, in dispatch
    return super().dispatch(request, *args, **kwargs)
           ~~~~~~~~~~~~~~~~^^^^^^^^^^^^^^^^^^^^^^^^^^
  File "/Users/artem/Desktop/LR5/СosmetologyCenter/venv/lib/python3.13/site-packages/django/views/generic/base.py", line 143, in dispatch
    return handler(request, *args, **kwargs)
  File "/Users/artem/Desktop/LR5/СosmetologyCenter/venv/lib/python3.13/site-packages/django/views/generic/base.py", line 226, in get
    context = self.get_context_data(**kwargs)
  File "/Users/artem/Desktop/LR5/СosmetologyCenter/core/views.py", line 255, in get_context_data
    client=self.request.user.client
           ^^^^^^^^^^^^^^^^^^^^^^^^
  File "/Users/artem/Desktop/LR5/СosmetologyCenter/venv/lib/python3.13/site-packages/django/utils/functional.py", line 253, in inner
    return func(_wrapped, *args)
  File "/Users/artem/Desktop/LR5/СosmetologyCenter/venv/lib/python3.13/site-packages/django/db/models/fields/related_descriptors.py", line 531, in __get__
    raise self.RelatedObjectDoesNotExist(
    ...<2 lines>...
    )
django.contrib.auth.models.User.client.RelatedObjectDoesNotExist: User has no client.
ERROR 2025-05-26 22:53:23,989 basehttp "GET /dashboard/client/ HTTP/1.1" 500 92644
ERROR 2025-05-26 22:53:24,145 log Internal Server Error: /dashboard/client/
Traceback (most recent call last):
  File "/Users/artem/Desktop/LR5/СosmetologyCenter/venv/lib/python3.13/site-packages/django/core/handlers/exception.py", line 55, in inner
    response = get_response(request)
  File "/Users/artem/Desktop/LR5/СosmetologyCenter/venv/lib/python3.13/site-packages/django/core/handlers/base.py", line 197, in _get_response
    response = wrapped_callback(request, *callback_args, **callback_kwargs)
  File "/Users/artem/Desktop/LR5/СosmetologyCenter/venv/lib/python3.13/site-packages/django/views/generic/base.py", line 104, in view
    return self.dispatch(request, *args, **kwargs)
           ~~~~~~~~~~~~~^^^^^^^^^^^^^^^^^^^^^^^^^^
  File "/Users/artem/Desktop/LR5/СosmetologyCenter/venv/lib/python3.13/site-packages/django/contrib/auth/mixins.py", line 73, in dispatch
    return super().dispatch(request, *args, **kwargs)
           ~~~~~~~~~~~~~~~~^^^^^^^^^^^^^^^^^^^^^^^^^^
  File "/Users/artem/Desktop/LR5/СosmetologyCenter/venv/lib/python3.13/site-packages/django/views/generic/base.py", line 143, in dispatch
    return handler(request, *args, **kwargs)
  File "/Users/artem/Desktop/LR5/СosmetologyCenter/venv/lib/python3.13/site-packages/django/views/generic/base.py", line 226, in get
    context = self.get_context_data(**kwargs)
  File "/Users/artem/Desktop/LR5/СosmetologyCenter/core/views.py", line 255, in get_context_data
    client=self.request.user.client
           ^^^^^^^^^^^^^^^^^^^^^^^^
  File "/Users/artem/Desktop/LR5/СosmetologyCenter/venv/lib/python3.13/site-packages/django/utils/functional.py", line 253, in inner
    return func(_wrapped, *args)
  File "/Users/artem/Desktop/LR5/СosmetologyCenter/venv/lib/python3.13/site-packages/django/db/models/fields/related_descriptors.py", line 531, in __get__
    raise self.RelatedObjectDoesNotExist(
    ...<2 lines>...
    )
django.contrib.auth.models.User.client.RelatedObjectDoesNotExist: User has no client.
ERROR 2025-05-26 22:53:24,146 basehttp "GET /dashboard/client/ HTTP/1.1" 500 92644
ERROR 2025-05-26 22:53:24,413 log Internal Server Error: /dashboard/client/
Traceback (most recent call last):
  File "/Users/artem/Desktop/LR5/СosmetologyCenter/venv/lib/python3.13/site-packages/django/core/handlers/exception.py", line 55, in inner
    response = get_response(request)
  File "/Users/artem/Desktop/LR5/СosmetologyCenter/venv/lib/python3.13/site-packages/django/core/handlers/base.py", line 197, in _get_response
    response = wrapped_callback(request, *callback_args, **callback_kwargs)
  File "/Users/artem/Desktop/LR5/СosmetologyCenter/venv/lib/python3.13/site-packages/django/views/generic/base.py", line 104, in view
    return self.dispatch(request, *args, **kwargs)
           ~~~~~~~~~~~~~^^^^^^^^^^^^^^^^^^^^^^^^^^
  File "/Users/artem/Desktop/LR5/СosmetologyCenter/venv/lib/python3.13/site-packages/django/contrib/auth/mixins.py", line 73, in dispatch
    return super().dispatch(request, *args, **kwargs)
           ~~~~~~~~~~~~~~~~^^^^^^^^^^^^^^^^^^^^^^^^^^
  File "/Users/artem/Desktop/LR5/СosmetologyCenter/venv/lib/python3.13/site-packages/django/views/generic/base.py", line 143, in dispatch
    return handler(request, *args, **kwargs)
  File "/Users/artem/Desktop/LR5/СosmetologyCenter/venv/lib/python3.13/site-packages/django/views/generic/base.py", line 226, in get
    context = self.get_context_data(**kwargs)
  File "/Users/artem/Desktop/LR5/СosmetologyCenter/core/views.py", line 255, in get_context_data
    client=self.request.user.client
           ^^^^^^^^^^^^^^^^^^^^^^^^
  File "/Users/artem/Desktop/LR5/СosmetologyCenter/venv/lib/python3.13/site-packages/django/utils/functional.py", line 253, in inner
    return func(_wrapped, *args)
  File "/Users/artem/Desktop/LR5/СosmetologyCenter/venv/lib/python3.13/site-packages/django/db/models/fields/related_descriptors.py", line 531, in __get__
    raise self.RelatedObjectDoesNotExist(
    ...<2 lines>...
    )
django.contrib.auth.models.User.client.RelatedObjectDoesNotExist: User has no client.
ERROR 2025-05-26 22:53:24,414 basehttp "GET /dashboard/client/ HTTP/1.1" 500 92644
ERROR 2025-05-26 22:53:24,569 log Internal Server Error: /dashboard/client/
Traceback (most recent call last):
  File "/Users/artem/Desktop/LR5/СosmetologyCenter/venv/lib/python3.13/site-packages/django/core/handlers/exception.py", line 55, in inner
    response = get_response(request)
  File "/Users/artem/Desktop/LR5/СosmetologyCenter/venv/lib/python3.13/site-packages/django/core/handlers/base.py", line 197, in _get_response
    response = wrapped_callback(request, *callback_args, **callback_kwargs)
  File "/Users/artem/Desktop/LR5/СosmetologyCenter/venv/lib/python3.13/site-packages/django/views/generic/base.py", line 104, in view
    return self.dispatch(request, *args, **kwargs)
           ~~~~~~~~~~~~~^^^^^^^^^^^^^^^^^^^^^^^^^^
  File "/Users/artem/Desktop/LR5/СosmetologyCenter/venv/lib/python3.13/site-packages/django/contrib/auth/mixins.py", line 73, in dispatch
    return super().dispatch(request, *args, **kwargs)
           ~~~~~~~~~~~~~~~~^^^^^^^^^^^^^^^^^^^^^^^^^^
  File "/Users/artem/Desktop/LR5/СosmetologyCenter/venv/lib/python3.13/site-packages/django/views/generic/base.py", line 143, in dispatch
    return handler(request, *args, **kwargs)
  File "/Users/artem/Desktop/LR5/СosmetologyCenter/venv/lib/python3.13/site-packages/django/views/generic/base.py", line 226, in get
    context = self.get_context_data(**kwargs)
  File "/Users/artem/Desktop/LR5/СosmetologyCenter/core/views.py", line 255, in get_context_data
    client=self.request.user.client
           ^^^^^^^^^^^^^^^^^^^^^^^^
  File "/Users/artem/Desktop/LR5/СosmetologyCenter/venv/lib/python3.13/site-packages/django/utils/functional.py", line 253, in inner
    return func(_wrapped, *args)
  File "/Users/artem/Desktop/LR5/СosmetologyCenter/venv/lib/python3.13/site-packages/django/db/models/fields/related_descriptors.py", line 531, in __get__
    raise self.RelatedObjectDoesNotExist(
    ...<2 lines>...
    )
django.contrib.auth.models.User.client.RelatedObjectDoesNotExist: User has no client.
ERROR 2025-05-26 22:53:24,570 basehttp "GET /dashboard/client/ HTTP/1.1" 500 92644
INFO 2025-05-26 22:53:46,653 autoreload /Users/artem/Desktop/LR5/СosmetologyCenter/core/signals.py changed, reloading.
INFO 2025-05-26 22:53:47,089 autoreload Watching for file changes with StatReloader
INFO 2025-05-26 22:53:54,685 autoreload /Users/artem/Desktop/LR5/СosmetologyCenter/core/apps.py changed, reloading.
INFO 2025-05-26 22:53:54,942 autoreload Watching for file changes with StatReloader
DEBUG 2025-05-26 22:54:24,605 views Получение последних новостей для главной страницы
INFO 2025-05-26 22:54:24,606 views Начало формирования контекста для главной страницы
DEBUG 2025-05-26 22:54:24,608 views Запрос данных о погоде
DEBUG 2025-05-26 22:54:24,749 views Данные о погоде успешно получены
DEBUG 2025-05-26 22:54:24,749 views Запрос курсов валют
DEBUG 2025-05-26 22:54:24,860 views Данные о курсах валют успешно получены
INFO 2025-05-26 22:54:24,861 views Контекст для главной страницы успешно сформирован
INFO 2025-05-26 22:54:24,899 basehttp "GET / HTTP/1.1" 200 15313
INFO 2025-05-26 22:54:24,939 basehttp "GET /media/news/1-GettyImages-73096824-67ee7409bb789_NwYwV8X.webp HTTP/1.1" 200 23108
INFO 2025-05-26 22:54:24,941 basehttp "GET /media/news/1483444335_0-0-3840-2160_1920x0_80_0_0_d78397da469ce01dd2656c4ccb408168_dfm7Pro.jpg HTTP/1.1" 200 123825
INFO 2025-05-26 22:54:24,944 basehttp "GET /media/news/Screenshot_2025-05-26_at_16.53.50.png HTTP/1.1" 200 983608
INFO 2025-05-26 22:54:27,787 basehttp "GET /vacancies/ HTTP/1.1" 200 13660
INFO 2025-05-26 22:54:28,910 basehttp "GET /statistics/ HTTP/1.1" 200 8039
INFO 2025-05-26 22:54:32,602 basehttp "GET /set-timezone/ HTTP/1.1" 200 39137
INFO 2025-05-26 22:54:33,867 basehttp "GET /about/ HTTP/1.1" 200 5602
INFO 2025-05-26 22:54:34,612 basehttp "GET /doctors/ HTTP/1.1" 200 12423
INFO 2025-05-26 22:54:34,631 basehttp "GET /media/doctors/2d394f680c1bf633d300eee67dd58b90.jpg HTTP/1.1" 200 24328
INFO 2025-05-26 22:54:34,633 basehttp "GET /media/doctors/360_F_118225354_9E9LrO7Y8YHqpoV7jCiSnygQAD4LyJAx.jpg HTTP/1.1" 200 25942
INFO 2025-05-26 22:54:34,645 basehttp "GET /media/doctors/Screenshot_2025-05-26_at_23.51.08.png HTTP/1.1" 200 289583
INFO 2025-05-26 22:54:34,648 basehttp "GET /media/doctors/Screenshot_2025-05-26_at_23.50.23.png HTTP/1.1" 200 342535
INFO 2025-05-26 22:54:34,652 basehttp "GET /media/doctors/Screenshot_2025-05-26_at_23.50.42.png HTTP/1.1" 200 663399
INFO 2025-05-26 22:54:34,654 basehttp "GET /media/doctors/Screenshot_2025-05-26_at_23.51.39.png HTTP/1.1" 200 945687
INFO 2025-05-26 22:54:34,656 basehttp "GET /media/employees/Screenshot_2025-05-27_at_00.07.15.png HTTP/1.1" 200 989257
INFO 2025-05-26 22:54:35,311 basehttp "GET /services/ HTTP/1.1" 200 14559
INFO 2025-05-26 22:54:36,027 basehttp "GET /privacy/ HTTP/1.1" 200 5417
INFO 2025-05-26 22:54:36,734 basehttp "GET /promocodes/ HTTP/1.1" 200 4597
INFO 2025-05-26 22:54:37,481 basehttp "GET /vacancies/ HTTP/1.1" 200 13660
INFO 2025-05-26 22:54:38,276 basehttp "GET /statistics/ HTTP/1.1" 200 8039
INFO 2025-05-26 22:54:40,719 basehttp "POST /logout/ HTTP/1.1" 302 0
DEBUG 2025-05-26 22:54:40,721 views Получение последних новостей для главной страницы
INFO 2025-05-26 22:54:40,722 views Начало формирования контекста для главной страницы
DEBUG 2025-05-26 22:54:40,722 views Запрос данных о погоде
DEBUG 2025-05-26 22:54:40,723 views Данные о погоде успешно получены
DEBUG 2025-05-26 22:54:40,723 views Запрос курсов валют
DEBUG 2025-05-26 22:54:40,834 views Данные о курсах валют успешно получены
INFO 2025-05-26 22:54:40,834 views Контекст для главной страницы успешно сформирован
INFO 2025-05-26 22:54:40,841 basehttp "GET / HTTP/1.1" 200 14233
INFO 2025-05-26 22:54:40,866 basehttp "GET /media/news/1-GettyImages-73096824-67ee7409bb789_NwYwV8X.webp HTTP/1.1" 200 23108
INFO 2025-05-26 22:54:40,868 basehttp "GET /media/news/1483444335_0-0-3840-2160_1920x0_80_0_0_d78397da469ce01dd2656c4ccb408168_dfm7Pro.jpg HTTP/1.1" 200 123825
INFO 2025-05-26 22:54:40,872 basehttp "GET /media/news/Screenshot_2025-05-26_at_16.53.50.png HTTP/1.1" 200 983608
INFO 2025-05-27 11:11:41,360 autoreload Watching for file changes with StatReloader
DEBUG 2025-05-27 11:11:50,687 views Получение последних новостей для главной страницы
INFO 2025-05-27 11:11:50,687 views Начало формирования контекста для главной страницы
DEBUG 2025-05-27 11:11:50,688 views Запрос данных о погоде
DEBUG 2025-05-27 11:11:50,982 views Данные о погоде успешно получены
DEBUG 2025-05-27 11:11:50,982 views Запрос курсов валют
DEBUG 2025-05-27 11:11:51,594 views Данные о курсах валют успешно получены
INFO 2025-05-27 11:11:51,596 views Контекст для главной страницы успешно сформирован
INFO 2025-05-27 11:11:51,629 basehttp "GET / HTTP/1.1" 200 14233
INFO 2025-05-27 11:11:51,667 basehttp "GET /static/css/style.css HTTP/1.1" 304 0
INFO 2025-05-27 11:11:51,667 basehttp "GET /static/img/FotoJet%20(65)-1200.jpg.webp HTTP/1.1" 304 0
INFO 2025-05-27 11:11:51,668 basehttp "GET /media/news/Screenshot_2025-05-26_at_16.53.50.png HTTP/1.1" 304 0
INFO 2025-05-27 11:11:51,668 basehttp "GET /media/news/1-GettyImages-73096824-67ee7409bb789_NwYwV8X.webp HTTP/1.1" 304 0
INFO 2025-05-27 11:11:51,669 basehttp "GET /media/news/1483444335_0-0-3840-2160_1920x0_80_0_0_d78397da469ce01dd2656c4ccb408168_dfm7Pro.jpg HTTP/1.1" 304 0
DEBUG 2025-05-27 11:11:58,608 views Получение последних новостей для главной страницы
INFO 2025-05-27 11:11:58,609 views Начало формирования контекста для главной страницы
DEBUG 2025-05-27 11:11:58,609 views Запрос данных о погоде
DEBUG 2025-05-27 11:11:58,609 views Данные о погоде успешно получены
DEBUG 2025-05-27 11:11:58,609 views Запрос курсов валют
DEBUG 2025-05-27 11:11:59,160 views Данные о курсах валют успешно получены
INFO 2025-05-27 11:11:59,161 views Контекст для главной страницы успешно сформирован
INFO 2025-05-27 11:11:59,171 basehttp "GET / HTTP/1.1" 200 14233
INFO 2025-05-27 11:12:00,313 basehttp "GET /about/ HTTP/1.1" 200 4626
INFO 2025-05-27 11:12:03,022 basehttp "GET /services/ HTTP/1.1" 200 13583
INFO 2025-05-27 11:12:04,584 basehttp "GET /service/53/ HTTP/1.1" 200 4943
INFO 2025-05-27 11:12:08,096 basehttp "GET /privacy/ HTTP/1.1" 200 4441
INFO 2025-05-27 11:12:08,841 basehttp "GET /promocodes/ HTTP/1.1" 200 3621
INFO 2025-05-27 11:12:09,584 basehttp "GET /vacancies/ HTTP/1.1" 200 12684
INFO 2025-05-27 11:12:10,582 basehttp "GET /promocodes/ HTTP/1.1" 200 3621
INFO 2025-05-27 11:12:13,215 basehttp "GET /vacancies/ HTTP/1.1" 200 12684
INFO 2025-05-27 11:12:13,990 basehttp "GET /statistics/ HTTP/1.1" 200 7063
INFO 2025-05-27 11:13:30,755 basehttp "GET /admin/ HTTP/1.1" 302 0
INFO 2025-05-27 11:13:30,774 basehttp "GET /admin/login/?next=/admin/ HTTP/1.1" 200 4173
INFO 2025-05-27 11:13:40,725 basehttp "POST /admin/login/?next=/admin/ HTTP/1.1" 302 0
INFO 2025-05-27 11:13:40,739 basehttp "GET /admin/ HTTP/1.1" 200 19058
INFO 2025-05-27 11:13:48,691 basehttp "GET /admin/core/appointment/ HTTP/1.1" 200 18449
INFO 2025-05-27 11:13:48,712 basehttp "GET /admin/jsi18n/ HTTP/1.1" 200 3342
INFO 2025-05-27 11:13:56,613 basehttp "GET /statistics/ HTTP/1.1" 200 8039
INFO 2025-05-27 11:13:58,436 basehttp "GET /set-timezone/ HTTP/1.1" 200 39137
INFO 2025-05-27 11:14:11,572 basehttp "POST /set-timezone/ HTTP/1.1" 302 0
DEBUG 2025-05-27 11:14:11,579 views Получение последних новостей для главной страницы
INFO 2025-05-27 11:14:11,579 views Начало формирования контекста для главной страницы
DEBUG 2025-05-27 11:14:11,580 views Запрос данных о погоде
DEBUG 2025-05-27 11:14:11,580 views Данные о погоде успешно получены
DEBUG 2025-05-27 11:14:11,580 views Запрос курсов валют
DEBUG 2025-05-27 11:14:12,172 views Данные о курсах валют успешно получены
INFO 2025-05-27 11:14:12,173 views Контекст для главной страницы успешно сформирован
INFO 2025-05-27 11:14:12,186 basehttp "GET / HTTP/1.1" 200 15800
INFO 2025-05-27 11:14:12,236 basehttp "GET /media/news/1-GettyImages-73096824-67ee7409bb789_NwYwV8X.webp HTTP/1.1" 200 23108
INFO 2025-05-27 11:14:12,239 basehttp "GET /media/news/1483444335_0-0-3840-2160_1920x0_80_0_0_d78397da469ce01dd2656c4ccb408168_dfm7Pro.jpg HTTP/1.1" 200 123825
INFO 2025-05-27 11:14:12,243 basehttp "GET /media/news/Screenshot_2025-05-26_at_16.53.50.png HTTP/1.1" 200 983608
INFO 2025-05-27 11:14:18,089 basehttp "GET /news/7/ HTTP/1.1" 200 7032
INFO 2025-05-27 11:14:20,392 basehttp "GET /news/ HTTP/1.1" 200 7228
DEBUG 2025-05-27 11:14:22,353 views Получение последних новостей для главной страницы
INFO 2025-05-27 11:14:22,353 views Начало формирования контекста для главной страницы
DEBUG 2025-05-27 11:14:22,354 views Запрос данных о погоде
DEBUG 2025-05-27 11:14:22,354 views Данные о погоде успешно получены
DEBUG 2025-05-27 11:14:22,354 views Запрос курсов валют
DEBUG 2025-05-27 11:14:22,791 views Данные о курсах валют успешно получены
INFO 2025-05-27 11:14:22,792 views Контекст для главной страницы успешно сформирован
INFO 2025-05-27 11:14:22,803 basehttp "GET / HTTP/1.1" 200 15313
INFO 2025-05-27 11:14:25,641 basehttp "GET /services/ HTTP/1.1" 200 14559
INFO 2025-05-27 11:14:26,620 basehttp "GET /about/ HTTP/1.1" 200 5602
INFO 2025-05-27 11:14:27,924 basehttp "GET /services/ HTTP/1.1" 200 14559
INFO 2025-05-27 11:14:33,440 basehttp "GET /promocodes/ HTTP/1.1" 200 4597
INFO 2025-05-27 11:14:35,104 basehttp "GET /promocodes/ HTTP/1.1" 200 4597
INFO 2025-05-27 11:14:35,970 basehttp "GET /vacancies/ HTTP/1.1" 200 13660
INFO 2025-05-27 11:14:44,546 basehttp "GET /admin/core/ HTTP/1.1" 200 13229
INFO 2025-05-27 11:14:46,332 basehttp "GET /admin/core/vacancy/ HTTP/1.1" 200 18368
INFO 2025-05-27 11:14:46,352 basehttp "GET /admin/jsi18n/ HTTP/1.1" 200 3342
INFO 2025-05-27 11:14:56,335 basehttp "POST /admin/core/vacancy/ HTTP/1.1" 200 15676
INFO 2025-05-27 11:14:56,351 basehttp "GET /static/admin/js/cancel.js HTTP/1.1" 304 0
INFO 2025-05-27 11:14:57,715 basehttp "POST /admin/core/vacancy/ HTTP/1.1" 302 0
INFO 2025-05-27 11:14:57,729 basehttp "GET /admin/core/vacancy/ HTTP/1.1" 200 14010
INFO 2025-05-27 11:14:57,744 basehttp "GET /admin/jsi18n/ HTTP/1.1" 200 3342
INFO 2025-05-27 11:15:00,373 basehttp "GET /vacancies/ HTTP/1.1" 200 3609
INFO 2025-05-27 11:15:01,998 basehttp "GET /statistics/ HTTP/1.1" 200 8039
INFO 2025-05-27 11:15:02,615 basehttp "GET /promocodes/ HTTP/1.1" 200 4597
INFO 2025-05-27 11:15:03,576 basehttp "GET /services/ HTTP/1.1" 200 14559
INFO 2025-05-27 11:15:04,430 basehttp "GET /doctors/ HTTP/1.1" 200 12423
INFO 2025-05-27 11:15:04,465 basehttp "GET /media/doctors/360_F_118225354_9E9LrO7Y8YHqpoV7jCiSnygQAD4LyJAx.jpg HTTP/1.1" 200 25942
INFO 2025-05-27 11:15:04,466 basehttp "GET /media/doctors/2d394f680c1bf633d300eee67dd58b90.jpg HTTP/1.1" 200 24328
INFO 2025-05-27 11:15:04,482 basehttp "GET /media/doctors/Screenshot_2025-05-26_at_23.51.08.png HTTP/1.1" 200 289583
INFO 2025-05-27 11:15:04,487 basehttp "GET /media/doctors/Screenshot_2025-05-26_at_23.50.23.png HTTP/1.1" 200 342535
INFO 2025-05-27 11:15:04,494 basehttp "GET /media/doctors/Screenshot_2025-05-26_at_23.50.42.png HTTP/1.1" 200 663399
INFO 2025-05-27 11:15:04,500 basehttp "GET /media/doctors/Screenshot_2025-05-26_at_23.51.39.png HTTP/1.1" 200 945687
INFO 2025-05-27 11:15:04,503 basehttp "GET /media/employees/Screenshot_2025-05-27_at_00.07.15.png HTTP/1.1" 200 989257
INFO 2025-05-27 11:15:09,647 basehttp "GET /about/ HTTP/1.1" 200 5602
INFO 2025-05-27 11:15:13,193 basehttp "GET /admin/core/ HTTP/1.1" 200 13229
INFO 2025-05-27 11:15:15,059 basehttp "GET /admin/core/client/ HTTP/1.1" 200 16938
INFO 2025-05-27 11:15:15,072 basehttp "GET /admin/jsi18n/ HTTP/1.1" 200 3342
DEBUG 2025-05-27 11:15:27,538 views Получение последних новостей для главной страницы
INFO 2025-05-27 11:15:27,538 views Начало формирования контекста для главной страницы
DEBUG 2025-05-27 11:15:27,539 views Запрос данных о погоде
DEBUG 2025-05-27 11:15:27,539 views Данные о погоде успешно получены
DEBUG 2025-05-27 11:15:27,539 views Запрос курсов валют
DEBUG 2025-05-27 11:15:27,954 views Данные о курсах валют успешно получены
INFO 2025-05-27 11:15:27,955 views Контекст для главной страницы успешно сформирован
INFO 2025-05-27 11:15:27,967 basehttp "GET / HTTP/1.1" 200 15313
INFO 2025-05-27 11:15:53,527 basehttp "POST /logout/ HTTP/1.1" 302 0
DEBUG 2025-05-27 11:15:53,531 views Получение последних новостей для главной страницы
INFO 2025-05-27 11:15:53,531 views Начало формирования контекста для главной страницы
DEBUG 2025-05-27 11:15:53,531 views Запрос данных о погоде
DEBUG 2025-05-27 11:15:53,531 views Данные о погоде успешно получены
DEBUG 2025-05-27 11:15:53,532 views Запрос курсов валют
DEBUG 2025-05-27 11:15:54,299 views Данные о курсах валют успешно получены
INFO 2025-05-27 11:15:54,300 views Контекст для главной страницы успешно сформирован
INFO 2025-05-27 11:15:54,310 basehttp "GET / HTTP/1.1" 200 14233
INFO 2025-05-27 11:15:57,125 basehttp "GET /accounts/login/ HTTP/1.1" 200 3149
INFO 2025-05-27 11:16:07,242 basehttp "POST /accounts/login/ HTTP/1.1" 302 0
INFO 2025-05-27 11:16:07,246 basehttp "GET /dashboard/ HTTP/1.1" 302 0
INFO 2025-05-27 11:16:07,252 basehttp "GET /dashboard/client/ HTTP/1.1" 200 6984
INFO 2025-05-27 11:16:12,455 basehttp "GET /statistics/ HTTP/1.1" 200 8330
INFO 2025-05-27 11:16:23,217 basehttp "GET /statistics/ HTTP/1.1" 200 8330
INFO 2025-05-27 11:16:24,274 basehttp "GET /vacancies/ HTTP/1.1" 200 3900
INFO 2025-05-27 11:16:25,328 basehttp "GET /promocodes/ HTTP/1.1" 200 4888
INFO 2025-05-27 11:16:26,191 basehttp "GET /privacy/ HTTP/1.1" 200 5708
INFO 2025-05-27 11:16:27,430 basehttp "GET /doctors/ HTTP/1.1" 200 12714
INFO 2025-05-27 11:16:27,466 basehttp "GET /media/doctors/2d394f680c1bf633d300eee67dd58b90.jpg HTTP/1.1" 200 24328
INFO 2025-05-27 11:16:27,468 basehttp "GET /media/doctors/360_F_118225354_9E9LrO7Y8YHqpoV7jCiSnygQAD4LyJAx.jpg HTTP/1.1" 200 25942
INFO 2025-05-27 11:16:27,485 basehttp "GET /media/doctors/Screenshot_2025-05-26_at_23.51.08.png HTTP/1.1" 200 289583
INFO 2025-05-27 11:16:27,491 basehttp "GET /media/doctors/Screenshot_2025-05-26_at_23.50.23.png HTTP/1.1" 200 342535
INFO 2025-05-27 11:16:27,492 basehttp "GET /media/doctors/Screenshot_2025-05-26_at_23.50.42.png HTTP/1.1" 200 663399
INFO 2025-05-27 11:16:27,494 basehttp "GET /media/doctors/Screenshot_2025-05-26_at_23.51.39.png HTTP/1.1" 200 945687
INFO 2025-05-27 11:16:27,496 basehttp "GET /media/employees/Screenshot_2025-05-27_at_00.07.15.png HTTP/1.1" 200 989257
INFO 2025-05-27 11:16:28,460 basehttp "GET /services/ HTTP/1.1" 200 14850
INFO 2025-05-27 11:16:30,247 basehttp "GET /dashboard/client/ HTTP/1.1" 200 6984
INFO 2025-05-27 11:16:34,497 basehttp "POST /logout/ HTTP/1.1" 302 0
DEBUG 2025-05-27 11:16:34,499 views Получение последних новостей для главной страницы
INFO 2025-05-27 11:16:34,500 views Начало формирования контекста для главной страницы
DEBUG 2025-05-27 11:16:34,500 views Запрос данных о погоде
DEBUG 2025-05-27 11:16:34,501 views Данные о погоде успешно получены
DEBUG 2025-05-27 11:16:34,501 views Запрос курсов валют
DEBUG 2025-05-27 11:16:34,950 views Данные о курсах валют успешно получены
INFO 2025-05-27 11:16:34,951 views Контекст для главной страницы успешно сформирован
INFO 2025-05-27 11:16:34,961 basehttp "GET / HTTP/1.1" 200 14233
INFO 2025-05-27 11:16:34,991 basehttp "GET /media/news/1-GettyImages-73096824-67ee7409bb789_NwYwV8X.webp HTTP/1.1" 200 23108
INFO 2025-05-27 11:16:34,993 basehttp "GET /media/news/1483444335_0-0-3840-2160_1920x0_80_0_0_d78397da469ce01dd2656c4ccb408168_dfm7Pro.jpg HTTP/1.1" 200 123825
INFO 2025-05-27 11:16:34,998 basehttp "GET /media/news/Screenshot_2025-05-26_at_16.53.50.png HTTP/1.1" 200 983608
INFO 2025-05-27 11:16:36,471 basehttp "GET /accounts/login/ HTTP/1.1" 200 3149
INFO 2025-05-27 11:16:39,619 basehttp "GET /admin/core/client/28/change/ HTTP/1.1" 302 0
INFO 2025-05-27 11:16:39,626 basehttp "GET /admin/login/?next=/admin/core/client/28/change/ HTTP/1.1" 200 4217
INFO 2025-05-27 11:16:55,861 basehttp "POST /admin/login/?next=/admin/core/client/28/change/ HTTP/1.1" 302 0
INFO 2025-05-27 11:16:55,879 basehttp "GET /admin/core/client/28/change/ HTTP/1.1" 200 18338
INFO 2025-05-27 11:16:55,892 basehttp "GET /admin/jsi18n/ HTTP/1.1" 200 3342
INFO 2025-05-27 11:17:00,318 basehttp "GET /admin/ HTTP/1.1" 200 18383
INFO 2025-05-27 11:17:00,335 basehttp "GET /static/admin/img/icon-deletelink.svg HTTP/1.1" 304 0
INFO 2025-05-27 11:17:07,713 basehttp "GET /admin/core/appointment/ HTTP/1.1" 200 18449
INFO 2025-05-27 11:17:07,729 basehttp "GET /admin/jsi18n/ HTTP/1.1" 200 3342
INFO 2025-05-27 11:17:09,327 basehttp "GET /admin/core/appointment/47/change/ HTTP/1.1" 200 23026
INFO 2025-05-27 11:17:09,342 basehttp "GET /admin/jsi18n/ HTTP/1.1" 200 3342
INFO 2025-05-27 11:17:10,804 basehttp "POST /admin/core/appointment/47/change/ HTTP/1.1" 302 0
INFO 2025-05-27 11:17:10,829 basehttp "GET /admin/core/appointment/ HTTP/1.1" 200 18732
INFO 2025-05-27 11:17:10,845 basehttp "GET /admin/jsi18n/ HTTP/1.1" 200 3342
INFO 2025-05-27 11:17:12,160 basehttp "GET /admin/core/appointment/46/change/ HTTP/1.1" 200 23091
INFO 2025-05-27 11:17:12,176 basehttp "GET /admin/jsi18n/ HTTP/1.1" 200 3342
INFO 2025-05-27 11:17:13,484 basehttp "POST /admin/core/appointment/46/change/ HTTP/1.1" 302 0
INFO 2025-05-27 11:17:13,508 basehttp "GET /admin/core/appointment/ HTTP/1.1" 200 18743
INFO 2025-05-27 11:17:13,525 basehttp "GET /admin/jsi18n/ HTTP/1.1" 200 3342
INFO 2025-05-27 11:17:14,893 basehttp "GET /admin/core/appointment/45/change/ HTTP/1.1" 200 23074
INFO 2025-05-27 11:17:14,909 basehttp "GET /admin/jsi18n/ HTTP/1.1" 200 3342
INFO 2025-05-27 11:17:16,017 basehttp "POST /admin/core/appointment/45/change/ HTTP/1.1" 302 0
INFO 2025-05-27 11:17:16,042 basehttp "GET /admin/core/appointment/ HTTP/1.1" 200 18748
INFO 2025-05-27 11:17:16,058 basehttp "GET /admin/jsi18n/ HTTP/1.1" 200 3342
INFO 2025-05-27 11:17:17,024 basehttp "GET /admin/core/appointment/45/change/ HTTP/1.1" 200 23074
INFO 2025-05-27 11:17:17,040 basehttp "GET /admin/jsi18n/ HTTP/1.1" 200 3342
INFO 2025-05-27 11:17:18,434 basehttp "POST /admin/core/appointment/45/change/ HTTP/1.1" 302 0
INFO 2025-05-27 11:17:18,459 basehttp "GET /admin/core/appointment/ HTTP/1.1" 200 18748
INFO 2025-05-27 11:17:18,475 basehttp "GET /admin/jsi18n/ HTTP/1.1" 200 3342
INFO 2025-05-27 11:17:20,657 basehttp "GET /admin/core/appointment/44/change/ HTTP/1.1" 200 23039
INFO 2025-05-27 11:17:20,672 basehttp "GET /admin/jsi18n/ HTTP/1.1" 200 3342
INFO 2025-05-27 11:17:23,334 basehttp "POST /admin/core/appointment/44/change/ HTTP/1.1" 302 0
INFO 2025-05-27 11:17:23,357 basehttp "GET /admin/core/appointment/ HTTP/1.1" 200 18739
INFO 2025-05-27 11:17:23,370 basehttp "GET /admin/jsi18n/ HTTP/1.1" 200 3342
INFO 2025-05-27 11:17:24,827 basehttp "GET /admin/core/appointment/43/change/ HTTP/1.1" 200 23105
INFO 2025-05-27 11:17:24,843 basehttp "GET /admin/jsi18n/ HTTP/1.1" 200 3342
INFO 2025-05-27 11:17:27,134 basehttp "POST /admin/core/appointment/43/change/ HTTP/1.1" 302 0
INFO 2025-05-27 11:17:27,159 basehttp "GET /admin/core/appointment/ HTTP/1.1" 200 18761
INFO 2025-05-27 11:17:27,175 basehttp "GET /admin/jsi18n/ HTTP/1.1" 200 3342
INFO 2025-05-27 11:17:28,396 basehttp "GET /admin/core/appointment/43/change/ HTTP/1.1" 200 23113
INFO 2025-05-27 11:17:28,410 basehttp "GET /admin/jsi18n/ HTTP/1.1" 200 3342
INFO 2025-05-27 11:17:29,602 basehttp "POST /admin/core/appointment/43/change/ HTTP/1.1" 302 0
INFO 2025-05-27 11:17:29,628 basehttp "GET /admin/core/appointment/ HTTP/1.1" 200 18761
INFO 2025-05-27 11:17:29,645 basehttp "GET /admin/jsi18n/ HTTP/1.1" 200 3342
INFO 2025-05-27 11:17:30,926 basehttp "GET /admin/core/appointment/42/change/ HTTP/1.1" 200 23129
INFO 2025-05-27 11:17:30,940 basehttp "GET /admin/jsi18n/ HTTP/1.1" 200 3342
INFO 2025-05-27 11:17:33,284 basehttp "POST /admin/core/appointment/42/change/ HTTP/1.1" 302 0
INFO 2025-05-27 11:17:33,348 basehttp "GET /admin/core/appointment/ HTTP/1.1" 200 18769
INFO 2025-05-27 11:17:33,359 basehttp "GET /admin/jsi18n/ HTTP/1.1" 200 3342
INFO 2025-05-27 11:17:34,427 basehttp "GET /admin/core/appointment/42/change/ HTTP/1.1" 200 23137
INFO 2025-05-27 11:17:34,442 basehttp "GET /admin/jsi18n/ HTTP/1.1" 200 3342
INFO 2025-05-27 11:17:35,750 basehttp "POST /admin/core/appointment/42/change/ HTTP/1.1" 302 0
INFO 2025-05-27 11:17:35,774 basehttp "GET /admin/core/appointment/ HTTP/1.1" 200 18769
INFO 2025-05-27 11:17:35,790 basehttp "GET /admin/jsi18n/ HTTP/1.1" 200 3342
INFO 2025-05-27 11:17:37,775 basehttp "GET /admin/core/appointment/41/change/ HTTP/1.1" 200 23105
INFO 2025-05-27 11:17:37,792 basehttp "GET /admin/jsi18n/ HTTP/1.1" 200 3342
INFO 2025-05-27 11:17:40,884 basehttp "POST /admin/core/appointment/41/change/ HTTP/1.1" 302 0
INFO 2025-05-27 11:17:40,908 basehttp "GET /admin/core/appointment/ HTTP/1.1" 200 18761
INFO 2025-05-27 11:17:40,925 basehttp "GET /admin/jsi18n/ HTTP/1.1" 200 3342
INFO 2025-05-27 11:17:42,414 basehttp "GET /admin/core/appointment/40/change/ HTTP/1.1" 200 23033
INFO 2025-05-27 11:17:42,430 basehttp "GET /admin/jsi18n/ HTTP/1.1" 200 3342
INFO 2025-05-27 11:17:44,552 basehttp "POST /admin/core/appointment/40/change/ HTTP/1.1" 302 0
INFO 2025-05-27 11:17:44,576 basehttp "GET /admin/core/appointment/ HTTP/1.1" 200 18737
INFO 2025-05-27 11:17:44,593 basehttp "GET /admin/jsi18n/ HTTP/1.1" 200 3342
INFO 2025-05-27 11:17:45,755 basehttp "GET /admin/core/appointment/41/change/ HTTP/1.1" 200 23113
INFO 2025-05-27 11:17:45,770 basehttp "GET /admin/jsi18n/ HTTP/1.1" 200 3342
INFO 2025-05-27 11:17:47,168 basehttp "POST /admin/core/appointment/41/change/ HTTP/1.1" 302 0
INFO 2025-05-27 11:17:47,191 basehttp "GET /admin/core/appointment/ HTTP/1.1" 200 18761
INFO 2025-05-27 11:17:47,205 basehttp "GET /admin/jsi18n/ HTTP/1.1" 200 3342
INFO 2025-05-27 11:17:51,300 basehttp "GET /admin/core/ HTTP/1.1" 200 13225
INFO 2025-05-27 11:17:52,402 basehttp "GET /admin/core/client/ HTTP/1.1" 200 16934
INFO 2025-05-27 11:17:52,423 basehttp "GET /admin/jsi18n/ HTTP/1.1" 200 3342
WARNING 2025-05-27 11:18:08,802 log Forbidden (CSRF token from POST incorrect.): /accounts/login/
WARNING 2025-05-27 11:18:08,803 basehttp "POST /accounts/login/ HTTP/1.1" 403 2503
WARNING 2025-05-27 11:18:13,092 log Forbidden (CSRF token from POST incorrect.): /accounts/login/
WARNING 2025-05-27 11:18:13,092 basehttp "POST /accounts/login/ HTTP/1.1" 403 2503
INFO 2025-05-27 11:18:25,188 autoreload Watching for file changes with StatReloader
WARNING 2025-05-27 11:18:29,971 log Forbidden (CSRF token from POST incorrect.): /accounts/login/
WARNING 2025-05-27 11:18:29,972 basehttp "POST /accounts/login/ HTTP/1.1" 403 2503
DEBUG 2025-05-27 11:18:35,009 views Получение последних новостей для главной страницы
INFO 2025-05-27 11:18:35,010 views Начало формирования контекста для главной страницы
DEBUG 2025-05-27 11:18:35,010 views Запрос данных о погоде
DEBUG 2025-05-27 11:18:35,637 views Данные о погоде успешно получены
DEBUG 2025-05-27 11:18:35,638 views Запрос курсов валют
DEBUG 2025-05-27 11:18:36,290 views Данные о курсах валют успешно получены
INFO 2025-05-27 11:18:36,291 views Контекст для главной страницы успешно сформирован
INFO 2025-05-27 11:18:36,325 basehttp "GET / HTTP/1.1" 200 15313
INFO 2025-05-27 11:18:39,215 basehttp "POST /logout/ HTTP/1.1" 302 0
DEBUG 2025-05-27 11:18:39,218 views Получение последних новостей для главной страницы
INFO 2025-05-27 11:18:39,219 views Начало формирования контекста для главной страницы
DEBUG 2025-05-27 11:18:39,219 views Запрос данных о погоде
DEBUG 2025-05-27 11:18:39,219 views Данные о погоде успешно получены
DEBUG 2025-05-27 11:18:39,219 views Запрос курсов валют
DEBUG 2025-05-27 11:18:39,966 views Данные о курсах валют успешно получены
INFO 2025-05-27 11:18:39,966 views Контекст для главной страницы успешно сформирован
INFO 2025-05-27 11:18:39,975 basehttp "GET / HTTP/1.1" 200 14233
INFO 2025-05-27 11:18:41,901 basehttp "GET /accounts/login/ HTTP/1.1" 200 3149
INFO 2025-05-27 11:18:52,031 basehttp "POST /accounts/login/ HTTP/1.1" 302 0
INFO 2025-05-27 11:18:52,035 basehttp "GET /dashboard/ HTTP/1.1" 302 0
INFO 2025-05-27 11:18:52,051 basehttp "GET /dashboard/client/ HTTP/1.1" 200 13841
INFO 2025-05-27 11:18:57,988 basehttp "GET /dashboard/client/ HTTP/1.1" 200 13841
INFO 2025-05-27 11:18:59,606 basehttp "GET /statistics/ HTTP/1.1" 200 8342
INFO 2025-05-27 11:32:21,574 autoreload /Users/artem/Desktop/LR5/СosmetologyCenter/core/views.py changed, reloading.
INFO 2025-05-27 11:32:22,026 autoreload Watching for file changes with StatReloader
INFO 2025-05-27 11:32:24,541 autoreload /Users/artem/Desktop/LR5/СosmetologyCenter/core/views.py changed, reloading.
INFO 2025-05-27 11:32:24,788 autoreload Watching for file changes with StatReloader
INFO 2025-05-27 11:32:32,271 autoreload /Users/artem/Desktop/LR5/СosmetologyCenter/core/views.py changed, reloading.
INFO 2025-05-27 11:32:32,538 autoreload Watching for file changes with StatReloader
INFO 2025-05-27 11:32:43,081 autoreload /Users/artem/Desktop/LR5/СosmetologyCenter/core/views.py changed, reloading.
INFO 2025-05-27 11:32:43,414 autoreload Watching for file changes with StatReloader
INFO 2025-05-27 11:32:48,522 autoreload /Users/artem/Desktop/LR5/СosmetologyCenter/core/views.py changed, reloading.
INFO 2025-05-27 11:32:48,752 autoreload Watching for file changes with StatReloader
INFO 2025-05-27 11:33:06,106 autoreload /Users/artem/Desktop/LR5/СosmetologyCenter/core/views.py changed, reloading.
INFO 2025-05-27 11:33:06,414 autoreload Watching for file changes with StatReloader
INFO 2025-05-27 11:33:08,470 autoreload /Users/artem/Desktop/LR5/СosmetologyCenter/core/views.py changed, reloading.
INFO 2025-05-27 11:33:08,697 autoreload Watching for file changes with StatReloader
INFO 2025-05-27 11:33:09,746 autoreload /Users/artem/Desktop/LR5/СosmetologyCenter/core/views.py changed, reloading.
INFO 2025-05-27 11:33:09,981 autoreload Watching for file changes with StatReloader
INFO 2025-05-27 11:33:11,030 autoreload /Users/artem/Desktop/LR5/СosmetologyCenter/core/views.py changed, reloading.
INFO 2025-05-27 11:33:11,243 autoreload Watching for file changes with StatReloader
INFO 2025-05-27 11:33:12,298 autoreload /Users/artem/Desktop/LR5/СosmetologyCenter/core/views.py changed, reloading.
INFO 2025-05-27 11:33:12,540 autoreload Watching for file changes with StatReloader
INFO 2025-05-27 11:33:34,985 autoreload /Users/artem/Desktop/LR5/СosmetologyCenter/core/views.py changed, reloading.
INFO 2025-05-27 11:33:35,299 autoreload Watching for file changes with StatReloader
INFO 2025-05-27 11:33:39,411 autoreload /Users/artem/Desktop/LR5/СosmetologyCenter/core/views.py changed, reloading.
INFO 2025-05-27 11:33:39,625 autoreload Watching for file changes with StatReloader
INFO 2025-05-27 11:33:49,763 autoreload /Users/artem/Desktop/LR5/СosmetologyCenter/core/views.py changed, reloading.
INFO 2025-05-27 11:33:49,975 autoreload Watching for file changes with StatReloader
INFO 2025-05-27 11:33:51,428 autoreload /Users/artem/Desktop/LR5/СosmetologyCenter/core/views.py changed, reloading.
INFO 2025-05-27 11:33:51,686 autoreload Watching for file changes with StatReloader
INFO 2025-05-27 11:33:53,058 autoreload /Users/artem/Desktop/LR5/СosmetologyCenter/core/views.py changed, reloading.
INFO 2025-05-27 11:33:53,323 autoreload Watching for file changes with StatReloader
INFO 2025-05-27 11:37:42,749 basehttp "GET /statistics/ HTTP/1.1" 200 8342
INFO 2025-05-27 11:38:27,747 basehttp "GET /statistics/ HTTP/1.1" 200 7592
INFO 2025-05-27 11:40:04,727 autoreload /Users/artem/Desktop/LR5/СosmetologyCenter/core/views.py changed, reloading.
INFO 2025-05-27 11:40:05,175 autoreload Watching for file changes with StatReloader
INFO 2025-05-27 11:40:07,242 autoreload /Users/artem/Desktop/LR5/СosmetologyCenter/core/views.py changed, reloading.
INFO 2025-05-27 11:40:07,441 autoreload Watching for file changes with StatReloader
INFO 2025-05-27 11:40:09,530 autoreload /Users/artem/Desktop/LR5/СosmetologyCenter/core/views.py changed, reloading.
INFO 2025-05-27 11:40:09,761 autoreload Watching for file changes with StatReloader
INFO 2025-05-27 11:40:10,814 autoreload /Users/artem/Desktop/LR5/СosmetologyCenter/core/views.py changed, reloading.
INFO 2025-05-27 11:40:11,081 autoreload Watching for file changes with StatReloader
INFO 2025-05-27 11:40:12,131 autoreload /Users/artem/Desktop/LR5/СosmetologyCenter/core/views.py changed, reloading.
INFO 2025-05-27 11:40:12,365 autoreload Watching for file changes with StatReloader
INFO 2025-05-27 11:40:16,474 autoreload /Users/artem/Desktop/LR5/СosmetologyCenter/core/views.py changed, reloading.
INFO 2025-05-27 11:40:16,714 autoreload Watching for file changes with StatReloader
INFO 2025-05-27 11:42:27,898 basehttp "GET /statistics/ HTTP/1.1" 200 7588
DEBUG 2025-05-27 11:42:37,409 views Получение последних новостей для главной страницы
INFO 2025-05-27 11:42:37,409 views Начало формирования контекста для главной страницы
DEBUG 2025-05-27 11:42:37,410 views Запрос данных о погоде
DEBUG 2025-05-27 11:42:37,775 views Данные о погоде успешно получены
DEBUG 2025-05-27 11:42:37,776 views Запрос курсов валют
DEBUG 2025-05-27 11:42:38,066 views Данные о курсах валют успешно получены
INFO 2025-05-27 11:42:38,066 views Контекст для главной страницы успешно сформирован
INFO 2025-05-27 11:42:38,078 basehttp "GET / HTTP/1.1" 200 15512
INFO 2025-05-27 11:42:38,101 basehttp "GET /media/news/1-GettyImages-73096824-67ee7409bb789_NwYwV8X.webp HTTP/1.1" 200 23108
INFO 2025-05-27 11:42:38,103 basehttp "GET /media/news/1483444335_0-0-3840-2160_1920x0_80_0_0_d78397da469ce01dd2656c4ccb408168_dfm7Pro.jpg HTTP/1.1" 200 123825
INFO 2025-05-27 11:42:38,107 basehttp "GET /media/news/Screenshot_2025-05-26_at_16.53.50.png HTTP/1.1" 200 983608
INFO 2025-05-27 11:44:39,503 basehttp "POST /logout/ HTTP/1.1" 302 0
DEBUG 2025-05-27 11:44:39,506 views Получение последних новостей для главной страницы
INFO 2025-05-27 11:44:39,506 views Начало формирования контекста для главной страницы
DEBUG 2025-05-27 11:44:39,507 views Запрос данных о погоде
DEBUG 2025-05-27 11:44:39,507 views Данные о погоде успешно получены
DEBUG 2025-05-27 11:44:39,507 views Запрос курсов валют
DEBUG 2025-05-27 11:44:41,315 views Данные о курсах валют успешно получены
INFO 2025-05-27 11:44:41,316 views Контекст для главной страницы успешно сформирован
INFO 2025-05-27 11:44:41,326 basehttp "GET / HTTP/1.1" 200 14233
DEBUG 2025-05-27 11:44:45,910 views Получение последних новостей для главной страницы
INFO 2025-05-27 11:44:45,911 views Начало формирования контекста для главной страницы
DEBUG 2025-05-27 11:44:45,911 views Запрос данных о погоде
DEBUG 2025-05-27 11:44:45,912 views Данные о погоде успешно получены
DEBUG 2025-05-27 11:44:45,912 views Запрос курсов валют
DEBUG 2025-05-27 11:44:46,368 views Данные о курсах валют успешно получены
INFO 2025-05-27 11:44:46,369 views Контекст для главной страницы успешно сформирован
INFO 2025-05-27 11:44:46,377 basehttp "GET / HTTP/1.1" 200 14233
INFO 2025-05-27 11:44:47,183 basehttp "GET /doctors/ HTTP/1.1" 200 11447
INFO 2025-05-27 11:44:47,202 basehttp "GET /media/doctors/2d394f680c1bf633d300eee67dd58b90.jpg HTTP/1.1" 200 24328
INFO 2025-05-27 11:44:47,205 basehttp "GET /media/doctors/360_F_118225354_9E9LrO7Y8YHqpoV7jCiSnygQAD4LyJAx.jpg HTTP/1.1" 200 25942
INFO 2025-05-27 11:44:47,214 basehttp "GET /media/doctors/Screenshot_2025-05-26_at_23.50.23.png HTTP/1.1" 200 342535
INFO 2025-05-27 11:44:47,216 basehttp "GET /media/doctors/Screenshot_2025-05-26_at_23.51.08.png HTTP/1.1" 200 289583
INFO 2025-05-27 11:44:47,221 basehttp "GET /media/doctors/Screenshot_2025-05-26_at_23.50.42.png HTTP/1.1" 200 663399
INFO 2025-05-27 11:44:47,224 basehttp "GET /media/doctors/Screenshot_2025-05-26_at_23.51.39.png HTTP/1.1" 200 945687
INFO 2025-05-27 11:44:47,226 basehttp "GET /media/employees/Screenshot_2025-05-27_at_00.07.15.png HTTP/1.1" 200 989257
INFO 2025-05-27 11:44:48,063 basehttp "GET /privacy/ HTTP/1.1" 200 4441
INFO 2025-05-27 11:44:48,709 basehttp "GET /promocodes/ HTTP/1.1" 200 3621
INFO 2025-05-27 11:44:49,932 basehttp "GET /vacancies/ HTTP/1.1" 200 2633
INFO 2025-05-27 11:44:50,853 basehttp "GET /statistics/ HTTP/1.1" 200 6309
DEBUG 2025-05-27 11:44:57,110 views Получение последних новостей для главной страницы
INFO 2025-05-27 11:44:57,111 views Начало формирования контекста для главной страницы
DEBUG 2025-05-27 11:44:57,111 views Запрос данных о погоде
DEBUG 2025-05-27 11:44:57,111 views Данные о погоде успешно получены
DEBUG 2025-05-27 11:44:57,111 views Запрос курсов валют
DEBUG 2025-05-27 11:44:57,507 views Данные о курсах валют успешно получены
INFO 2025-05-27 11:44:57,508 views Контекст для главной страницы успешно сформирован
INFO 2025-05-27 11:44:57,514 basehttp "GET / HTTP/1.1" 200 14233
DEBUG 2025-05-27 11:46:21,954 views Получение последних новостей для главной страницы
INFO 2025-05-27 11:46:21,957 views Начало формирования контекста для главной страницы
DEBUG 2025-05-27 11:46:21,958 views Запрос данных о погоде
DEBUG 2025-05-27 11:46:21,959 views Данные о погоде успешно получены
DEBUG 2025-05-27 11:46:21,959 views Запрос курсов валют
DEBUG 2025-05-27 11:46:25,669 views Данные о курсах валют успешно получены
INFO 2025-05-27 11:46:25,670 views Контекст для главной страницы успешно сформирован
INFO 2025-05-27 11:46:25,689 basehttp "GET / HTTP/1.1" 200 14233
INFO 2025-05-27 11:47:14,281 basehttp "GET /services/ HTTP/1.1" 200 13583
INFO 2025-05-27 11:47:59,099 basehttp "GET /services/ HTTP/1.1" 200 13583
INFO 2025-05-27 11:48:09,615 autoreload Watching for file changes with StatReloader
INFO 2025-05-27 11:48:12,201 basehttp "GET /services/ HTTP/1.1" 200 13583
INFO 2025-05-27 11:48:17,196 basehttp "GET /services/?search=&order_by=price HTTP/1.1" 200 13628
DEBUG 2025-05-27 11:48:20,152 views Получение последних новостей для главной страницы
INFO 2025-05-27 11:48:20,152 views Начало формирования контекста для главной страницы
DEBUG 2025-05-27 11:48:20,153 views Запрос данных о погоде
DEBUG 2025-05-27 11:48:20,872 views Данные о погоде успешно получены
DEBUG 2025-05-27 11:48:20,873 views Запрос курсов валют
DEBUG 2025-05-27 11:48:21,155 views Данные о курсах валют успешно получены
INFO 2025-05-27 11:48:21,156 views Контекст для главной страницы успешно сформирован
INFO 2025-05-27 11:48:21,169 basehttp "GET / HTTP/1.1" 200 14233
INFO 2025-05-27 11:48:52,507 basehttp "GET /news/7/ HTTP/1.1" 200 6056
INFO 2025-05-27 11:49:05,893 basehttp "GET /news/ HTTP/1.1" 200 6252
INFO 2025-05-27 11:49:07,322 basehttp "GET /news/6/ HTTP/1.1" 200 5081
INFO 2025-05-27 11:49:09,272 basehttp "GET /news/ HTTP/1.1" 200 6252
INFO 2025-05-27 11:49:20,985 basehttp "GET /statistics/ HTTP/1.1" 200 6309
INFO 2025-05-27 11:49:24,079 basehttp "GET /doctors/ HTTP/1.1" 200 11447
INFO 2025-05-27 11:49:31,876 basehttp "GET /doctors/ HTTP/1.1" 200 11447
INFO 2025-05-27 11:49:32,742 basehttp "GET /promocodes/ HTTP/1.1" 200 3621
INFO 2025-05-27 11:49:33,708 basehttp "GET /vacancies/ HTTP/1.1" 200 2633
INFO 2025-05-27 11:49:35,124 basehttp "GET /promocodes/ HTTP/1.1" 200 3621
INFO 2025-05-27 11:49:36,711 basehttp "GET /doctors/ HTTP/1.1" 200 11447
INFO 2025-05-27 11:49:40,607 basehttp "GET /vacancies/ HTTP/1.1" 200 2633
INFO 2025-05-27 11:49:48,012 basehttp "GET /privacy/ HTTP/1.1" 200 4441
INFO 2025-05-27 11:49:49,126 basehttp "GET /doctors/ HTTP/1.1" 200 11447
INFO 2025-05-27 11:50:04,170 basehttp "GET /admin/core/ HTTP/1.1" 302 0
INFO 2025-05-27 11:50:04,188 basehttp "GET /admin/login/?next=/admin/core/ HTTP/1.1" 200 4183
INFO 2025-05-27 11:50:15,295 basehttp "POST /admin/login/?next=/admin/core/ HTTP/1.1" 302 0
INFO 2025-05-27 11:50:15,306 basehttp "GET /admin/core/ HTTP/1.1" 200 13225
INFO 2025-05-27 11:50:19,379 basehttp "GET /admin/core/employee/ HTTP/1.1" 200 15128
INFO 2025-05-27 11:50:19,404 basehttp "GET /admin/jsi18n/ HTTP/1.1" 200 3342
INFO 2025-05-27 11:50:20,291 basehttp "GET /admin/core/employee/add/ HTTP/1.1" 200 17776
INFO 2025-05-27 11:50:20,311 basehttp "GET /admin/jsi18n/ HTTP/1.1" 200 3342
INFO 2025-05-27 11:50:23,151 basehttp "GET /admin/ HTTP/1.1" 200 19514
INFO 2025-05-27 11:50:26,521 basehttp "GET /admin/core/vacancy/ HTTP/1.1" 200 13859
INFO 2025-05-27 11:50:26,540 basehttp "GET /admin/jsi18n/ HTTP/1.1" 200 3342
INFO 2025-05-27 11:50:28,334 basehttp "GET /admin/core/vacancy/add/ HTTP/1.1" 200 15305
INFO 2025-05-27 11:50:28,352 basehttp "GET /admin/jsi18n/ HTTP/1.1" 200 3342
INFO 2025-05-27 11:50:45,548 basehttp "POST /admin/core/vacancy/add/ HTTP/1.1" 302 0
INFO 2025-05-27 11:50:45,562 basehttp "GET /admin/core/vacancy/ HTTP/1.1" 200 15405
INFO 2025-05-27 11:50:45,578 basehttp "GET /admin/jsi18n/ HTTP/1.1" 200 3342
INFO 2025-05-27 11:50:47,702 basehttp "GET /admin/core/vacancy/add/ HTTP/1.1" 200 15305
INFO 2025-05-27 11:50:47,720 basehttp "GET /admin/jsi18n/ HTTP/1.1" 200 3342
INFO 2025-05-27 11:50:50,541 basehttp "POST /admin/core/vacancy/add/ HTTP/1.1" 200 15682
INFO 2025-05-27 11:50:50,558 basehttp "GET /admin/jsi18n/ HTTP/1.1" 200 3342
INFO 2025-05-27 11:51:06,913 basehttp "POST /admin/core/vacancy/add/ HTTP/1.1" 302 0
INFO 2025-05-27 11:51:06,927 basehttp "GET /admin/core/vacancy/ HTTP/1.1" 200 15758
INFO 2025-05-27 11:51:06,944 basehttp "GET /admin/jsi18n/ HTTP/1.1" 200 3342
INFO 2025-05-27 11:51:09,851 basehttp "GET /admin/core/vacancy/add/ HTTP/1.1" 200 15305
INFO 2025-05-27 11:51:09,869 basehttp "GET /admin/jsi18n/ HTTP/1.1" 200 3342
INFO 2025-05-27 11:51:34,767 basehttp "POST /admin/core/vacancy/add/ HTTP/1.1" 302 0
INFO 2025-05-27 11:51:34,781 basehttp "GET /admin/core/vacancy/ HTTP/1.1" 200 16078
INFO 2025-05-27 11:51:34,797 basehttp "GET /admin/jsi18n/ HTTP/1.1" 200 3342
INFO 2025-05-27 11:51:38,085 basehttp "GET /doctors/ HTTP/1.1" 200 12423
INFO 2025-05-27 11:51:39,383 basehttp "GET /vacancies/ HTTP/1.1" 200 5211
INFO 2025-05-27 11:51:51,588 basehttp "GET /admin/core/vacancy/add/ HTTP/1.1" 200 15305
INFO 2025-05-27 11:51:51,606 basehttp "GET /admin/jsi18n/ HTTP/1.1" 200 3342
INFO 2025-05-27 11:52:06,919 basehttp "POST /logout/ HTTP/1.1" 302 0
DEBUG 2025-05-27 11:52:06,922 views Получение последних новостей для главной страницы
INFO 2025-05-27 11:52:06,922 views Начало формирования контекста для главной страницы
DEBUG 2025-05-27 11:52:06,922 views Запрос данных о погоде
DEBUG 2025-05-27 11:52:06,923 views Данные о погоде успешно получены
DEBUG 2025-05-27 11:52:06,923 views Запрос курсов валют
DEBUG 2025-05-27 11:52:08,741 views Данные о курсах валют успешно получены
INFO 2025-05-27 11:52:08,742 views Контекст для главной страницы успешно сформирован
INFO 2025-05-27 11:52:08,752 basehttp "GET / HTTP/1.1" 200 14233
INFO 2025-05-27 11:52:08,797 basehttp "GET /media/news/1-GettyImages-73096824-67ee7409bb789_NwYwV8X.webp HTTP/1.1" 200 23108
INFO 2025-05-27 11:52:08,799 basehttp "GET /media/news/1483444335_0-0-3840-2160_1920x0_80_0_0_d78397da469ce01dd2656c4ccb408168_dfm7Pro.jpg HTTP/1.1" 200 123825
INFO 2025-05-27 11:52:08,802 basehttp "GET /media/news/Screenshot_2025-05-26_at_16.53.50.png HTTP/1.1" 200 983608
INFO 2025-05-27 11:52:10,848 basehttp "GET /accounts/login/ HTTP/1.1" 200 3149
INFO 2025-05-27 11:52:23,535 basehttp "POST /accounts/login/ HTTP/1.1" 302 0
INFO 2025-05-27 11:52:23,541 basehttp "GET /dashboard/ HTTP/1.1" 302 0
INFO 2025-05-27 11:52:23,549 basehttp "GET /dashboard/client/ HTTP/1.1" 200 13841
INFO 2025-05-27 11:52:29,070 basehttp "GET /services/ HTTP/1.1" 200 14862
INFO 2025-05-27 11:52:36,139 basehttp "GET /services/?search=&order_by=-price HTTP/1.1" 200 14848
INFO 2025-05-27 11:52:37,968 basehttp "GET /service/58/ HTTP/1.1" 200 5927
INFO 2025-05-27 11:52:50,985 basehttp "GET /service/55/ HTTP/1.1" 200 6145
INFO 2025-05-27 11:53:03,677 basehttp "POST /service/55/book/ HTTP/1.1" 302 0
INFO 2025-05-27 11:53:03,691 basehttp "GET /dashboard/client/ HTTP/1.1" 200 15551
INFO 2025-05-27 11:53:21,368 basehttp "POST /logout/ HTTP/1.1" 302 0
DEBUG 2025-05-27 11:53:21,371 views Получение последних новостей для главной страницы
INFO 2025-05-27 11:53:21,372 views Начало формирования контекста для главной страницы
DEBUG 2025-05-27 11:53:21,372 views Запрос данных о погоде
DEBUG 2025-05-27 11:53:21,372 views Данные о погоде успешно получены
DEBUG 2025-05-27 11:53:21,373 views Запрос курсов валют
DEBUG 2025-05-27 11:53:21,811 views Данные о курсах валют успешно получены
INFO 2025-05-27 11:53:21,811 views Контекст для главной страницы успешно сформирован
INFO 2025-05-27 11:53:21,819 basehttp "GET / HTTP/1.1" 200 14233
INFO 2025-05-27 11:53:21,835 basehttp "GET /media/news/1-GettyImages-73096824-67ee7409bb789_NwYwV8X.webp HTTP/1.1" 200 23108
INFO 2025-05-27 11:53:21,837 basehttp "GET /media/news/1483444335_0-0-3840-2160_1920x0_80_0_0_d78397da469ce01dd2656c4ccb408168_dfm7Pro.jpg HTTP/1.1" 200 123825
INFO 2025-05-27 11:53:21,840 basehttp "GET /media/news/Screenshot_2025-05-26_at_16.53.50.png HTTP/1.1" 200 983608
INFO 2025-05-27 11:53:24,015 basehttp "GET /accounts/login/ HTTP/1.1" 200 3149
INFO 2025-05-27 11:53:28,763 basehttp "GET /admin/core/ HTTP/1.1" 302 0
INFO 2025-05-27 11:53:28,771 basehttp "GET /admin/login/?next=/admin/core/ HTTP/1.1" 200 4183
INFO 2025-05-27 11:53:38,940 basehttp "POST /admin/login/?next=/admin/core/ HTTP/1.1" 302 0
INFO 2025-05-27 11:53:38,945 basehttp "GET /admin/core/ HTTP/1.1" 200 13225
INFO 2025-05-27 11:53:42,863 basehttp "GET /admin/core/doctor/ HTTP/1.1" 200 17844
INFO 2025-05-27 11:53:42,889 basehttp "GET /admin/jsi18n/ HTTP/1.1" 200 3342
INFO 2025-05-27 11:53:44,697 basehttp "GET /admin/core/doctor/5/change/ HTTP/1.1" 200 28401
INFO 2025-05-27 11:53:44,717 basehttp "GET /admin/jsi18n/ HTTP/1.1" 200 3342
INFO 2025-05-27 11:53:56,041 basehttp "GET /admin/auth/user/31/change/?_to_field=id&_popup=1 HTTP/1.1" 200 21766
INFO 2025-05-27 11:53:56,052 basehttp "GET /admin/jsi18n/ HTTP/1.1" 200 3342
INFO 2025-05-27 11:54:00,720 basehttp "GET /admin/auth/user/31/password/ HTTP/1.1" 200 14519
INFO 2025-05-27 11:54:00,736 basehttp "GET /static/admin/js/unusable_password_field.js HTTP/1.1" 304 0
INFO 2025-05-27 11:54:00,736 basehttp "GET /static/admin/css/unusable_password_field.css HTTP/1.1" 304 0
INFO 2025-05-27 11:54:14,544 basehttp "POST /admin/auth/user/31/password/ HTTP/1.1" 200 14736
INFO 2025-05-27 11:54:27,208 basehttp "GET /admin/auth/user/31/password/ HTTP/1.1" 200 14519
INFO 2025-05-27 11:54:27,963 basehttp "GET /admin/auth/user/31/change/?_to_field=id&_popup=1 HTTP/1.1" 200 21766
INFO 2025-05-27 11:54:35,731 basehttp "GET /admin/ HTTP/1.1" 200 19321
INFO 2025-05-27 11:54:39,688 basehttp "GET /admin/core/doctor/add/ HTTP/1.1" 200 27711
INFO 2025-05-27 11:54:39,705 basehttp "GET /admin/jsi18n/ HTTP/1.1" 200 3342
INFO 2025-05-27 11:54:46,523 basehttp "GET /admin/auth/user/31/change/?_to_field=id&_popup=1 HTTP/1.1" 200 21766
INFO 2025-05-27 11:54:46,540 basehttp "GET /admin/jsi18n/ HTTP/1.1" 200 3342
INFO 2025-05-27 11:55:13,911 basehttp "GET /admin/auth/user/31/password/ HTTP/1.1" 200 14519
INFO 2025-05-27 11:55:40,122 basehttp "POST /admin/auth/user/31/password/ HTTP/1.1" 302 0
INFO 2025-05-27 11:55:40,138 basehttp "GET /admin/auth/user/31/change/ HTTP/1.1" 200 32586
INFO 2025-05-27 11:55:40,148 basehttp "GET /admin/jsi18n/ HTTP/1.1" 200 3342
INFO 2025-05-27 11:56:06,275 basehttp "POST /admin/auth/user/31/change/ HTTP/1.1" 200 32744
INFO 2025-05-27 11:56:06,290 basehttp "GET /admin/jsi18n/ HTTP/1.1" 200 3342
INFO 2025-05-27 11:56:17,491 basehttp "GET /admin/auth/ HTTP/1.1" 200 6117
INFO 2025-05-27 11:56:18,798 basehttp "GET /admin/ HTTP/1.1" 200 19203
INFO 2025-05-27 11:56:20,481 basehttp "GET /admin/core/doctor/ HTTP/1.1" 200 17844
INFO 2025-05-27 11:56:20,499 basehttp "GET /admin/jsi18n/ HTTP/1.1" 200 3342
INFO 2025-05-27 11:56:22,031 basehttp "GET /admin/core/doctor/5/change/ HTTP/1.1" 200 28401
INFO 2025-05-27 11:56:22,043 basehttp "GET /admin/jsi18n/ HTTP/1.1" 200 3342
INFO 2025-05-27 11:56:24,797 basehttp "GET /admin/auth/user/31/change/?_to_field=id&_popup=1 HTTP/1.1" 200 22003
INFO 2025-05-27 11:56:24,816 basehttp "GET /admin/jsi18n/ HTTP/1.1" 200 3342
INFO 2025-05-27 11:56:27,200 basehttp "GET /admin/auth/user/31/password/ HTTP/1.1" 200 15303
INFO 2025-05-27 11:56:44,949 basehttp "POST /admin/auth/user/31/password/ HTTP/1.1" 302 0
INFO 2025-05-27 11:56:44,969 basehttp "GET /admin/auth/user/31/change/ HTTP/1.1" 200 32586
INFO 2025-05-27 11:56:44,980 basehttp "GET /admin/jsi18n/ HTTP/1.1" 200 3342
INFO 2025-05-27 11:56:50,802 basehttp "POST /admin/auth/user/31/change/ HTTP/1.1" 302 0
INFO 2025-05-27 11:56:50,827 basehttp "GET /admin/auth/user/ HTTP/1.1" 200 22208
INFO 2025-05-27 11:56:50,843 basehttp "GET /admin/jsi18n/ HTTP/1.1" 200 3342
WARNING 2025-05-27 11:57:10,856 log Forbidden (CSRF token from POST incorrect.): /accounts/login/
WARNING 2025-05-27 11:57:10,856 basehttp "POST /accounts/login/ HTTP/1.1" 403 2503
INFO 2025-05-27 11:57:44,290 basehttp "GET /admin/auth/user/ HTTP/1.1" 200 22014
INFO 2025-05-27 11:57:44,308 basehttp "GET /admin/jsi18n/ HTTP/1.1" 200 3342
INFO 2025-05-27 11:57:46,887 basehttp "GET /admin/ HTTP/1.1" 200 18959
WARNING 2025-05-27 11:58:23,785 log Forbidden (CSRF token from POST incorrect.): /accounts/login/
WARNING 2025-05-27 11:58:23,786 basehttp "POST /accounts/login/ HTTP/1.1" 403 2503
INFO 2025-05-27 11:58:26,058 basehttp "GET /accounts/login/ HTTP/1.1" 302 0
INFO 2025-05-27 11:58:26,068 basehttp "GET /dashboard/ HTTP/1.1" 302 0
DEBUG 2025-05-27 11:58:26,073 views Получение последних новостей для главной страницы
INFO 2025-05-27 11:58:26,073 views Начало формирования контекста для главной страницы
DEBUG 2025-05-27 11:58:26,073 views Запрос данных о погоде
DEBUG 2025-05-27 11:58:26,074 views Данные о погоде успешно получены
DEBUG 2025-05-27 11:58:26,074 views Запрос курсов валют
DEBUG 2025-05-27 11:58:26,637 views Данные о курсах валют успешно получены
INFO 2025-05-27 11:58:26,638 views Контекст для главной страницы успешно сформирован
INFO 2025-05-27 11:58:26,651 basehttp "GET / HTTP/1.1" 200 15313
INFO 2025-05-27 11:58:31,089 basehttp "GET /accounts/login/ HTTP/1.1" 302 0
INFO 2025-05-27 11:58:31,096 basehttp "GET /dashboard/ HTTP/1.1" 302 0
DEBUG 2025-05-27 11:58:31,101 views Получение последних новостей для главной страницы
INFO 2025-05-27 11:58:31,101 views Начало формирования контекста для главной страницы
DEBUG 2025-05-27 11:58:31,101 views Запрос данных о погоде
DEBUG 2025-05-27 11:58:31,101 views Данные о погоде успешно получены
DEBUG 2025-05-27 11:58:31,101 views Запрос курсов валют
DEBUG 2025-05-27 11:58:31,675 views Данные о курсах валют успешно получены
INFO 2025-05-27 11:58:31,676 views Контекст для главной страницы успешно сформирован
INFO 2025-05-27 11:58:31,687 basehttp "GET / HTTP/1.1" 200 15313
INFO 2025-05-27 11:58:35,015 basehttp "POST /logout/ HTTP/1.1" 302 0
DEBUG 2025-05-27 11:58:35,017 views Получение последних новостей для главной страницы
INFO 2025-05-27 11:58:35,017 views Начало формирования контекста для главной страницы
DEBUG 2025-05-27 11:58:35,018 views Запрос данных о погоде
DEBUG 2025-05-27 11:58:35,018 views Данные о погоде успешно получены
DEBUG 2025-05-27 11:58:35,018 views Запрос курсов валют
DEBUG 2025-05-27 11:58:35,514 views Данные о курсах валют успешно получены
INFO 2025-05-27 11:58:35,515 views Контекст для главной страницы успешно сформирован
INFO 2025-05-27 11:58:35,525 basehttp "GET / HTTP/1.1" 200 14233
INFO 2025-05-27 11:58:36,674 basehttp "GET /accounts/login/ HTTP/1.1" 200 3149
INFO 2025-05-27 11:58:53,093 basehttp "POST /accounts/login/ HTTP/1.1" 302 0
INFO 2025-05-27 11:58:53,098 basehttp "GET /dashboard/ HTTP/1.1" 302 0
INFO 2025-05-27 11:58:53,106 basehttp "GET /dashboard/doctor/ HTTP/1.1" 200 9232
INFO 2025-05-27 11:59:04,868 basehttp "GET /dashboard/doctor/ HTTP/1.1" 200 9232
INFO 2025-05-27 11:59:09,280 basehttp "GET /vacancies/ HTTP/1.1" 200 5496
INFO 2025-05-27 11:59:09,932 basehttp "GET /statistics/ HTTP/1.1" 200 7570
INFO 2025-05-27 11:59:11,149 basehttp "GET /vacancies/ HTTP/1.1" 200 5496
INFO 2025-05-27 11:59:11,824 basehttp "GET /promocodes/ HTTP/1.1" 200 4882
INFO 2025-05-27 11:59:12,486 basehttp "GET /privacy/ HTTP/1.1" 200 5702
INFO 2025-05-27 11:59:13,216 basehttp "GET /doctors/ HTTP/1.1" 200 12708
INFO 2025-05-27 11:59:13,248 basehttp "GET /media/doctors/2d394f680c1bf633d300eee67dd58b90.jpg HTTP/1.1" 200 24328
INFO 2025-05-27 11:59:13,251 basehttp "GET /media/doctors/360_F_118225354_9E9LrO7Y8YHqpoV7jCiSnygQAD4LyJAx.jpg HTTP/1.1" 200 25942
INFO 2025-05-27 11:59:13,259 basehttp "GET /media/doctors/Screenshot_2025-05-26_at_23.51.08.png HTTP/1.1" 200 289583
INFO 2025-05-27 11:59:13,262 basehttp "GET /media/doctors/Screenshot_2025-05-26_at_23.50.23.png HTTP/1.1" 200 342535
INFO 2025-05-27 11:59:13,272 basehttp "GET /media/doctors/Screenshot_2025-05-26_at_23.50.42.png HTTP/1.1" 200 663399
INFO 2025-05-27 11:59:13,274 basehttp "GET /media/doctors/Screenshot_2025-05-26_at_23.51.39.png HTTP/1.1" 200 945687
INFO 2025-05-27 11:59:13,275 basehttp "GET /media/employees/Screenshot_2025-05-27_at_00.07.15.png HTTP/1.1" 200 989257
INFO 2025-05-27 11:59:14,130 basehttp "GET /services/ HTTP/1.1" 200 14844
INFO 2025-05-27 11:59:14,772 basehttp "GET /about/ HTTP/1.1" 200 5887
INFO 2025-05-27 11:59:29,576 basehttp "GET /dashboard/doctor/ HTTP/1.1" 200 9232
INFO 2025-05-27 11:59:56,883 basehttp "GET /complete-appointment/48/ HTTP/1.1" 200 5330
INFO 2025-05-27 12:00:02,537 basehttp "POST /complete-appointment/48/ HTTP/1.1" 302 0
INFO 2025-05-27 12:00:02,549 basehttp "GET /dashboard/doctor/ HTTP/1.1" 200 9399
INFO 2025-05-27 12:00:09,800 basehttp "GET /statistics/ HTTP/1.1" 200 43708
INFO 2025-05-27 12:02:51,421 autoreload Watching for file changes with StatReloader
INFO 2025-05-27 12:03:06,505 basehttp "GET /dashboard/doctor/ HTTP/1.1" 200 9399
INFO 2025-05-27 12:04:32,247 basehttp "GET /statistics/ HTTP/1.1" 200 43708
INFO 2025-05-27 12:04:39,891 basehttp "GET /privacy/ HTTP/1.1" 200 5702
INFO 2025-05-27 12:04:42,242 basehttp "GET /promocodes/ HTTP/1.1" 200 4882
INFO 2025-05-27 12:04:43,709 basehttp "GET /vacancies/ HTTP/1.1" 200 5496
INFO 2025-05-27 12:04:46,842 basehttp "GET /set-timezone/ HTTP/1.1" 200 39422
INFO 2025-05-27 12:05:01,163 basehttp "POST /set-timezone/ HTTP/1.1" 302 0
DEBUG 2025-05-27 12:05:01,169 views Получение последних новостей для главной страницы
INFO 2025-05-27 12:05:01,169 views Начало формирования контекста для главной страницы
DEBUG 2025-05-27 12:05:01,169 views Запрос данных о погоде
DEBUG 2025-05-27 12:05:03,395 views Данные о погоде успешно получены
DEBUG 2025-05-27 12:05:03,395 views Запрос курсов валют
DEBUG 2025-05-27 12:05:03,848 views Данные о курсах валют успешно получены
INFO 2025-05-27 12:05:03,849 views Контекст для главной страницы успешно сформирован
INFO 2025-05-27 12:05:03,862 basehttp "GET / HTTP/1.1" 200 15981
INFO 2025-05-27 12:05:03,905 basehttp "GET /media/news/1-GettyImages-73096824-67ee7409bb789_NwYwV8X.webp HTTP/1.1" 200 23108
INFO 2025-05-27 12:05:03,909 basehttp "GET /media/news/1483444335_0-0-3840-2160_1920x0_80_0_0_d78397da469ce01dd2656c4ccb408168_dfm7Pro.jpg HTTP/1.1" 200 123825
INFO 2025-05-27 12:05:03,913 basehttp "GET /media/news/Screenshot_2025-05-26_at_16.53.50.png HTTP/1.1" 200 983608
INFO 2025-05-27 12:05:07,257 basehttp "GET /about/ HTTP/1.1" 200 5887
INFO 2025-05-27 12:05:08,264 basehttp "GET /doctors/ HTTP/1.1" 200 12708
INFO 2025-05-27 12:05:09,228 basehttp "GET /services/ HTTP/1.1" 200 14844
INFO 2025-05-27 12:05:10,608 basehttp "GET /privacy/ HTTP/1.1" 200 5702
INFO 2025-05-27 12:05:11,473 basehttp "GET /promocodes/ HTTP/1.1" 200 4882
INFO 2025-05-27 12:05:12,222 basehttp "GET /vacancies/ HTTP/1.1" 200 5496
INFO 2025-05-27 12:05:13,137 basehttp "GET /statistics/ HTTP/1.1" 200 43708
INFO 2025-05-27 12:05:22,692 basehttp "GET /set-timezone/ HTTP/1.1" 200 39422
DEBUG 2025-05-27 12:05:23,497 views Получение последних новостей для главной страницы
INFO 2025-05-27 12:05:23,498 views Начало формирования контекста для главной страницы
DEBUG 2025-05-27 12:05:23,498 views Запрос данных о погоде
DEBUG 2025-05-27 12:05:23,498 views Данные о погоде успешно получены
DEBUG 2025-05-27 12:05:23,498 views Запрос курсов валют
DEBUG 2025-05-27 12:05:23,788 views Данные о курсах валют успешно получены
INFO 2025-05-27 12:05:23,789 views Контекст для главной страницы успешно сформирован
INFO 2025-05-27 12:05:23,795 basehttp "GET / HTTP/1.1" 200 15494
INFO 2025-05-27 12:05:42,795 basehttp "POST /logout/ HTTP/1.1" 302 0
DEBUG 2025-05-27 12:05:42,798 views Получение последних новостей для главной страницы
INFO 2025-05-27 12:05:42,799 views Начало формирования контекста для главной страницы
DEBUG 2025-05-27 12:05:42,799 views Запрос данных о погоде
DEBUG 2025-05-27 12:05:42,799 views Данные о погоде успешно получены
DEBUG 2025-05-27 12:05:42,799 views Запрос курсов валют
DEBUG 2025-05-27 12:05:43,278 views Данные о курсах валют успешно получены
INFO 2025-05-27 12:05:43,279 views Контекст для главной страницы успешно сформирован
INFO 2025-05-27 12:05:43,288 basehttp "GET / HTTP/1.1" 200 14233
INFO 2025-05-27 12:05:45,323 basehttp "GET /promocodes/ HTTP/1.1" 200 3621
INFO 2025-05-27 12:05:48,293 basehttp "GET /services/ HTTP/1.1" 200 13583
INFO 2025-05-27 12:05:49,726 basehttp "GET /service/53/ HTTP/1.1" 200 4943
INFO 2025-05-27 12:06:02,672 basehttp "GET /about/ HTTP/1.1" 200 4626
DEBUG 2025-05-27 12:06:03,636 views Получение последних новостей для главной страницы
INFO 2025-05-27 12:06:03,636 views Начало формирования контекста для главной страницы
DEBUG 2025-05-27 12:06:03,637 views Запрос данных о погоде
DEBUG 2025-05-27 12:06:03,637 views Данные о погоде успешно получены
DEBUG 2025-05-27 12:06:03,637 views Запрос курсов валют
DEBUG 2025-05-27 12:06:03,988 views Данные о курсах валют успешно получены
INFO 2025-05-27 12:06:03,989 views Контекст для главной страницы успешно сформирован
INFO 2025-05-27 12:06:03,999 basehttp "GET / HTTP/1.1" 200 14233
INFO 2025-05-27 12:06:05,232 basehttp "GET /accounts/login/ HTTP/1.1" 200 3149
INFO 2025-05-27 12:06:20,643 basehttp "POST /accounts/login/ HTTP/1.1" 302 0
INFO 2025-05-27 12:06:20,650 basehttp "GET /dashboard/ HTTP/1.1" 302 0
INFO 2025-05-27 12:06:20,658 basehttp "GET /dashboard/client/ HTTP/1.1" 200 15533
DEBUG 2025-05-27 12:06:24,326 views Получение последних новостей для главной страницы
INFO 2025-05-27 12:06:24,327 views Начало формирования контекста для главной страницы
DEBUG 2025-05-27 12:06:24,333 views Запрос данных о погоде
DEBUG 2025-05-27 12:06:24,333 views Данные о погоде успешно получены
DEBUG 2025-05-27 12:06:24,333 views Запрос курсов валют
DEBUG 2025-05-27 12:06:25,335 views Данные о курсах валют успешно получены
INFO 2025-05-27 12:06:25,336 views Контекст для главной страницы успешно сформирован
INFO 2025-05-27 12:06:25,347 basehttp "GET / HTTP/1.1" 200 15512
INFO 2025-05-27 12:06:34,778 basehttp "POST / HTTP/1.1" 302 0
DEBUG 2025-05-27 12:06:34,783 views Получение последних новостей для главной страницы
INFO 2025-05-27 12:06:34,784 views Начало формирования контекста для главной страницы
DEBUG 2025-05-27 12:06:34,784 views Запрос данных о погоде
DEBUG 2025-05-27 12:06:34,784 views Данные о погоде успешно получены
DEBUG 2025-05-27 12:06:34,784 views Запрос курсов валют
DEBUG 2025-05-27 12:06:35,099 views Данные о курсах валют успешно получены
INFO 2025-05-27 12:06:35,100 views Контекст для главной страницы успешно сформирован
INFO 2025-05-27 12:06:35,112 basehttp "GET / HTTP/1.1" 200 16853
INFO 2025-05-27 12:06:44,516 basehttp "POST /logout/ HTTP/1.1" 302 0
DEBUG 2025-05-27 12:06:44,518 views Получение последних новостей для главной страницы
INFO 2025-05-27 12:06:44,519 views Начало формирования контекста для главной страницы
DEBUG 2025-05-27 12:06:44,519 views Запрос данных о погоде
DEBUG 2025-05-27 12:06:44,519 views Данные о погоде успешно получены
DEBUG 2025-05-27 12:06:44,519 views Запрос курсов валют
DEBUG 2025-05-27 12:06:44,889 views Данные о курсах валют успешно получены
INFO 2025-05-27 12:06:44,890 views Контекст для главной страницы успешно сформирован
INFO 2025-05-27 12:06:44,899 basehttp "GET / HTTP/1.1" 200 15092
INFO 2025-05-27 12:10:00,469 basehttp "GET /accounts/login/ HTTP/1.1" 200 3149
INFO 2025-05-27 12:10:13,582 basehttp "POST /accounts/login/ HTTP/1.1" 302 0
INFO 2025-05-27 12:10:13,589 basehttp "GET /dashboard/ HTTP/1.1" 302 0
INFO 2025-05-27 12:10:13,599 basehttp "GET /dashboard/client/ HTTP/1.1" 200 15533
INFO 2025-05-27 12:10:14,788 basehttp "GET /set-timezone/ HTTP/1.1" 200 39440
INFO 2025-05-27 12:10:24,374 basehttp "POST /set-timezone/ HTTP/1.1" 302 0
DEBUG 2025-05-27 12:10:24,378 views Получение последних новостей для главной страницы
INFO 2025-05-27 12:10:24,378 views Начало формирования контекста для главной страницы
DEBUG 2025-05-27 12:10:24,379 views Запрос данных о погоде
DEBUG 2025-05-27 12:10:24,379 views Данные о погоде успешно получены
DEBUG 2025-05-27 12:10:24,379 views Запрос курсов валют
DEBUG 2025-05-27 12:10:24,854 views Данные о курсах валют успешно получены
INFO 2025-05-27 12:10:24,854 views Контекст для главной страницы успешно сформирован
INFO 2025-05-27 12:10:24,869 basehttp "GET / HTTP/1.1" 200 16858
INFO 2025-06-02 14:55:32,486 autoreload Watching for file changes with StatReloader
INFO 2025-06-02 14:55:55,897 autoreload Watching for file changes with StatReloader
INFO 2025-06-02 14:57:10,452 autoreload /Users/artem/Desktop/LR5/СosmetologyCenter/core/views.py changed, reloading.
INFO 2025-06-02 14:57:10,809 autoreload Watching for file changes with StatReloader
INFO 2025-06-02 14:57:23,632 autoreload /Users/artem/Desktop/LR5/СosmetologyCenter/core/views.py changed, reloading.
INFO 2025-06-02 14:57:23,984 autoreload Watching for file changes with StatReloader
INFO 2025-06-02 14:57:27,409 autoreload /Users/artem/Desktop/LR5/СosmetologyCenter/core/views.py changed, reloading.
INFO 2025-06-02 14:57:27,742 autoreload Watching for file changes with StatReloader
DEBUG 2025-06-02 14:57:47,700 views Получение последних новостей для главной страницы
INFO 2025-06-02 14:57:47,700 views Начало формирования контекста для главной страницы
DEBUG 2025-06-02 14:57:47,701 views Запрос курсов валют
DEBUG 2025-06-02 14:57:50,949 views Данные о курсах валют успешно получены
ERROR 2025-06-02 14:57:50,950 views Ошибка при обработке внешних API
Traceback (most recent call last):
  File "/Users/artem/Desktop/LR5/СosmetologyCenter/core/views.py", line 68, in get_context_data
    context['weather'] = weather_data if 'error' not in weather_data else None
                                                        ^^^^^^^^^^^^
NameError: name 'weather_data' is not defined
INFO 2025-06-02 14:57:50,953 views Контекст для главной страницы успешно сформирован
INFO 2025-06-02 14:57:50,989 basehttp "GET / HTTP/1.1" 200 16207
INFO 2025-06-02 14:57:51,024 basehttp "GET /static/css/style.css HTTP/1.1" 304 0
INFO 2025-06-02 14:57:51,027 basehttp "GET /static/img/FotoJet%20(65)-1200.jpg.webp HTTP/1.1" 304 0
INFO 2025-06-02 14:57:51,039 basehttp "GET /media/news/1-GettyImages-73096824-67ee7409bb789_NwYwV8X.webp HTTP/1.1" 200 23108
INFO 2025-06-02 14:57:51,040 basehttp "GET /media/news/1483444335_0-0-3840-2160_1920x0_80_0_0_d78397da469ce01dd2656c4ccb408168_dfm7Pro.jpg HTTP/1.1" 200 123825
INFO 2025-06-02 14:57:51,042 basehttp "GET /media/news/Screenshot_2025-05-26_at_16.53.50.png HTTP/1.1" 200 983608
WARNING 2025-06-02 14:57:51,338 log Not Found: /favicon.ico
WARNING 2025-06-02 14:57:51,339 basehttp "GET /favicon.ico HTTP/1.1" 404 10684
INFO 2025-06-02 14:57:54,489 basehttp "POST /logout/ HTTP/1.1" 302 0
DEBUG 2025-06-02 14:57:54,492 views Получение последних новостей для главной страницы
INFO 2025-06-02 14:57:54,492 views Начало формирования контекста для главной страницы
DEBUG 2025-06-02 14:57:54,493 views Запрос курсов валют
INFO 2025-06-02 14:57:57,001 basehttp "POST /logout/ HTTP/1.1" 302 0
DEBUG 2025-06-02 14:57:57,005 views Получение последних новостей для главной страницы
INFO 2025-06-02 14:57:57,005 views Начало формирования контекста для главной страницы
DEBUG 2025-06-02 14:57:57,005 views Запрос курсов валют
DEBUG 2025-06-02 14:57:57,619 views Данные о курсах валют успешно получены
ERROR 2025-06-02 14:57:57,619 views Ошибка при обработке внешних API
Traceback (most recent call last):
  File "/Users/artem/Desktop/LR5/СosmetologyCenter/core/views.py", line 68, in get_context_data
    context['weather'] = weather_data if 'error' not in weather_data else None
                                                        ^^^^^^^^^^^^
NameError: name 'weather_data' is not defined
INFO 2025-06-02 14:57:57,620 views Контекст для главной страницы успешно сформирован
INFO 2025-06-02 14:57:57,628 basehttp "GET / HTTP/1.1" 200 14928
DEBUG 2025-06-02 14:57:57,671 views Данные о курсах валют успешно получены
ERROR 2025-06-02 14:57:57,671 views Ошибка при обработке внешних API
Traceback (most recent call last):
  File "/Users/artem/Desktop/LR5/СosmetologyCenter/core/views.py", line 68, in get_context_data
    context['weather'] = weather_data if 'error' not in weather_data else None
                                                        ^^^^^^^^^^^^
NameError: name 'weather_data' is not defined
INFO 2025-06-02 14:57:57,672 views Контекст для главной страницы успешно сформирован
INFO 2025-06-02 14:57:57,680 basehttp "GET / HTTP/1.1" 200 14928
INFO 2025-06-02 14:57:57,680 basehttp - Broken pipe from ('127.0.0.1', 58285)
DEBUG 2025-06-02 14:58:00,730 views Получение последних новостей для главной страницы
INFO 2025-06-02 14:58:00,730 views Начало формирования контекста для главной страницы
DEBUG 2025-06-02 14:58:00,731 views Запрос курсов валют
DEBUG 2025-06-02 14:58:00,867 views Данные о курсах валют успешно получены
ERROR 2025-06-02 14:58:00,867 views Ошибка при обработке внешних API
Traceback (most recent call last):
  File "/Users/artem/Desktop/LR5/СosmetologyCenter/core/views.py", line 68, in get_context_data
    context['weather'] = weather_data if 'error' not in weather_data else None
                                                        ^^^^^^^^^^^^
NameError: name 'weather_data' is not defined
INFO 2025-06-02 14:58:00,868 views Контекст для главной страницы успешно сформирован
INFO 2025-06-02 14:58:00,879 basehttp "GET / HTTP/1.1" 200 14928
INFO 2025-06-02 14:58:01,660 basehttp "GET /about/ HTTP/1.1" 200 4626
INFO 2025-06-02 14:58:02,548 basehttp "GET /services/ HTTP/1.1" 200 13583
INFO 2025-06-02 14:58:03,201 basehttp "GET /doctors/ HTTP/1.1" 200 11447
INFO 2025-06-02 14:58:03,217 basehttp "GET /media/doctors/2d394f680c1bf633d300eee67dd58b90.jpg HTTP/1.1" 200 24328
INFO 2025-06-02 14:58:03,219 basehttp "GET /media/doctors/360_F_118225354_9E9LrO7Y8YHqpoV7jCiSnygQAD4LyJAx.jpg HTTP/1.1" 200 25942
INFO 2025-06-02 14:58:03,229 basehttp "GET /media/doctors/Screenshot_2025-05-26_at_23.51.08.png HTTP/1.1" 200 289583
INFO 2025-06-02 14:58:03,231 basehttp "GET /media/doctors/Screenshot_2025-05-26_at_23.50.23.png HTTP/1.1" 200 342535
INFO 2025-06-02 14:58:03,237 basehttp "GET /media/doctors/Screenshot_2025-05-26_at_23.50.42.png HTTP/1.1" 200 663399
INFO 2025-06-02 14:58:03,242 basehttp "GET /media/doctors/Screenshot_2025-05-26_at_23.51.39.png HTTP/1.1" 200 945687
INFO 2025-06-02 14:58:03,246 basehttp "GET /media/employees/Screenshot_2025-05-27_at_00.07.15.png HTTP/1.1" 200 989257
INFO 2025-06-02 14:58:03,893 basehttp "GET /privacy/ HTTP/1.1" 200 4441
INFO 2025-06-02 14:58:04,986 basehttp "GET /doctors/ HTTP/1.1" 200 11447
INFO 2025-06-02 14:58:06,217 basehttp "GET /vacancies/ HTTP/1.1" 200 4235
INFO 2025-06-02 14:58:07,142 basehttp "GET /statistics/ HTTP/1.1" 200 42447
INFO 2025-06-02 14:58:22,374 autoreload /Users/artem/Desktop/LR5/СosmetologyCenter/core/views.py changed, reloading.
INFO 2025-06-02 14:58:22,783 autoreload Watching for file changes with StatReloader
INFO 2025-06-02 14:58:29,277 autoreload /Users/artem/Desktop/LR5/СosmetologyCenter/core/views.py changed, reloading.
INFO 2025-06-02 14:58:29,642 autoreload Watching for file changes with StatReloader
INFO 2025-06-02 14:58:39,146 autoreload /Users/artem/Desktop/LR5/СosmetologyCenter/core/views.py changed, reloading.
INFO 2025-06-02 14:58:39,420 autoreload Watching for file changes with StatReloader
INFO 2025-06-02 14:58:53,026 autoreload /Users/artem/Desktop/LR5/СosmetologyCenter/core/views.py changed, reloading.
INFO 2025-06-02 14:58:53,337 autoreload Watching for file changes with StatReloader
INFO 2025-06-02 14:59:08,977 autoreload /Users/artem/Desktop/LR5/СosmetologyCenter/core/views.py changed, reloading.
INFO 2025-06-02 14:59:09,320 autoreload Watching for file changes with StatReloader
INFO 2025-06-02 14:59:14,828 autoreload /Users/artem/Desktop/LR5/СosmetologyCenter/core/views.py changed, reloading.
INFO 2025-06-02 14:59:15,090 autoreload Watching for file changes with StatReloader
INFO 2025-06-02 14:59:18,481 autoreload /Users/artem/Desktop/LR5/СosmetologyCenter/core/views.py changed, reloading.
INFO 2025-06-02 14:59:18,777 autoreload Watching for file changes with StatReloader
INFO 2025-06-02 14:59:23,169 autoreload /Users/artem/Desktop/LR5/СosmetologyCenter/core/views.py changed, reloading.
INFO 2025-06-02 14:59:23,438 autoreload Watching for file changes with StatReloader
INFO 2025-06-02 14:59:24,793 autoreload /Users/artem/Desktop/LR5/СosmetologyCenter/core/views.py changed, reloading.
INFO 2025-06-02 14:59:25,058 autoreload Watching for file changes with StatReloader
INFO 2025-06-02 14:59:27,417 autoreload /Users/artem/Desktop/LR5/СosmetologyCenter/core/views.py changed, reloading.
INFO 2025-06-02 14:59:27,677 autoreload Watching for file changes with StatReloader
INFO 2025-06-02 14:59:35,135 autoreload /Users/artem/Desktop/LR5/СosmetologyCenter/core/views.py changed, reloading.
INFO 2025-06-02 14:59:35,415 autoreload Watching for file changes with StatReloader
INFO 2025-06-02 14:59:37,762 autoreload /Users/artem/Desktop/LR5/СosmetologyCenter/core/views.py changed, reloading.
INFO 2025-06-02 14:59:38,034 autoreload Watching for file changes with StatReloader
INFO 2025-06-02 14:59:41,413 autoreload /Users/artem/Desktop/LR5/СosmetologyCenter/core/views.py changed, reloading.
INFO 2025-06-02 14:59:41,699 autoreload Watching for file changes with StatReloader
INFO 2025-06-02 14:59:45,092 autoreload /Users/artem/Desktop/LR5/СosmetologyCenter/core/views.py changed, reloading.
INFO 2025-06-02 14:59:45,367 autoreload Watching for file changes with StatReloader
INFO 2025-06-02 14:59:47,737 autoreload /Users/artem/Desktop/LR5/СosmetologyCenter/core/views.py changed, reloading.
INFO 2025-06-02 14:59:48,020 autoreload Watching for file changes with StatReloader
INFO 2025-06-02 14:59:52,424 autoreload /Users/artem/Desktop/LR5/СosmetologyCenter/core/views.py changed, reloading.
INFO 2025-06-02 14:59:52,691 autoreload Watching for file changes with StatReloader
INFO 2025-06-02 14:59:55,054 autoreload /Users/artem/Desktop/LR5/СosmetologyCenter/core/views.py changed, reloading.
INFO 2025-06-02 14:59:55,361 autoreload Watching for file changes with StatReloader
INFO 2025-06-02 14:59:56,751 autoreload /Users/artem/Desktop/LR5/СosmetologyCenter/core/views.py changed, reloading.
INFO 2025-06-02 14:59:57,003 autoreload Watching for file changes with StatReloader
INFO 2025-06-02 14:59:58,359 autoreload /Users/artem/Desktop/LR5/СosmetologyCenter/core/views.py changed, reloading.
INFO 2025-06-02 14:59:58,614 autoreload Watching for file changes with StatReloader
INFO 2025-06-02 15:00:00,977 autoreload /Users/artem/Desktop/LR5/СosmetologyCenter/core/views.py changed, reloading.
INFO 2025-06-02 15:00:01,251 autoreload Watching for file changes with StatReloader
INFO 2025-06-02 15:00:06,682 autoreload /Users/artem/Desktop/LR5/СosmetologyCenter/core/views.py changed, reloading.
INFO 2025-06-02 15:00:06,943 autoreload Watching for file changes with StatReloader
INFO 2025-06-02 15:00:15,449 autoreload /Users/artem/Desktop/LR5/СosmetologyCenter/core/views.py changed, reloading.
INFO 2025-06-02 15:00:15,722 autoreload Watching for file changes with StatReloader
INFO 2025-06-02 15:00:18,094 autoreload /Users/artem/Desktop/LR5/СosmetologyCenter/core/views.py changed, reloading.
INFO 2025-06-02 15:00:18,385 autoreload Watching for file changes with StatReloader
INFO 2025-06-02 15:00:21,768 autoreload /Users/artem/Desktop/LR5/СosmetologyCenter/core/views.py changed, reloading.
INFO 2025-06-02 15:00:22,023 autoreload Watching for file changes with StatReloader
INFO 2025-06-02 15:02:17,884 autoreload Watching for file changes with StatReloader
DEBUG 2025-06-02 15:02:26,625 views Получение последних новостей для главной страницы
INFO 2025-06-02 15:02:26,625 views Начало формирования контекста для главной страницы
DEBUG 2025-06-02 15:02:26,626 views Запрос курсов валют
DEBUG 2025-06-02 15:02:29,773 views Данные о курсах валют успешно получены
INFO 2025-06-02 15:02:29,774 views Контекст для главной страницы успешно сформирован
INFO 2025-06-02 15:02:29,803 basehttp "GET / HTTP/1.1" 200 15092
INFO 2025-06-02 15:02:29,828 basehttp "GET /media/news/1-GettyImages-73096824-67ee7409bb789_NwYwV8X.webp HTTP/1.1" 200 23108
INFO 2025-06-02 15:02:29,829 basehttp "GET /media/news/1483444335_0-0-3840-2160_1920x0_80_0_0_d78397da469ce01dd2656c4ccb408168_dfm7Pro.jpg HTTP/1.1" 200 123825
INFO 2025-06-02 15:02:29,833 basehttp "GET /media/news/Screenshot_2025-05-26_at_16.53.50.png HTTP/1.1" 200 983608
DEBUG 2025-06-02 15:02:31,819 views Получение последних новостей для главной страницы
INFO 2025-06-02 15:02:31,820 views Начало формирования контекста для главной страницы
DEBUG 2025-06-02 15:02:31,820 views Запрос курсов валют
DEBUG 2025-06-02 15:02:31,954 views Данные о курсах валют успешно получены
INFO 2025-06-02 15:02:31,955 views Контекст для главной страницы успешно сформирован
INFO 2025-06-02 15:02:31,965 basehttp "GET / HTTP/1.1" 200 15092
INFO 2025-06-02 15:02:32,653 basehttp "GET /about/ HTTP/1.1" 200 4626
INFO 2025-06-02 15:02:33,374 basehttp "GET /services/ HTTP/1.1" 200 13583
INFO 2025-06-02 15:02:34,090 basehttp "GET /doctors/ HTTP/1.1" 200 3234
INFO 2025-06-02 15:02:37,205 basehttp "GET /privacy/ HTTP/1.1" 200 4441
INFO 2025-06-02 15:02:37,958 basehttp "GET /promocodes/ HTTP/1.1" 200 3769
INFO 2025-06-02 15:02:38,771 basehttp "GET /vacancies/ HTTP/1.1" 200 4235
INFO 2025-06-02 15:02:39,847 basehttp "GET /statistics/ HTTP/1.1" 200 42447
INFO 2025-06-02 15:02:41,307 basehttp "GET /doctors/ HTTP/1.1" 200 3234
INFO 2025-06-02 15:02:45,101 basehttp "GET /accounts/login/ HTTP/1.1" 200 3149
INFO 2025-06-02 15:02:47,045 basehttp "GET /services/ HTTP/1.1" 200 13583
INFO 2025-06-02 15:02:47,651 basehttp "GET /doctors/ HTTP/1.1" 200 3234
INFO 2025-06-02 15:04:48,585 autoreload Watching for file changes with StatReloader
DEBUG 2025-06-02 15:04:57,918 views Получение последних новостей для главной страницы
INFO 2025-06-02 15:04:57,919 views Начало формирования контекста для главной страницы
DEBUG 2025-06-02 15:04:57,919 views Запрос курсов валют
DEBUG 2025-06-02 15:05:01,082 views Данные о курсах валют успешно получены
INFO 2025-06-02 15:05:01,082 views Контекст для главной страницы успешно сформирован
INFO 2025-06-02 15:05:01,118 basehttp "GET / HTTP/1.1" 200 15092
INFO 2025-06-02 15:05:03,613 basehttp "GET /doctors/ HTTP/1.1" 200 3234
INFO 2025-06-02 15:05:06,478 basehttp "GET /privacy/ HTTP/1.1" 200 4441
INFO 2025-06-02 15:05:07,209 basehttp "GET /promocodes/ HTTP/1.1" 200 3769
INFO 2025-06-02 15:05:08,099 basehttp "GET /vacancies/ HTTP/1.1" 200 4235
INFO 2025-06-02 15:05:09,175 basehttp "GET /statistics/ HTTP/1.1" 200 42447
INFO 2025-06-02 15:05:09,961 basehttp "GET /doctors/ HTTP/1.1" 200 3234
INFO 2025-06-02 15:05:10,613 basehttp "GET /services/ HTTP/1.1" 200 13583
INFO 2025-06-02 15:05:11,646 basehttp "GET /doctors/ HTTP/1.1" 200 3234
INFO 2025-06-02 15:05:13,415 basehttp "GET /doctors/ HTTP/1.1" 200 3234
INFO 2025-06-02 15:05:14,628 basehttp "GET /doctors/ HTTP/1.1" 200 3234
INFO 2025-06-02 15:05:14,891 basehttp "GET /doctors/ HTTP/1.1" 200 3234
INFO 2025-06-02 15:05:15,103 basehttp "GET /doctors/ HTTP/1.1" 200 3234
INFO 2025-06-02 15:05:15,321 basehttp "GET /doctors/ HTTP/1.1" 200 3234
INFO 2025-06-02 15:05:15,537 basehttp "GET /doctors/ HTTP/1.1" 200 3234
INFO 2025-06-02 15:05:15,787 basehttp "GET /doctors/ HTTP/1.1" 200 3234
INFO 2025-06-02 15:05:16,060 basehttp "GET /doctors/ HTTP/1.1" 200 3234
INFO 2025-06-02 15:05:16,253 basehttp "GET /doctors/ HTTP/1.1" 200 3234
INFO 2025-06-02 15:05:16,526 basehttp "GET /doctors/ HTTP/1.1" 200 3234
INFO 2025-06-02 15:05:16,737 basehttp "GET /doctors/ HTTP/1.1" 200 3234
INFO 2025-06-02 15:05:16,954 basehttp "GET /doctors/ HTTP/1.1" 200 3234
INFO 2025-06-02 15:09:02,946 autoreload Watching for file changes with StatReloader
DEBUG 2025-06-02 15:09:12,312 views Получение последних новостей для главной страницы
INFO 2025-06-02 15:09:12,312 views Начало формирования контекста для главной страницы
DEBUG 2025-06-02 15:09:12,313 views Запрос курсов валют
DEBUG 2025-06-02 15:09:16,018 views Данные о курсах валют успешно получены
INFO 2025-06-02 15:09:16,019 views Контекст для главной страницы успешно сформирован
INFO 2025-06-02 15:09:16,055 basehttp "GET / HTTP/1.1" 200 15092
INFO 2025-06-02 15:09:18,039 basehttp "GET /doctors/ HTTP/1.1" 200 3234
INFO 2025-06-02 15:09:21,138 basehttp "GET /privacy/ HTTP/1.1" 200 4441
INFO 2025-06-02 15:09:21,919 basehttp "GET /vacancies/ HTTP/1.1" 200 4235
INFO 2025-06-02 15:09:22,582 basehttp "GET /privacy/ HTTP/1.1" 200 4441
INFO 2025-06-02 15:09:23,255 basehttp "GET /services/ HTTP/1.1" 200 13583
DEBUG 2025-06-02 15:09:23,861 views Получение последних новостей для главной страницы
INFO 2025-06-02 15:09:23,861 views Начало формирования контекста для главной страницы
DEBUG 2025-06-02 15:09:23,862 views Запрос курсов валют
DEBUG 2025-06-02 15:09:26,872 views Получение последних новостей для главной страницы
INFO 2025-06-02 15:09:26,872 views Начало формирования контекста для главной страницы
DEBUG 2025-06-02 15:09:26,873 views Запрос курсов валют
DEBUG 2025-06-02 15:09:26,990 views Данные о курсах валют успешно получены
INFO 2025-06-02 15:09:26,990 views Контекст для главной страницы успешно сформирован
INFO 2025-06-02 15:09:26,999 basehttp "GET / HTTP/1.1" 200 15092
DEBUG 2025-06-02 15:09:27,000 views Данные о курсах валют успешно получены
INFO 2025-06-02 15:09:27,000 views Контекст для главной страницы успешно сформирован
INFO 2025-06-02 15:09:27,008 basehttp - Broken pipe from ('127.0.0.1', 58472)
INFO 2025-06-02 15:09:28,608 basehttp "GET /doctors/ HTTP/1.1" 200 3234
INFO 2025-09-10 15:05:12,516 autoreload Watching for file changes with StatReloader
DEBUG 2025-09-10 15:05:28,186 views Получение последних новостей для главной страницы
INFO 2025-09-10 15:05:28,187 views Начало формирования контекста для главной страницы
DEBUG 2025-09-10 15:05:28,188 views Запрос курсов валют
DEBUG 2025-09-10 15:05:28,651 views Данные о курсах валют успешно получены
INFO 2025-09-10 15:05:28,651 views Контекст для главной страницы успешно сформирован
INFO 2025-09-10 15:05:28,686 basehttp "GET / HTTP/1.1" 200 15092
INFO 2025-09-10 15:05:28,742 basehttp "GET /static/css/style.css HTTP/1.1" 304 0
INFO 2025-09-10 15:05:28,748 basehttp "GET /static/img/FotoJet%20(65)-1200.jpg.webp HTTP/1.1" 304 0
INFO 2025-09-10 15:05:28,749 basehttp "GET /media/news/1-GettyImages-73096824-67ee7409bb789_NwYwV8X.webp HTTP/1.1" 304 0
INFO 2025-09-10 15:05:28,750 basehttp "GET /media/news/Screenshot_2025-05-26_at_16.53.50.png HTTP/1.1" 304 0
INFO 2025-09-10 15:05:28,750 basehttp "GET /media/news/1483444335_0-0-3840-2160_1920x0_80_0_0_d78397da469ce01dd2656c4ccb408168_dfm7Pro.jpg HTTP/1.1" 304 0
WARNING 2025-09-10 15:05:29,534 log Not Found: /favicon.ico
WARNING 2025-09-10 15:05:29,534 basehttp "GET /favicon.ico HTTP/1.1" 404 10684
DEBUG 2025-09-10 15:05:31,368 views Получение последних новостей для главной страницы
INFO 2025-09-10 15:05:31,368 views Начало формирования контекста для главной страницы
DEBUG 2025-09-10 15:05:31,369 views Запрос курсов валют
DEBUG 2025-09-10 15:05:33,402 views Данные о курсах валют успешно получены
INFO 2025-09-10 15:05:33,403 views Контекст для главной страницы успешно сформирован
INFO 2025-09-10 15:05:33,412 basehttp "GET / HTTP/1.1" 200 15092
INFO 2025-09-10 15:05:38,886 basehttp "GET /about/ HTTP/1.1" 200 4626
INFO 2025-09-10 15:05:40,693 basehttp "GET /services/ HTTP/1.1" 200 13583
INFO 2025-09-10 15:05:43,023 basehttp "GET /doctors/ HTTP/1.1" 200 3234
INFO 2025-09-10 15:05:44,738 basehttp "GET /privacy/ HTTP/1.1" 200 4441
INFO 2025-09-10 15:05:45,470 basehttp "GET /promocodes/ HTTP/1.1" 200 3769
INFO 2025-09-10 15:05:46,856 basehttp "GET /vacancies/ HTTP/1.1" 200 4235
INFO 2025-09-10 15:05:47,640 basehttp "GET /statistics/ HTTP/1.1" 200 42447
DEBUG 2025-09-10 15:06:03,467 views Получение последних новостей для главной страницы
INFO 2025-09-10 15:06:03,467 views Начало формирования контекста для главной страницы
DEBUG 2025-09-10 15:06:03,468 views Запрос курсов валют
DEBUG 2025-09-10 15:06:04,729 views Данные о курсах валют успешно получены
INFO 2025-09-10 15:06:04,729 views Контекст для главной страницы успешно сформирован
INFO 2025-09-10 15:06:04,741 basehttp "GET / HTTP/1.1" 200 15092
INFO 2025-09-10 15:06:13,170 basehttp "GET /about/ HTTP/1.1" 200 4626
INFO 2025-09-10 15:06:14,572 basehttp "GET /services/ HTTP/1.1" 200 13583
INFO 2025-09-10 15:06:15,349 basehttp "GET /doctors/ HTTP/1.1" 200 3234
INFO 2025-09-10 15:06:16,147 basehttp "GET /promocodes/ HTTP/1.1" 200 3769
INFO 2025-09-10 15:06:16,900 basehttp "GET /privacy/ HTTP/1.1" 200 4441
INFO 2025-09-10 15:06:17,907 basehttp "GET /promocodes/ HTTP/1.1" 200 3769
INFO 2025-09-10 15:06:18,730 basehttp "GET /vacancies/ HTTP/1.1" 200 4235
INFO 2025-09-10 15:06:20,838 basehttp "GET /statistics/ HTTP/1.1" 200 42447
DEBUG 2025-09-10 15:06:27,373 views Получение последних новостей для главной страницы
INFO 2025-09-10 15:06:27,376 views Начало формирования контекста для главной страницы
DEBUG 2025-09-10 15:06:27,378 views Запрос курсов валют
DEBUG 2025-09-10 15:06:28,116 views Данные о курсах валют успешно получены
INFO 2025-09-10 15:06:28,117 views Контекст для главной страницы успешно сформирован
INFO 2025-09-10 15:06:28,130 basehttp "GET / HTTP/1.1" 200 15092
INFO 2025-09-10 15:07:13,713 basehttp "GET /services/ HTTP/1.1" 200 13583
INFO 2025-09-10 15:07:19,763 basehttp "GET /services/?page=2 HTTP/1.1" 200 6642
INFO 2025-09-10 15:07:21,527 basehttp "GET /services/?page=1 HTTP/1.1" 200 13583
INFO 2025-09-10 15:07:46,281 basehttp "GET /services/?search=&order_by=price HTTP/1.1" 200 13628
DEBUG 2025-09-10 15:07:50,253 views Получение последних новостей для главной страницы
INFO 2025-09-10 15:07:50,254 views Начало формирования контекста для главной страницы
DEBUG 2025-09-10 15:07:50,254 views Запрос курсов валют
DEBUG 2025-09-10 15:07:51,201 views Данные о курсах валют успешно получены
INFO 2025-09-10 15:07:51,202 views Контекст для главной страницы успешно сформирован
INFO 2025-09-10 15:07:51,210 basehttp "GET / HTTP/1.1" 200 15092
DEBUG 2025-09-10 15:08:36,832 views Получение последних новостей для главной страницы
INFO 2025-09-10 15:08:36,837 views Начало формирования контекста для главной страницы
DEBUG 2025-09-10 15:08:36,838 views Запрос курсов валют
INFO 2025-09-10 15:08:43,939 basehttp "GET /services/ HTTP/1.1" 200 13583
INFO 2025-09-10 15:08:45,004 basehttp "GET /privacy/ HTTP/1.1" 200 4441
ERROR 2025-09-10 15:08:46,548 views Ошибка при получении курсов валют: ('Connection aborted.', ConnectionResetError(54, 'Connection reset by peer'))
INFO 2025-09-10 15:08:46,549 views Контекст для главной страницы успешно сформирован
INFO 2025-09-10 15:08:46,557 basehttp "GET / HTTP/1.1" 200 15007
INFO 2025-09-10 15:08:46,558 basehttp - Broken pipe from ('127.0.0.1', 50342)
INFO 2025-09-10 15:12:32,687 basehttp "GET /accounts/login/ HTTP/1.1" 200 3149
INFO 2025-09-10 15:12:38,557 basehttp "POST /accounts/login/ HTTP/1.1" 200 3304
INFO 2025-09-10 15:12:45,135 basehttp "GET /signup/ HTTP/1.1" 200 4997
INFO 2025-09-10 15:12:48,016 basehttp "GET /accounts/login/ HTTP/1.1" 200 3149
INFO 2025-09-10 15:13:13,281 basehttp "GET /services/ HTTP/1.1" 200 13583
INFO 2025-09-10 15:13:14,673 basehttp "GET /service/53/ HTTP/1.1" 200 4943
INFO 2025-09-10 15:14:24,874 basehttp "GET /service/54/ HTTP/1.1" 200 5028
INFO 2025-09-10 19:22:03,025 autoreload Watching for file changes with StatReloader
DEBUG 2025-09-10 19:22:16,205 views Получение последних новостей для главной страницы
INFO 2025-09-10 19:22:16,205 views Начало формирования контекста для главной страницы
DEBUG 2025-09-10 19:22:16,206 views Запрос курсов валют
DEBUG 2025-09-10 19:22:16,367 views Данные о курсах валют успешно получены
INFO 2025-09-10 19:22:16,367 views Контекст для главной страницы успешно сформирован
INFO 2025-09-10 19:22:16,387 basehttp "GET / HTTP/1.1" 200 15092
WARNING 2025-09-10 19:22:16,512 log Not Found: /favicon.ico
WARNING 2025-09-10 19:22:16,512 basehttp "GET /favicon.ico HTTP/1.1" 404 10684
INFO 2025-09-10 19:22:23,021 basehttp "GET /accounts/login/ HTTP/1.1" 200 3149
INFO 2025-09-10 19:22:49,211 basehttp "POST /accounts/login/ HTTP/1.1" 302 0
INFO 2025-09-10 19:22:49,219 basehttp "GET /dashboard/ HTTP/1.1" 302 0
DEBUG 2025-09-10 19:22:49,221 views Получение последних новостей для главной страницы
INFO 2025-09-10 19:22:49,222 views Начало формирования контекста для главной страницы
DEBUG 2025-09-10 19:22:49,222 views Запрос курсов валют
DEBUG 2025-09-10 19:22:49,326 views Данные о курсах валют успешно получены
INFO 2025-09-10 19:22:49,326 views Контекст для главной страницы успешно сформирован
INFO 2025-09-10 19:22:49,334 basehttp "GET / HTTP/1.1" 200 16276
INFO 2025-09-10 19:22:49,380 basehttp "GET /media/news/1-GettyImages-73096824-67ee7409bb789_NwYwV8X.webp HTTP/1.1" 200 23108
INFO 2025-09-10 19:22:49,383 basehttp "GET /media/news/1483444335_0-0-3840-2160_1920x0_80_0_0_d78397da469ce01dd2656c4ccb408168_dfm7Pro.jpg HTTP/1.1" 200 123825
INFO 2025-09-10 19:22:49,389 basehttp "GET /media/news/Screenshot_2025-05-26_at_16.53.50.png HTTP/1.1" 200 983608
INFO 2025-09-10 19:22:55,259 basehttp "GET /set-timezone/ HTTP/1.1" 200 39137
INFO 2025-09-10 19:22:57,674 basehttp "GET /about/ HTTP/1.1" 200 5602
INFO 2025-09-10 19:22:58,714 basehttp "GET /services/ HTTP/1.1" 200 14559
INFO 2025-09-10 19:22:59,775 basehttp "GET /doctors/ HTTP/1.1" 200 4210
INFO 2025-09-10 19:23:01,238 basehttp "GET /privacy/ HTTP/1.1" 200 5417
INFO 2025-09-10 19:23:02,893 basehttp "GET /promocodes/ HTTP/1.1" 200 4745
INFO 2025-09-10 19:23:04,977 basehttp "GET /vacancies/ HTTP/1.1" 200 5211
INFO 2025-09-10 19:23:06,864 basehttp "GET /statistics/ HTTP/1.1" 200 43423
DEBUG 2025-09-10 19:23:10,268 views Получение последних новостей для главной страницы
INFO 2025-09-10 19:23:10,268 views Начало формирования контекста для главной страницы
DEBUG 2025-09-10 19:23:10,268 views Запрос курсов валют
DEBUG 2025-09-10 19:23:10,384 views Данные о курсах валют успешно получены
INFO 2025-09-10 19:23:10,384 views Контекст для главной страницы успешно сформирован
INFO 2025-09-10 19:23:10,394 basehttp "GET / HTTP/1.1" 200 16276
DEBUG 2025-09-10 19:23:17,784 views Получение последних новостей для главной страницы
INFO 2025-09-10 19:23:17,786 views Начало формирования контекста для главной страницы
DEBUG 2025-09-10 19:23:17,786 views Запрос курсов валют
DEBUG 2025-09-10 19:23:17,993 views Данные о курсах валют успешно получены
INFO 2025-09-10 19:23:17,995 views Контекст для главной страницы успешно сформирован
INFO 2025-09-10 19:23:18,008 basehttp "GET / HTTP/1.1" 200 16276
INFO 2025-09-10 19:23:46,445 basehttp "GET /services/ HTTP/1.1" 200 14559
INFO 2025-09-10 19:23:47,591 basehttp "GET /doctors/ HTTP/1.1" 200 4210
INFO 2025-09-10 19:23:51,325 basehttp "POST /logout/ HTTP/1.1" 302 0
DEBUG 2025-09-10 19:23:51,329 views Получение последних новостей для главной страницы
INFO 2025-09-10 19:23:51,329 views Начало формирования контекста для главной страницы
DEBUG 2025-09-10 19:23:51,330 views Запрос курсов валют
DEBUG 2025-09-10 19:23:51,434 views Данные о курсах валют успешно получены
INFO 2025-09-10 19:23:51,435 views Контекст для главной страницы успешно сформирован
INFO 2025-09-10 19:23:51,444 basehttp "GET / HTTP/1.1" 200 15092
INFO 2025-09-10 19:23:52,540 basehttp "GET /accounts/login/ HTTP/1.1" 200 3149
INFO 2025-09-10 19:24:02,983 basehttp "POST /accounts/login/ HTTP/1.1" 302 0
INFO 2025-09-10 19:24:02,987 basehttp "GET /dashboard/ HTTP/1.1" 302 0
DEBUG 2025-09-10 19:24:02,989 views Получение последних новостей для главной страницы
INFO 2025-09-10 19:24:02,989 views Начало формирования контекста для главной страницы
DEBUG 2025-09-10 19:24:02,989 views Запрос курсов валют
DEBUG 2025-09-10 19:24:03,090 views Данные о курсах валют успешно получены
INFO 2025-09-10 19:24:03,091 views Контекст для главной страницы успешно сформирован
INFO 2025-09-10 19:24:03,097 basehttp "GET / HTTP/1.1" 200 16276
INFO 2025-09-10 19:24:06,920 basehttp "GET /set-timezone/ HTTP/1.1" 200 39137
DEBUG 2025-09-10 19:24:08,953 views Получение последних новостей для главной страницы
INFO 2025-09-10 19:24:08,953 views Начало формирования контекста для главной страницы
DEBUG 2025-09-10 19:24:08,954 views Запрос курсов валют
DEBUG 2025-09-10 19:24:09,065 views Данные о курсах валют успешно получены
INFO 2025-09-10 19:24:09,066 views Контекст для главной страницы успешно сформирован
INFO 2025-09-10 19:24:09,071 basehttp "GET / HTTP/1.1" 200 16276
INFO 2025-09-10 19:24:10,286 basehttp "GET /set-timezone/ HTTP/1.1" 200 39137
DEBUG 2025-09-10 19:24:11,080 views Получение последних новостей для главной страницы
INFO 2025-09-10 19:24:11,081 views Начало формирования контекста для главной страницы
DEBUG 2025-09-10 19:24:11,081 views Запрос курсов валют
DEBUG 2025-09-10 19:24:11,262 views Данные о курсах валют успешно получены
INFO 2025-09-10 19:24:11,262 views Контекст для главной страницы успешно сформирован
INFO 2025-09-10 19:24:11,275 basehttp "GET / HTTP/1.1" 200 16276
INFO 2025-09-10 19:24:12,824 basehttp "GET /doctors/ HTTP/1.1" 200 4210
INFO 2025-09-10 19:24:13,909 basehttp "GET /promocodes/ HTTP/1.1" 200 4745
INFO 2025-09-10 19:24:15,093 basehttp "GET /vacancies/ HTTP/1.1" 200 5211
INFO 2025-09-10 19:24:16,576 basehttp "GET /statistics/ HTTP/1.1" 200 43423
INFO 2025-09-10 19:24:30,460 basehttp "GET /vacancies/ HTTP/1.1" 200 5211
DEBUG 2025-09-10 19:27:17,438 views Получение последних новостей для главной страницы
INFO 2025-09-10 19:27:17,440 views Начало формирования контекста для главной страницы
DEBUG 2025-09-10 19:27:17,441 views Запрос курсов валют
DEBUG 2025-09-10 19:27:17,558 views Данные о курсах валют успешно получены
INFO 2025-09-10 19:27:17,559 views Контекст для главной страницы успешно сформирован
INFO 2025-09-10 19:27:17,574 basehttp "GET / HTTP/1.1" 200 16276
INFO 2025-09-10 19:27:17,602 basehttp "GET /media/news/1-GettyImages-73096824-67ee7409bb789_NwYwV8X.webp HTTP/1.1" 200 23108
INFO 2025-09-10 19:27:17,605 basehttp "GET /media/news/1483444335_0-0-3840-2160_1920x0_80_0_0_d78397da469ce01dd2656c4ccb408168_dfm7Pro.jpg HTTP/1.1" 200 123825
INFO 2025-09-10 19:27:17,613 basehttp "GET /media/news/Screenshot_2025-05-26_at_16.53.50.png HTTP/1.1" 200 983608
INFO 2025-09-10 19:28:48,560 basehttp "GET /services/ HTTP/1.1" 200 14559
INFO 2025-09-10 19:28:52,790 basehttp "GET /services/?page=2 HTTP/1.1" 200 7618
INFO 2025-09-10 19:28:54,139 basehttp "GET /services/?page=1 HTTP/1.1" 200 14559
INFO 2025-09-10 19:28:58,812 basehttp "GET /statistics/ HTTP/1.1" 200 43423
INFO 2025-09-10 19:28:59,630 basehttp "GET /vacancies/ HTTP/1.1" 200 5211
INFO 2025-09-10 19:29:00,802 basehttp "GET /promocodes/ HTTP/1.1" 200 4745
INFO 2025-09-10 19:29:01,731 basehttp "GET /vacancies/ HTTP/1.1" 200 5211
INFO 2025-09-10 19:30:58,614 basehttp "GET /admin HTTP/1.1" 301 0
INFO 2025-09-10 19:30:58,635 basehttp "GET /admin/ HTTP/1.1" 302 0
INFO 2025-09-10 19:30:58,648 basehttp "GET /admin/login/?next=/admin/ HTTP/1.1" 200 4173
INFO 2025-09-10 19:30:58,664 basehttp "GET /static/admin/css/base.css HTTP/1.1" 200 22120
INFO 2025-09-10 19:30:58,667 basehttp "GET /static/admin/css/nav_sidebar.css HTTP/1.1" 200 2810
INFO 2025-09-10 19:30:58,667 basehttp "GET /static/admin/css/dark_mode.css HTTP/1.1" 200 2808
INFO 2025-09-10 19:30:58,668 basehttp "GET /static/admin/js/theme.js HTTP/1.1" 200 1653
INFO 2025-09-10 19:30:58,668 basehttp "GET /static/admin/css/login.css HTTP/1.1" 200 951
INFO 2025-09-10 19:30:58,669 basehttp "GET /static/admin/css/responsive.css HTTP/1.1" 200 16565
INFO 2025-09-10 19:30:58,670 basehttp "GET /static/admin/js/nav_sidebar.js HTTP/1.1" 200 3063
WARNING 2025-09-10 19:30:58,796 log Not Found: /favicon.ico
WARNING 2025-09-10 19:30:58,796 basehttp "GET /favicon.ico HTTP/1.1" 404 10684
INFO 2025-09-10 19:31:45,392 basehttp "POST /admin/login/?next=/admin/ HTTP/1.1" 302 0
INFO 2025-09-10 19:31:45,409 basehttp "GET /admin/ HTTP/1.1" 200 18959
INFO 2025-09-10 19:31:45,419 basehttp "GET /static/admin/css/dashboard.css HTTP/1.1" 200 441
INFO 2025-09-10 19:31:45,424 basehttp "GET /static/admin/img/icon-changelink.svg HTTP/1.1" 200 380
INFO 2025-09-10 19:31:45,425 basehttp "GET /static/admin/img/icon-addlink.svg HTTP/1.1" 200 331
INFO 2025-09-10 19:31:56,862 basehttp "GET /admin/auth/group/ HTTP/1.1" 200 15688
INFO 2025-09-10 19:31:56,884 basehttp "GET /static/admin/js/jquery.init.js HTTP/1.1" 200 347
INFO 2025-09-10 19:31:56,884 basehttp "GET /static/admin/css/changelists.css HTTP/1.1" 200 6878
INFO 2025-09-10 19:31:56,885 basehttp "GET /static/admin/js/core.js HTTP/1.1" 200 6208
INFO 2025-09-10 19:31:56,889 basehttp "GET /static/admin/js/admin/RelatedObjectLookups.js HTTP/1.1" 200 9777
INFO 2025-09-10 19:31:56,890 basehttp "GET /static/admin/js/actions.js HTTP/1.1" 200 8076
INFO 2025-09-10 19:31:56,892 basehttp "GET /static/admin/js/prepopulate.js HTTP/1.1" 200 1531
INFO 2025-09-10 19:31:56,895 basehttp "GET /static/admin/js/urlify.js HTTP/1.1" 200 7887
INFO 2025-09-10 19:31:56,898 basehttp "GET /static/admin/img/search.svg HTTP/1.1" 200 458
INFO 2025-09-10 19:31:56,899 basehttp "GET /admin/jsi18n/ HTTP/1.1" 200 3342
INFO 2025-09-10 19:31:56,904 basehttp "GET /static/admin/js/vendor/jquery/jquery.js HTTP/1.1" 200 285314
INFO 2025-09-10 19:31:56,906 basehttp "GET /static/admin/js/vendor/xregexp/xregexp.js HTTP/1.1" 200 325171
INFO 2025-09-10 19:31:56,908 basehttp "GET /static/admin/js/filters.js HTTP/1.1" 200 978
INFO 2025-09-10 19:31:56,923 basehttp "GET /static/admin/img/tooltag-add.svg HTTP/1.1" 200 331
INFO 2025-09-10 19:31:59,345 basehttp "GET /admin/auth/user/ HTTP/1.1" 200 22014
INFO 2025-09-10 19:31:59,357 basehttp "GET /static/admin/img/icon-no.svg HTTP/1.1" 200 560
INFO 2025-09-10 19:31:59,358 basehttp "GET /static/admin/img/icon-yes.svg HTTP/1.1" 200 436
INFO 2025-09-10 19:31:59,360 basehttp "GET /admin/jsi18n/ HTTP/1.1" 200 3342
INFO 2025-09-10 19:31:59,372 basehttp "GET /static/admin/img/icon-viewlink.svg HTTP/1.1" 200 581
INFO 2025-09-10 19:31:59,373 basehttp "GET /static/admin/img/sorting-icons.svg HTTP/1.1" 200 1097
INFO 2025-09-10 19:32:06,558 basehttp "GET /admin/core/appointment/ HTTP/1.1" 200 18877
INFO 2025-09-10 19:32:06,570 basehttp "GET /admin/jsi18n/ HTTP/1.1" 200 3342
INFO 2025-09-10 19:32:15,169 basehttp "GET /admin/core/cabinet/ HTTP/1.1" 200 16849
INFO 2025-09-10 19:32:15,184 basehttp "GET /admin/jsi18n/ HTTP/1.1" 200 3342
INFO 2025-09-10 19:32:16,836 basehttp "GET /admin/core/client/ HTTP/1.1" 200 16934
INFO 2025-09-10 19:32:16,851 basehttp "GET /admin/jsi18n/ HTTP/1.1" 200 3342
INFO 2025-09-10 19:32:18,268 basehttp "GET /admin/core/doctor/ HTTP/1.1" 200 17844
INFO 2025-09-10 19:32:18,284 basehttp "GET /admin/jsi18n/ HTTP/1.1" 200 3342
INFO 2025-09-10 19:32:19,778 basehttp "GET /admin/core/employee/ HTTP/1.1" 200 15128
INFO 2025-09-10 19:32:19,792 basehttp "GET /admin/jsi18n/ HTTP/1.1" 200 3342
INFO 2025-09-10 19:32:22,084 basehttp "GET /admin/core/news/ HTTP/1.1" 200 16242
INFO 2025-09-10 19:32:22,099 basehttp "GET /admin/jsi18n/ HTTP/1.1" 200 3342
INFO 2025-09-10 19:32:24,455 basehttp "GET /admin/core/service/ HTTP/1.1" 200 18978
INFO 2025-09-10 19:32:24,469 basehttp "GET /admin/jsi18n/ HTTP/1.1" 200 3342
INFO 2025-09-10 19:32:25,718 basehttp "GET /admin/core/specialization/ HTTP/1.1" 200 17368
INFO 2025-09-10 19:32:25,734 basehttp "GET /admin/jsi18n/ HTTP/1.1" 200 3342
INFO 2025-09-10 19:32:27,157 basehttp "GET /admin/core/userprofile/ HTTP/1.1" 200 15648
INFO 2025-09-10 19:32:27,170 basehttp "GET /admin/jsi18n/ HTTP/1.1" 200 3342
INFO 2025-09-10 19:32:28,366 basehttp "GET /admin/core/vacancy/ HTTP/1.1" 200 15839
INFO 2025-09-10 19:32:28,381 basehttp "GET /admin/jsi18n/ HTTP/1.1" 200 3342
INFO 2025-09-10 19:32:30,450 basehttp "GET /admin/core/glossaryterm/ HTTP/1.1" 200 17813
INFO 2025-09-10 19:32:30,466 basehttp "GET /admin/jsi18n/ HTTP/1.1" 200 3342
INFO 2025-09-10 19:32:37,222 basehttp "GET /admin/core/review/ HTTP/1.1" 200 17802
INFO 2025-09-10 19:32:37,239 basehttp "GET /admin/jsi18n/ HTTP/1.1" 200 3342
INFO 2025-09-10 19:32:39,151 basehttp "GET /admin/core/promocode/ HTTP/1.1" 200 17496
INFO 2025-09-10 19:32:39,162 basehttp "GET /admin/jsi18n/ HTTP/1.1" 200 3342
DEBUG 2025-09-10 20:20:01,984 views Получение последних новостей для главной страницы
INFO 2025-09-10 20:20:01,985 views Начало формирования контекста для главной страницы
DEBUG 2025-09-10 20:20:01,986 views Запрос курсов валют
DEBUG 2025-09-10 20:20:02,194 views Данные о курсах валют успешно получены
INFO 2025-09-10 20:20:02,196 views Контекст для главной страницы успешно сформирован
INFO 2025-09-10 20:20:02,215 basehttp "GET / HTTP/1.1" 200 16276
INFO 2025-09-10 20:20:05,257 basehttp "GET /news/7/ HTTP/1.1" 200 7032
DEBUG 2025-09-10 20:21:08,727 views Получение последних новостей для главной страницы
INFO 2025-09-10 20:21:08,729 views Начало формирования контекста для главной страницы
DEBUG 2025-09-10 20:21:08,730 views Запрос курсов валют
DEBUG 2025-09-10 20:21:08,922 views Данные о курсах валют успешно получены
INFO 2025-09-10 20:21:08,923 views Контекст для главной страницы успешно сформирован
INFO 2025-09-10 20:21:08,939 basehttp "GET / HTTP/1.1" 200 16276
INFO 2025-09-10 20:21:34,109 basehttp "GET /promocodes/ HTTP/1.1" 200 4745
INFO 2025-09-10 20:22:08,407 basehttp "GET /admin/core/promocode/1/change/ HTTP/1.1" 200 16875
INFO 2025-09-10 20:22:08,437 basehttp "GET /static/admin/css/forms.css HTTP/1.1" 200 8525
INFO 2025-09-10 20:22:08,438 basehttp "GET /static/admin/js/calendar.js HTTP/1.1" 200 9141
INFO 2025-09-10 20:22:08,440 basehttp "GET /static/admin/js/prepopulate_init.js HTTP/1.1" 200 586
INFO 2025-09-10 20:22:08,442 basehttp "GET /static/admin/js/admin/DateTimeShortcuts.js HTTP/1.1" 200 19319
INFO 2025-09-10 20:22:08,444 basehttp "GET /static/admin/css/widgets.css HTTP/1.1" 200 11991
INFO 2025-09-10 20:22:08,444 basehttp "GET /admin/jsi18n/ HTTP/1.1" 200 3342
INFO 2025-09-10 20:22:08,447 basehttp "GET /static/admin/js/change_form.js HTTP/1.1" 200 606
INFO 2025-09-10 20:22:08,531 basehttp "GET /static/admin/img/icon-calendar.svg HTTP/1.1" 200 1086
INFO 2025-09-10 20:22:16,175 basehttp "POST /admin/core/promocode/1/change/ HTTP/1.1" 302 0
INFO 2025-09-10 20:22:16,190 basehttp "GET /admin/core/promocode/ HTTP/1.1" 200 17715
INFO 2025-09-10 20:22:16,205 basehttp "GET /admin/jsi18n/ HTTP/1.1" 200 3342
INFO 2025-09-10 20:22:33,064 basehttp "GET /admin/core/promocode/1/change/ HTTP/1.1" 200 16875
INFO 2025-09-10 20:22:33,080 basehttp "GET /admin/jsi18n/ HTTP/1.1" 200 3342
INFO 2025-09-10 20:22:42,977 basehttp "POST /admin/core/promocode/1/change/ HTTP/1.1" 302 0
INFO 2025-09-10 20:22:42,991 basehttp "GET /admin/core/promocode/ HTTP/1.1" 200 17715
INFO 2025-09-10 20:22:43,006 basehttp "GET /admin/jsi18n/ HTTP/1.1" 200 3342
INFO 2025-09-11 07:10:58,444 autoreload Watching for file changes with StatReloader
DEBUG 2025-09-11 07:11:09,489 views Получение последних новостей для главной страницы
INFO 2025-09-11 07:11:09,489 views Начало формирования контекста для главной страницы
DEBUG 2025-09-11 07:11:09,490 views Запрос курсов валют
DEBUG 2025-09-11 07:11:09,638 views Данные о курсах валют успешно получены
INFO 2025-09-11 07:11:09,639 views Контекст для главной страницы успешно сформирован
INFO 2025-09-11 07:11:09,660 basehttp "GET / HTTP/1.1" 200 16276
WARNING 2025-09-11 07:11:09,790 log Not Found: /favicon.ico
WARNING 2025-09-11 07:11:09,790 basehttp "GET /favicon.ico HTTP/1.1" 404 10684
INFO 2025-09-11 07:11:11,211 basehttp "GET /services/ HTTP/1.1" 200 14559
INFO 2025-09-11 07:11:16,939 basehttp "GET /service/53/ HTTP/1.1" 200 5919
ERROR 2025-09-11 07:11:38,694 log Internal Server Error: /service/53/book/
Traceback (most recent call last):
  File "/Users/artem/Desktop/LR5/СosmetologyCenter/venv/lib/python3.13/site-packages/django/core/handlers/exception.py", line 55, in inner
    response = get_response(request)
  File "/Users/artem/Desktop/LR5/СosmetologyCenter/venv/lib/python3.13/site-packages/django/core/handlers/base.py", line 197, in _get_response
    response = wrapped_callback(request, *callback_args, **callback_kwargs)
  File "/Users/artem/Desktop/LR5/СosmetologyCenter/venv/lib/python3.13/site-packages/django/views/generic/base.py", line 104, in view
    return self.dispatch(request, *args, **kwargs)
           ~~~~~~~~~~~~~^^^^^^^^^^^^^^^^^^^^^^^^^^
  File "/Users/artem/Desktop/LR5/СosmetologyCenter/venv/lib/python3.13/site-packages/django/contrib/auth/mixins.py", line 73, in dispatch
    return super().dispatch(request, *args, **kwargs)
           ~~~~~~~~~~~~~~~~^^^^^^^^^^^^^^^^^^^^^^^^^^
  File "/Users/artem/Desktop/LR5/СosmetologyCenter/venv/lib/python3.13/site-packages/django/views/generic/base.py", line 143, in dispatch
    return handler(request, *args, **kwargs)
  File "/Users/artem/Desktop/LR5/СosmetologyCenter/venv/lib/python3.13/site-packages/django/views/generic/edit.py", line 182, in post
    return super().post(request, *args, **kwargs)
           ~~~~~~~~~~~~^^^^^^^^^^^^^^^^^^^^^^^^^^
  File "/Users/artem/Desktop/LR5/СosmetologyCenter/venv/lib/python3.13/site-packages/django/views/generic/edit.py", line 151, in post
    return self.form_valid(form)
           ~~~~~~~~~~~~~~~^^^^^^
  File "/Users/artem/Desktop/LR5/СosmetologyCenter/core/views.py", line 312, in form_valid
    form.instance.client = self.request.user.client
                           ^^^^^^^^^^^^^^^^^^^^^^^^
  File "/Users/artem/Desktop/LR5/СosmetologyCenter/venv/lib/python3.13/site-packages/django/utils/functional.py", line 253, in inner
    return func(_wrapped, *args)
  File "/Users/artem/Desktop/LR5/СosmetologyCenter/venv/lib/python3.13/site-packages/django/db/models/fields/related_descriptors.py", line 531, in __get__
    raise self.RelatedObjectDoesNotExist(
    ...<2 lines>...
    )
django.contrib.auth.models.User.client.RelatedObjectDoesNotExist: User has no client.
ERROR 2025-09-11 07:11:38,697 basehttp "POST /service/53/book/ HTTP/1.1" 500 98712
INFO 2025-09-11 07:13:42,685 basehttp "GET /admin/ HTTP/1.1" 200 18765
INFO 2025-09-11 07:13:42,712 basehttp "GET /static/admin/css/nav_sidebar.css HTTP/1.1" 200 2810
INFO 2025-09-11 07:13:42,712 basehttp "GET /static/admin/css/dashboard.css HTTP/1.1" 200 441
INFO 2025-09-11 07:13:42,714 basehttp "GET /static/admin/css/dark_mode.css HTTP/1.1" 200 2808
INFO 2025-09-11 07:13:42,714 basehttp "GET /static/admin/css/base.css HTTP/1.1" 200 22120
INFO 2025-09-11 07:13:42,714 basehttp "GET /static/admin/js/theme.js HTTP/1.1" 200 1653
INFO 2025-09-11 07:13:42,715 basehttp "GET /static/admin/css/responsive.css HTTP/1.1" 200 16565
INFO 2025-09-11 07:13:42,717 basehttp "GET /static/admin/js/nav_sidebar.js HTTP/1.1" 200 3063
INFO 2025-09-11 07:13:42,729 basehttp "GET /static/admin/img/icon-changelink.svg HTTP/1.1" 200 380
INFO 2025-09-11 07:13:42,730 basehttp "GET /static/admin/img/icon-addlink.svg HTTP/1.1" 200 331
INFO 2025-09-11 07:13:46,928 basehttp "GET /admin/core/client/ HTTP/1.1" 200 16934
INFO 2025-09-11 07:13:46,944 basehttp "GET /static/admin/css/changelists.css HTTP/1.1" 200 6878
INFO 2025-09-11 07:13:46,945 basehttp "GET /static/admin/js/jquery.init.js HTTP/1.1" 200 347
INFO 2025-09-11 07:13:46,946 basehttp "GET /static/admin/js/core.js HTTP/1.1" 200 6208
INFO 2025-09-11 07:13:46,947 basehttp "GET /static/admin/js/admin/RelatedObjectLookups.js HTTP/1.1" 200 9777
INFO 2025-09-11 07:13:46,950 basehttp "GET /static/admin/js/prepopulate.js HTTP/1.1" 200 1531
INFO 2025-09-11 07:13:46,950 basehttp "GET /static/admin/js/actions.js HTTP/1.1" 200 8076
INFO 2025-09-11 07:13:46,952 basehttp "GET /static/admin/js/urlify.js HTTP/1.1" 200 7887
INFO 2025-09-11 07:13:46,956 basehttp "GET /static/admin/img/search.svg HTTP/1.1" 200 458
INFO 2025-09-11 07:13:46,958 basehttp "GET /admin/jsi18n/ HTTP/1.1" 200 3342
INFO 2025-09-11 07:13:46,961 basehttp "GET /static/admin/js/vendor/jquery/jquery.js HTTP/1.1" 200 285314
INFO 2025-09-11 07:13:46,961 basehttp "GET /static/admin/js/vendor/xregexp/xregexp.js HTTP/1.1" 200 325171
INFO 2025-09-11 07:13:46,964 basehttp "GET /static/admin/js/filters.js HTTP/1.1" 200 978
INFO 2025-09-11 07:13:46,976 basehttp "GET /static/admin/img/tooltag-add.svg HTTP/1.1" 200 331
INFO 2025-09-11 07:14:27,927 basehttp "GET /admin/ HTTP/1.1" 200 18765
INFO 2025-09-11 07:14:32,260 basehttp "GET /admin/auth/user/ HTTP/1.1" 200 22014
INFO 2025-09-11 07:14:32,278 basehttp "GET /static/admin/img/icon-no.svg HTTP/1.1" 200 560
INFO 2025-09-11 07:14:32,278 basehttp "GET /static/admin/img/icon-yes.svg HTTP/1.1" 200 436
INFO 2025-09-11 07:14:32,280 basehttp "GET /admin/jsi18n/ HTTP/1.1" 200 3342
INFO 2025-09-11 07:14:32,303 basehttp "GET /static/admin/img/sorting-icons.svg HTTP/1.1" 200 1097
INFO 2025-09-11 07:14:32,303 basehttp "GET /static/admin/img/icon-viewlink.svg HTTP/1.1" 200 581
INFO 2025-09-11 07:14:40,133 basehttp "GET /admin/ HTTP/1.1" 200 18765
INFO 2025-09-11 07:14:50,361 basehttp "GET /admin/core/client/add/ HTTP/1.1" 200 18030
INFO 2025-09-11 07:14:50,371 basehttp "GET /static/admin/js/prepopulate_init.js HTTP/1.1" 200 586
INFO 2025-09-11 07:14:50,371 basehttp "GET /static/admin/js/calendar.js HTTP/1.1" 200 9141
INFO 2025-09-11 07:14:50,372 basehttp "GET /static/admin/css/forms.css HTTP/1.1" 200 8525
INFO 2025-09-11 07:14:50,374 basehttp "GET /static/admin/js/admin/DateTimeShortcuts.js HTTP/1.1" 200 19319
INFO 2025-09-11 07:14:50,375 basehttp "GET /admin/jsi18n/ HTTP/1.1" 200 3342
INFO 2025-09-11 07:14:50,377 basehttp "GET /static/admin/css/widgets.css HTTP/1.1" 200 11991
INFO 2025-09-11 07:14:50,377 basehttp "GET /static/admin/js/change_form.js HTTP/1.1" 200 606
INFO 2025-09-11 07:14:50,402 basehttp "GET /static/admin/img/icon-calendar.svg HTTP/1.1" 200 1086
INFO 2025-09-11 07:14:57,856 basehttp "GET /admin/ HTTP/1.1" 200 18765
INFO 2025-09-11 07:15:01,459 basehttp "GET /admin/auth/user/ HTTP/1.1" 200 22014
INFO 2025-09-11 07:15:01,469 basehttp "GET /admin/jsi18n/ HTTP/1.1" 200 3342
INFO 2025-09-11 07:15:02,415 basehttp "GET /admin/ HTTP/1.1" 200 18765
INFO 2025-09-11 07:15:03,910 basehttp "GET /admin/auth/user/add/ HTTP/1.1" 200 18419
INFO 2025-09-11 07:15:03,921 basehttp "GET /static/admin/css/unusable_password_field.css HTTP/1.1" 304 0
INFO 2025-09-11 07:15:03,923 basehttp "GET /static/admin/js/unusable_password_field.js HTTP/1.1" 304 0
INFO 2025-09-11 07:15:03,924 basehttp "GET /admin/jsi18n/ HTTP/1.1" 200 3342
INFO 2025-09-11 07:15:55,195 basehttp "POST /admin/auth/user/add/ HTTP/1.1" 200 18696
INFO 2025-09-11 07:15:55,210 basehttp "GET /admin/jsi18n/ HTTP/1.1" 200 3342
INFO 2025-09-11 07:16:48,805 basehttp "POST /admin/auth/user/add/ HTTP/1.1" 302 0
INFO 2025-09-11 07:16:48,829 basehttp "GET /admin/auth/user/38/change/ HTTP/1.1" 200 32672
INFO 2025-09-11 07:16:48,840 basehttp "GET /static/admin/js/SelectBox.js HTTP/1.1" 200 4530
INFO 2025-09-11 07:16:48,842 basehttp "GET /static/admin/js/SelectFilter2.js HTTP/1.1" 200 15709
INFO 2025-09-11 07:16:48,843 basehttp "GET /admin/jsi18n/ HTTP/1.1" 200 3342
INFO 2025-09-11 07:16:48,889 basehttp "GET /static/admin/img/selector-icons.svg HTTP/1.1" 200 3291
INFO 2025-09-11 07:16:48,890 basehttp "GET /static/admin/img/icon-clock.svg HTTP/1.1" 200 677
INFO 2025-09-11 07:17:18,118 basehttp "GET /admin/ HTTP/1.1" 200 18668
INFO 2025-09-11 07:17:21,422 basehttp "GET /admin/auth/user/38/change/ HTTP/1.1" 200 32449
INFO 2025-09-11 07:17:24,410 basehttp "GET /admin/auth/user/ HTTP/1.1" 200 22426
INFO 2025-09-11 07:17:24,428 basehttp "GET /admin/jsi18n/ HTTP/1.1" 200 3342
INFO 2025-09-11 07:17:26,984 basehttp "GET /admin/auth/user/38/change/ HTTP/1.1" 200 32449
INFO 2025-09-11 07:17:27,000 basehttp "GET /admin/jsi18n/ HTTP/1.1" 200 3342
INFO 2025-09-11 07:17:30,063 basehttp "GET /admin/auth/user/ HTTP/1.1" 200 22426
INFO 2025-09-11 07:17:32,287 basehttp "GET /admin/auth/user/38/change/ HTTP/1.1" 200 32449
INFO 2025-09-11 07:17:33,882 basehttp "GET /admin/auth/user/ HTTP/1.1" 200 22426
INFO 2025-09-11 07:17:37,450 basehttp "GET /admin/ HTTP/1.1" 200 18668
INFO 2025-09-11 07:17:41,502 basehttp "GET /admin/core/client/ HTTP/1.1" 200 16934
INFO 2025-09-11 07:17:41,521 basehttp "GET /admin/jsi18n/ HTTP/1.1" 200 3342
INFO 2025-09-11 07:17:45,402 basehttp "GET /admin/core/client/add/ HTTP/1.1" 200 18069
INFO 2025-09-11 07:17:45,420 basehttp "GET /admin/jsi18n/ HTTP/1.1" 200 3342
INFO 2025-09-11 07:18:05,344 basehttp "POST /logout/ HTTP/1.1" 302 0
DEBUG 2025-09-11 07:18:05,348 views Получение последних новостей для главной страницы
INFO 2025-09-11 07:18:05,348 views Начало формирования контекста для главной страницы
DEBUG 2025-09-11 07:18:05,348 views Запрос курсов валют
DEBUG 2025-09-11 07:18:05,539 views Данные о курсах валют успешно получены
INFO 2025-09-11 07:18:05,539 views Контекст для главной страницы успешно сформирован
INFO 2025-09-11 07:18:05,553 basehttp "GET / HTTP/1.1" 200 15092
INFO 2025-09-11 07:18:05,585 basehttp "GET /media/news/1-GettyImages-73096824-67ee7409bb789_NwYwV8X.webp HTTP/1.1" 200 23108
INFO 2025-09-11 07:18:05,588 basehttp "GET /media/news/1483444335_0-0-3840-2160_1920x0_80_0_0_d78397da469ce01dd2656c4ccb408168_dfm7Pro.jpg HTTP/1.1" 200 123825
INFO 2025-09-11 07:18:05,593 basehttp "GET /media/news/Screenshot_2025-05-26_at_16.53.50.png HTTP/1.1" 200 983608
INFO 2025-09-11 07:18:07,047 basehttp "GET /accounts/login/ HTTP/1.1" 200 3149
INFO 2025-09-11 07:18:22,213 basehttp "GET /admin/core/client/ HTTP/1.1" 302 0
INFO 2025-09-11 07:18:22,222 basehttp "GET /admin/login/?next=/admin/core/client/ HTTP/1.1" 200 4197
INFO 2025-09-11 07:18:23,607 basehttp "GET /admin/core/client/add/ HTTP/1.1" 302 0
INFO 2025-09-11 07:18:23,615 basehttp "GET /admin/login/?next=/admin/core/client/add/ HTTP/1.1" 200 4205
INFO 2025-09-11 07:18:41,688 basehttp "POST /admin/login/?next=/admin/core/client/add/ HTTP/1.1" 302 0
INFO 2025-09-11 07:18:41,703 basehttp "GET /admin/core/client/add/ HTTP/1.1" 200 18069
INFO 2025-09-11 07:18:41,717 basehttp "GET /admin/jsi18n/ HTTP/1.1" 200 3342
INFO 2025-09-11 07:18:44,266 basehttp "GET /admin/ HTTP/1.1" 200 18668
INFO 2025-09-11 07:18:46,918 basehttp "GET /signup/ HTTP/1.1" 200 5973
INFO 2025-09-11 07:20:29,363 basehttp "POST /signup/ HTTP/1.1" 200 6310
INFO 2025-09-11 07:21:00,472 basehttp "POST /signup/ HTTP/1.1" 200 6312
INFO 2025-09-11 07:21:41,595 basehttp "POST /signup/ HTTP/1.1" 302 0
INFO 2025-09-11 07:21:41,601 basehttp "GET /dashboard/ HTTP/1.1" 302 0
DEBUG 2025-09-11 07:21:41,603 views Получение последних новостей для главной страницы
INFO 2025-09-11 07:21:41,604 views Начало формирования контекста для главной страницы
DEBUG 2025-09-11 07:21:41,604 views Запрос курсов валют
DEBUG 2025-09-11 07:21:41,767 views Данные о курсах валют успешно получены
INFO 2025-09-11 07:21:41,767 views Контекст для главной страницы успешно сформирован
INFO 2025-09-11 07:21:41,776 basehttp "GET / HTTP/1.1" 200 15092
INFO 2025-09-11 07:21:41,808 basehttp "GET /media/news/1-GettyImages-73096824-67ee7409bb789_NwYwV8X.webp HTTP/1.1" 200 23108
INFO 2025-09-11 07:21:41,810 basehttp "GET /media/news/1483444335_0-0-3840-2160_1920x0_80_0_0_d78397da469ce01dd2656c4ccb408168_dfm7Pro.jpg HTTP/1.1" 200 123825
INFO 2025-09-11 07:21:41,817 basehttp "GET /media/news/Screenshot_2025-05-26_at_16.53.50.png HTTP/1.1" 200 983608
INFO 2025-09-11 07:21:45,884 basehttp "GET /accounts/login/ HTTP/1.1" 200 3149
INFO 2025-09-11 07:21:54,618 basehttp "POST /accounts/login/ HTTP/1.1" 302 0
INFO 2025-09-11 07:21:54,623 basehttp "GET /dashboard/ HTTP/1.1" 302 0
INFO 2025-09-11 07:21:54,631 basehttp "GET /dashboard/client/ HTTP/1.1" 200 5402
INFO 2025-09-11 07:21:57,619 basehttp "GET /dashboard/client/ HTTP/1.1" 200 5402
INFO 2025-09-11 07:22:12,435 basehttp "GET /admin/auth/user/ HTTP/1.1" 302 0
INFO 2025-09-11 07:22:12,448 basehttp "GET /admin/login/?next=/admin/auth/user/ HTTP/1.1" 200 3709
INFO 2025-09-11 07:22:12,467 basehttp "GET /static/admin/css/login.css HTTP/1.1" 200 951
INFO 2025-09-11 07:22:28,311 basehttp "POST /admin/login/?next=/admin/auth/user/ HTTP/1.1" 302 0
INFO 2025-09-11 07:22:28,328 basehttp "GET /admin/auth/user/ HTTP/1.1" 200 22844
INFO 2025-09-11 07:22:28,343 basehttp "GET /admin/jsi18n/ HTTP/1.1" 200 3342
INFO 2025-09-11 07:22:36,532 basehttp "GET /admin/ HTTP/1.1" 200 18668
INFO 2025-09-11 07:22:38,479 basehttp "GET /admin/core/client/ HTTP/1.1" 200 17313
INFO 2025-09-11 07:22:38,495 basehttp "GET /admin/jsi18n/ HTTP/1.1" 200 3342
ERROR 2025-09-11 07:22:44,072 log Internal Server Error: /dashboard/client/
Traceback (most recent call last):
  File "/Users/artem/Desktop/LR5/СosmetologyCenter/venv/lib/python3.13/site-packages/django/core/handlers/exception.py", line 55, in inner
    response = get_response(request)
  File "/Users/artem/Desktop/LR5/СosmetologyCenter/venv/lib/python3.13/site-packages/django/core/handlers/base.py", line 197, in _get_response
    response = wrapped_callback(request, *callback_args, **callback_kwargs)
  File "/Users/artem/Desktop/LR5/СosmetologyCenter/venv/lib/python3.13/site-packages/django/views/generic/base.py", line 104, in view
    return self.dispatch(request, *args, **kwargs)
           ~~~~~~~~~~~~~^^^^^^^^^^^^^^^^^^^^^^^^^^
  File "/Users/artem/Desktop/LR5/СosmetologyCenter/venv/lib/python3.13/site-packages/django/contrib/auth/mixins.py", line 73, in dispatch
    return super().dispatch(request, *args, **kwargs)
           ~~~~~~~~~~~~~~~~^^^^^^^^^^^^^^^^^^^^^^^^^^
  File "/Users/artem/Desktop/LR5/СosmetologyCenter/venv/lib/python3.13/site-packages/django/views/generic/base.py", line 143, in dispatch
    return handler(request, *args, **kwargs)
  File "/Users/artem/Desktop/LR5/СosmetologyCenter/venv/lib/python3.13/site-packages/django/views/generic/base.py", line 226, in get
    context = self.get_context_data(**kwargs)
  File "/Users/artem/Desktop/LR5/СosmetologyCenter/core/views.py", line 242, in get_context_data
    client=self.request.user.client
           ^^^^^^^^^^^^^^^^^^^^^^^^
  File "/Users/artem/Desktop/LR5/СosmetologyCenter/venv/lib/python3.13/site-packages/django/utils/functional.py", line 253, in inner
    return func(_wrapped, *args)
  File "/Users/artem/Desktop/LR5/СosmetologyCenter/venv/lib/python3.13/site-packages/django/db/models/fields/related_descriptors.py", line 531, in __get__
    raise self.RelatedObjectDoesNotExist(
    ...<2 lines>...
    )
django.contrib.auth.models.User.client.RelatedObjectDoesNotExist: User has no client.
ERROR 2025-09-11 07:22:44,076 basehttp "GET /dashboard/client/ HTTP/1.1" 500 92514
INFO 2025-09-11 07:22:45,268 basehttp "GET /accounts/login/ HTTP/1.1" 302 0
INFO 2025-09-11 07:22:45,276 basehttp "GET /dashboard/ HTTP/1.1" 302 0
DEBUG 2025-09-11 07:22:45,281 views Получение последних новостей для главной страницы
INFO 2025-09-11 07:22:45,281 views Начало формирования контекста для главной страницы
DEBUG 2025-09-11 07:22:45,282 views Запрос курсов валют
DEBUG 2025-09-11 07:22:45,389 views Данные о курсах валют успешно получены
INFO 2025-09-11 07:22:45,389 views Контекст для главной страницы успешно сформирован
INFO 2025-09-11 07:22:45,401 basehttp "GET / HTTP/1.1" 200 16276
INFO 2025-09-11 07:22:49,086 basehttp "POST /logout/ HTTP/1.1" 302 0
DEBUG 2025-09-11 07:22:49,089 views Получение последних новостей для главной страницы
INFO 2025-09-11 07:22:49,089 views Начало формирования контекста для главной страницы
DEBUG 2025-09-11 07:22:49,089 views Запрос курсов валют
DEBUG 2025-09-11 07:22:49,287 views Данные о курсах валют успешно получены
INFO 2025-09-11 07:22:49,288 views Контекст для главной страницы успешно сформирован
INFO 2025-09-11 07:22:49,294 basehttp "GET / HTTP/1.1" 200 15092
INFO 2025-09-11 07:22:50,350 basehttp "GET /accounts/login/ HTTP/1.1" 200 3149
INFO 2025-09-11 07:23:05,392 basehttp "POST /accounts/login/ HTTP/1.1" 302 0
INFO 2025-09-11 07:23:05,398 basehttp "GET /dashboard/ HTTP/1.1" 302 0
INFO 2025-09-11 07:23:05,404 basehttp "GET /dashboard/client/ HTTP/1.1" 200 5402
INFO 2025-09-11 07:23:07,273 basehttp "GET /dashboard/client/ HTTP/1.1" 200 5402
INFO 2025-09-11 07:23:11,034 basehttp "GET /set-timezone/ HTTP/1.1" 200 39428
INFO 2025-09-11 07:23:12,313 basehttp "GET /about/ HTTP/1.1" 200 5893
INFO 2025-09-11 07:23:16,875 basehttp "GET /services/ HTTP/1.1" 200 14850
INFO 2025-09-11 07:23:19,954 basehttp "GET /service/53/ HTTP/1.1" 200 6210
INFO 2025-09-11 07:23:37,644 basehttp "POST /service/53/book/ HTTP/1.1" 302 0
INFO 2025-09-11 07:23:37,654 basehttp "GET /dashboard/client/ HTTP/1.1" 200 7002
INFO 2025-09-11 07:23:44,705 basehttp "GET /doctors/ HTTP/1.1" 200 4501
INFO 2025-09-11 07:23:48,039 basehttp "GET /doctors/ HTTP/1.1" 200 4501
INFO 2025-09-11 07:23:52,706 basehttp "GET /privacy/ HTTP/1.1" 200 5708
INFO 2025-09-11 07:23:56,907 basehttp "GET /promocodes/ HTTP/1.1" 200 5036
INFO 2025-09-11 07:23:57,820 basehttp "GET /vacancies/ HTTP/1.1" 200 5502
INFO 2025-09-11 07:24:05,956 basehttp "GET /statistics/ HTTP/1.1" 200 44002
INFO 2025-09-11 07:38:53,706 basehttp "GET /services/ HTTP/1.1" 200 14850
INFO 2025-09-11 07:40:25,970 basehttp "GET /about/ HTTP/1.1" 200 5893
INFO 2025-09-11 07:40:29,973 basehttp "GET /doctors/ HTTP/1.1" 200 4501
INFO 2025-09-11 07:40:41,543 basehttp "GET /admin/ HTTP/1.1" 302 0
INFO 2025-09-11 07:40:41,557 basehttp "GET /admin/login/?next=/admin/ HTTP/1.1" 200 3689
INFO 2025-09-11 07:40:56,814 basehttp "POST /admin/login/?next=/admin/ HTTP/1.1" 302 0
INFO 2025-09-11 07:40:56,822 basehttp "GET /admin/ HTTP/1.1" 200 18668
INFO 2025-09-11 07:41:01,574 basehttp "GET /admin/core/doctor/ HTTP/1.1" 200 17844
INFO 2025-09-11 07:41:01,599 basehttp "GET /admin/jsi18n/ HTTP/1.1" 200 3342
INFO 2025-09-11 07:41:34,479 basehttp "GET /admin/core/doctor/add/ HTTP/1.1" 200 27789
INFO 2025-09-11 07:41:34,502 basehttp "GET /admin/jsi18n/ HTTP/1.1" 200 3342
INFO 2025-09-11 07:41:43,440 basehttp "GET /admin/ HTTP/1.1" 200 18668
INFO 2025-09-11 07:41:44,683 basehttp "GET /admin/auth/user/ HTTP/1.1" 200 22844
INFO 2025-09-11 07:41:44,701 basehttp "GET /admin/jsi18n/ HTTP/1.1" 200 3342
INFO 2025-09-11 07:41:54,909 basehttp "GET /admin/auth/user/add/ HTTP/1.1" 200 18419
INFO 2025-09-11 07:41:54,920 basehttp "GET /admin/jsi18n/ HTTP/1.1" 200 3342
INFO 2025-09-11 07:42:16,267 basehttp "POST /admin/auth/user/add/ HTTP/1.1" 302 0
INFO 2025-09-11 07:42:16,283 basehttp "GET /admin/auth/user/40/change/ HTTP/1.1" 200 32667
INFO 2025-09-11 07:42:16,295 basehttp "GET /admin/jsi18n/ HTTP/1.1" 200 3342
INFO 2025-09-11 07:42:26,272 basehttp "POST /admin/auth/user/40/change/ HTTP/1.1" 302 0
INFO 2025-09-11 07:42:26,294 basehttp "GET /admin/auth/user/ HTTP/1.1" 200 23449
INFO 2025-09-11 07:42:26,308 basehttp "GET /admin/jsi18n/ HTTP/1.1" 200 3342
INFO 2025-09-11 07:42:32,303 basehttp "GET /admin/ HTTP/1.1" 200 18522
INFO 2025-09-11 07:42:34,705 basehttp "GET /admin/core/doctor/ HTTP/1.1" 200 17844
INFO 2025-09-11 07:42:34,721 basehttp "GET /admin/jsi18n/ HTTP/1.1" 200 3342
INFO 2025-09-11 07:42:38,646 basehttp "GET /admin/core/doctor/add/ HTTP/1.1" 200 27827
INFO 2025-09-11 07:42:38,661 basehttp "GET /admin/jsi18n/ HTTP/1.1" 200 3342
INFO 2025-09-11 07:44:26,245 basehttp "GET /static/admin/img/calendar-icons.svg HTTP/1.1" 304 0
INFO 2025-09-11 07:44:38,700 basehttp "POST /admin/core/doctor/add/ HTTP/1.1" 302 0
INFO 2025-09-11 07:44:38,712 basehttp "GET /admin/core/doctor/ HTTP/1.1" 200 18480
INFO 2025-09-11 07:44:38,735 basehttp "GET /admin/jsi18n/ HTTP/1.1" 200 3342
INFO 2025-09-11 07:44:50,885 basehttp "GET /doctors/ HTTP/1.1" 200 4210
INFO 2025-09-11 07:44:51,507 basehttp "GET /doctors/ HTTP/1.1" 200 4210
INFO 2025-09-11 07:44:51,690 basehttp "GET /doctors/ HTTP/1.1" 200 4210
INFO 2025-09-11 07:44:51,872 basehttp "GET /doctors/ HTTP/1.1" 200 4210
INFO 2025-09-11 07:44:52,087 basehttp "GET /doctors/ HTTP/1.1" 200 4210
INFO 2025-09-11 07:44:52,277 basehttp "GET /doctors/ HTTP/1.1" 200 4210
INFO 2025-09-11 07:44:52,435 basehttp "GET /doctors/ HTTP/1.1" 200 4210
INFO 2025-09-11 07:49:21,783 basehttp "GET /doctors/1 HTTP/1.1" 301 0
INFO 2025-09-11 07:49:21,802 basehttp "GET /doctors/1/ HTTP/1.1" 200 7995
INFO 2025-09-11 07:49:21,844 basehttp "GET /media/doctors/Screenshot_2025-05-26_at_23.51.39.png HTTP/1.1" 200 945687
INFO 2025-09-11 07:49:29,633 basehttp "GET /doctors/ HTTP/1.1" 200 4210
INFO 2025-09-11 07:50:11,069 basehttp "GET /doctors/1/ HTTP/1.1" 200 7995
INFO 2025-09-11 07:51:54,636 autoreload /Users/artem/Desktop/LR5/СosmetologyCenter/core/views.py changed, reloading.
INFO 2025-09-11 07:51:55,138 autoreload Watching for file changes with StatReloader
INFO 2025-09-11 07:52:04,784 autoreload /Users/artem/Desktop/LR5/СosmetologyCenter/core/views.py changed, reloading.
INFO 2025-09-11 07:52:05,145 autoreload Watching for file changes with StatReloader
INFO 2025-09-11 07:52:09,667 basehttp "GET /doctors/ HTTP/1.1" 200 13758
INFO 2025-09-11 07:52:09,718 basehttp "GET /media/doctors/360_F_118225354_9E9LrO7Y8YHqpoV7jCiSnygQAD4LyJAx.jpg HTTP/1.1" 200 25942
INFO 2025-09-11 07:52:09,719 basehttp "GET /media/doctors/2d394f680c1bf633d300eee67dd58b90.jpg HTTP/1.1" 200 24328
INFO 2025-09-11 07:52:09,725 basehttp "GET /media/doctors/Screenshot_2025-05-26_at_23.51.08.png HTTP/1.1" 200 289583
INFO 2025-09-11 07:52:09,730 basehttp "GET /media/doctors/Screenshot_2025-05-26_at_23.50.23.png HTTP/1.1" 200 342535
INFO 2025-09-11 07:52:09,731 basehttp "GET /media/doctors/Screenshot_2025-05-26_at_23.50.42.png HTTP/1.1" 200 663399
INFO 2025-09-11 07:52:09,733 basehttp "GET /media/employees/Screenshot_2025-05-27_at_00.07.15.png HTTP/1.1" 200 989257
INFO 2025-09-11 07:52:33,721 basehttp "GET /doctors/6/ HTTP/1.1" 200 9856
DEBUG 2025-09-11 07:58:23,004 views Получение последних новостей для главной страницы
INFO 2025-09-11 07:58:23,005 views Начало формирования контекста для главной страницы
DEBUG 2025-09-11 07:58:23,006 views Запрос курсов валют
DEBUG 2025-09-11 07:58:23,427 views Данные о курсах валют успешно получены
INFO 2025-09-11 07:58:23,427 views Контекст для главной страницы успешно сформирован
INFO 2025-09-11 07:58:23,438 basehttp "GET / HTTP/1.1" 200 16276
INFO 2025-09-11 07:58:23,462 basehttp "GET /media/news/1-GettyImages-73096824-67ee7409bb789_NwYwV8X.webp HTTP/1.1" 200 23108
INFO 2025-09-11 07:58:23,463 basehttp "GET /media/news/1483444335_0-0-3840-2160_1920x0_80_0_0_d78397da469ce01dd2656c4ccb408168_dfm7Pro.jpg HTTP/1.1" 200 123825
INFO 2025-09-11 07:58:23,466 basehttp "GET /media/news/Screenshot_2025-05-26_at_16.53.50.png HTTP/1.1" 200 983608
DEBUG 2025-09-11 07:58:29,373 views Получение последних новостей для главной страницы
INFO 2025-09-11 07:58:29,373 views Начало формирования контекста для главной страницы
DEBUG 2025-09-11 07:58:29,373 views Запрос курсов валют
DEBUG 2025-09-11 07:58:29,484 views Данные о курсах валют успешно получены
INFO 2025-09-11 07:58:29,485 views Контекст для главной страницы успешно сформирован
INFO 2025-09-11 07:58:29,495 basehttp "GET / HTTP/1.1" 200 16276
WARNING 2025-09-11 07:58:39,986 log Not Found: /.well-known/appspecific/com.chrome.devtools.json
WARNING 2025-09-11 07:58:39,987 basehttp "GET /.well-known/appspecific/com.chrome.devtools.json HTTP/1.1" 404 10795
DEBUG 2025-09-11 08:11:17,590 views Получение последних новостей для главной страницы
INFO 2025-09-11 08:11:17,591 views Начало формирования контекста для главной страницы
DEBUG 2025-09-11 08:11:17,592 views Запрос курсов валют
DEBUG 2025-09-11 08:11:17,731 views Данные о курсах валют успешно получены
INFO 2025-09-11 08:11:17,732 views Контекст для главной страницы успешно сформирован
INFO 2025-09-11 08:11:17,746 basehttp "GET / HTTP/1.1" 200 16276
INFO 2025-09-11 08:11:19,354 basehttp "GET /about/ HTTP/1.1" 200 5602
INFO 2025-09-11 08:11:51,897 autoreload Watching for file changes with StatReloader
INFO 2025-09-11 08:11:54,338 basehttp "GET /about/ HTTP/1.1" 200 5602
DEBUG 2025-09-11 08:11:55,880 views Получение последних новостей для главной страницы
INFO 2025-09-11 08:11:55,880 views Начало формирования контекста для главной страницы
DEBUG 2025-09-11 08:11:55,881 views Запрос курсов валют
DEBUG 2025-09-11 08:11:55,999 views Данные о курсах валют успешно получены
INFO 2025-09-11 08:11:56,000 views Контекст для главной страницы успешно сформирован
INFO 2025-09-11 08:11:56,015 basehttp "GET / HTTP/1.1" 200 16276
DEBUG 2025-09-11 08:12:24,663 views Получение последних новостей для главной страницы
INFO 2025-09-11 08:12:24,664 views Начало формирования контекста для главной страницы
DEBUG 2025-09-11 08:12:24,666 views Запрос курсов валют
DEBUG 2025-09-11 08:12:24,854 views Данные о курсах валют успешно получены
INFO 2025-09-11 08:12:24,855 views Контекст для главной страницы успешно сформирован
INFO 2025-09-11 08:12:24,868 basehttp "GET / HTTP/1.1" 200 15092
INFO 2025-09-11 08:12:25,047 basehttp "GET /static/css/style.css HTTP/1.1" 200 1944
INFO 2025-09-11 08:12:25,047 basehttp "GET /media/news/1-GettyImages-73096824-67ee7409bb789_NwYwV8X.webp HTTP/1.1" 200 23108
INFO 2025-09-11 08:12:25,050 basehttp "GET /static/img/FotoJet%20(65)-1200.jpg.webp HTTP/1.1" 200 105892
INFO 2025-09-11 08:12:25,051 basehttp "GET /media/news/1483444335_0-0-3840-2160_1920x0_80_0_0_d78397da469ce01dd2656c4ccb408168_dfm7Pro.jpg HTTP/1.1" 200 123825
INFO 2025-09-11 08:12:25,053 basehttp "GET /media/news/Screenshot_2025-05-26_at_16.53.50.png HTTP/1.1" 200 983608
WARNING 2025-09-11 08:12:25,351 log Not Found: /favicon.ico
WARNING 2025-09-11 08:12:25,351 basehttp "GET /favicon.ico HTTP/1.1" 404 10684
INFO 2025-09-11 08:55:29,232 autoreload Watching for file changes with StatReloader
DEBUG 2025-09-11 08:55:32,273 views Получение последних новостей для главной страницы
INFO 2025-09-11 08:55:32,274 views Начало формирования контекста для главной страницы
DEBUG 2025-09-11 08:55:32,274 views Запрос курсов валют
DEBUG 2025-09-11 08:55:32,432 views Данные о курсах валют успешно получены
INFO 2025-09-11 08:55:32,433 views Контекст для главной страницы успешно сформирован
INFO 2025-09-11 08:55:32,467 basehttp "GET / HTTP/1.1" 200 16548
INFO 2025-09-11 08:55:32,500 basehttp "GET /static/img/logo.png HTTP/1.1" 200 161147
DEBUG 2025-09-11 08:55:49,544 views Получение последних новостей для главной страницы
INFO 2025-09-11 08:55:49,544 views Начало формирования контекста для главной страницы
DEBUG 2025-09-11 08:55:49,545 views Запрос курсов валют
DEBUG 2025-09-11 08:55:49,673 views Данные о курсах валют успешно получены
INFO 2025-09-11 08:55:49,674 views Контекст для главной страницы успешно сформирован
INFO 2025-09-11 08:55:49,691 basehttp "GET / HTTP/1.1" 200 16497
DEBUG 2025-09-11 08:55:52,663 views Получение последних новостей для главной страницы
INFO 2025-09-11 08:55:52,663 views Начало формирования контекста для главной страницы
DEBUG 2025-09-11 08:55:52,663 views Запрос курсов валют
DEBUG 2025-09-11 08:55:52,846 views Данные о курсах валют успешно получены
INFO 2025-09-11 08:55:52,846 views Контекст для главной страницы успешно сформирован
INFO 2025-09-11 08:55:52,858 basehttp "GET / HTTP/1.1" 200 16497
DEBUG 2025-09-11 08:55:53,878 views Получение последних новостей для главной страницы
INFO 2025-09-11 08:55:53,878 views Начало формирования контекста для главной страницы
DEBUG 2025-09-11 08:55:53,879 views Запрос курсов валют
DEBUG 2025-09-11 08:55:53,990 views Данные о курсах валют успешно получены
INFO 2025-09-11 08:55:53,990 views Контекст для главной страницы успешно сформирован
INFO 2025-09-11 08:55:54,000 basehttp "GET / HTTP/1.1" 200 16497
DEBUG 2025-09-11 08:56:03,329 views Получение последних новостей для главной страницы
INFO 2025-09-11 08:56:03,329 views Начало формирования контекста для главной страницы
DEBUG 2025-09-11 08:56:03,330 views Запрос курсов валют
DEBUG 2025-09-11 08:56:03,440 views Данные о курсах валют успешно получены
INFO 2025-09-11 08:56:03,441 views Контекст для главной страницы успешно сформирован
INFO 2025-09-11 08:56:03,458 basehttp "GET / HTTP/1.1" 200 16497
DEBUG 2025-09-11 08:57:20,130 views Получение последних новостей для главной страницы
INFO 2025-09-11 08:57:20,132 views Начало формирования контекста для главной страницы
DEBUG 2025-09-11 08:57:20,133 views Запрос курсов валют
DEBUG 2025-09-11 08:57:20,311 views Данные о курсах валют успешно получены
INFO 2025-09-11 08:57:20,311 views Контекст для главной страницы успешно сформирован
INFO 2025-09-11 08:57:20,332 basehttp "GET / HTTP/1.1" 200 16687
DEBUG 2025-09-11 08:57:37,600 views Получение последних новостей для главной страницы
INFO 2025-09-11 08:57:37,600 views Начало формирования контекста для главной страницы
DEBUG 2025-09-11 08:57:37,601 views Запрос курсов валют
DEBUG 2025-09-11 08:57:37,717 views Данные о курсах валют успешно получены
INFO 2025-09-11 08:57:37,718 views Контекст для главной страницы успешно сформирован
INFO 2025-09-11 08:57:37,735 basehttp "GET / HTTP/1.1" 200 16656
DEBUG 2025-09-11 08:57:38,848 views Получение последних новостей для главной страницы
INFO 2025-09-11 08:57:38,848 views Начало формирования контекста для главной страницы
DEBUG 2025-09-11 08:57:38,848 views Запрос курсов валют
DEBUG 2025-09-11 08:57:39,031 views Данные о курсах валют успешно получены
INFO 2025-09-11 08:57:39,032 views Контекст для главной страницы успешно сформирован
INFO 2025-09-11 08:57:39,044 basehttp "GET / HTTP/1.1" 200 16656
DEBUG 2025-09-11 08:57:53,301 views Получение последних новостей для главной страницы
INFO 2025-09-11 08:57:53,301 views Начало формирования контекста для главной страницы
DEBUG 2025-09-11 08:57:53,302 views Запрос курсов валют
DEBUG 2025-09-11 08:57:53,472 views Данные о курсах валют успешно получены
INFO 2025-09-11 08:57:53,473 views Контекст для главной страницы успешно сформирован
INFO 2025-09-11 08:57:53,489 basehttp "GET / HTTP/1.1" 200 16600
DEBUG 2025-09-11 08:58:39,403 views Получение последних новостей для главной страницы
INFO 2025-09-11 08:58:39,405 views Начало формирования контекста для главной страницы
DEBUG 2025-09-11 08:58:39,405 views Запрос курсов валют
DEBUG 2025-09-11 08:58:39,581 views Данные о курсах валют успешно получены
INFO 2025-09-11 08:58:39,582 views Контекст для главной страницы успешно сформирован
INFO 2025-09-11 08:58:39,594 basehttp "GET / HTTP/1.1" 200 16644
DEBUG 2025-09-11 08:58:43,318 views Получение последних новостей для главной страницы
INFO 2025-09-11 08:58:43,319 views Начало формирования контекста для главной страницы
DEBUG 2025-09-11 08:58:43,319 views Запрос курсов валют
DEBUG 2025-09-11 08:58:43,434 views Данные о курсах валют успешно получены
INFO 2025-09-11 08:58:43,435 views Контекст для главной страницы успешно сформирован
INFO 2025-09-11 08:58:43,445 basehttp "GET / HTTP/1.1" 200 16644
INFO 2025-09-11 08:58:44,993 basehttp "GET /set-timezone/ HTTP/1.1" 200 39505
INFO 2025-09-11 08:58:46,132 basehttp "GET /services/ HTTP/1.1" 200 14927
DEBUG 2025-09-11 08:58:47,220 views Получение последних новостей для главной страницы
INFO 2025-09-11 08:58:47,220 views Начало формирования контекста для главной страницы
DEBUG 2025-09-11 08:58:47,221 views Запрос курсов валют
DEBUG 2025-09-11 08:58:47,334 views Данные о курсах валют успешно получены
INFO 2025-09-11 08:58:47,335 views Контекст для главной страницы успешно сформирован
INFO 2025-09-11 08:58:47,347 basehttp "GET / HTTP/1.1" 200 16644
INFO 2025-09-11 08:58:49,761 basehttp "GET /about/ HTTP/1.1" 200 5970
INFO 2025-09-11 08:59:13,532 basehttp "GET /about/ HTTP/1.1" 200 5984
DEBUG 2025-09-11 08:59:15,437 views Получение последних новостей для главной страницы
INFO 2025-09-11 08:59:15,437 views Начало формирования контекста для главной страницы
DEBUG 2025-09-11 08:59:15,438 views Запрос курсов валют
DEBUG 2025-09-11 08:59:15,561 views Данные о курсах валют успешно получены
INFO 2025-09-11 08:59:15,562 views Контекст для главной страницы успешно сформирован
INFO 2025-09-11 08:59:15,578 basehttp "GET / HTTP/1.1" 200 16658
INFO 2025-09-11 08:59:17,175 basehttp "GET /set-timezone/ HTTP/1.1" 200 39519
INFO 2025-09-11 08:59:18,040 basehttp "GET /services/ HTTP/1.1" 200 14941
INFO 2025-09-11 08:59:18,832 basehttp "GET /about/ HTTP/1.1" 200 5984
INFO 2025-09-11 08:59:19,539 basehttp "GET /services/ HTTP/1.1" 200 14941
INFO 2025-09-11 08:59:20,301 basehttp "GET /doctors/ HTTP/1.1" 200 14140
INFO 2025-09-11 08:59:21,229 basehttp "GET /privacy/ HTTP/1.1" 200 5799
INFO 2025-09-11 08:59:22,262 basehttp "GET /promocodes/ HTTP/1.1" 200 5127
INFO 2025-09-11 08:59:23,168 basehttp "GET /promocodes/ HTTP/1.1" 200 5127
INFO 2025-09-11 08:59:23,722 basehttp "GET /vacancies/ HTTP/1.1" 200 5593
INFO 2025-09-11 08:59:26,059 basehttp "GET /promocodes/ HTTP/1.1" 200 5127
INFO 2025-09-11 08:59:27,179 basehttp "GET /vacancies/ HTTP/1.1" 200 5593
DEBUG 2025-09-11 09:00:55,631 views Получение последних новостей для главной страницы
INFO 2025-09-11 09:00:55,633 views Начало формирования контекста для главной страницы
DEBUG 2025-09-11 09:00:55,635 views Запрос курсов валют
DEBUG 2025-09-11 09:00:55,751 views Данные о курсах валют успешно получены
INFO 2025-09-11 09:00:55,751 views Контекст для главной страницы успешно сформирован
INFO 2025-09-11 09:00:55,762 basehttp "GET / HTTP/1.1" 200 16658
INFO 2025-09-11 09:00:55,800 basehttp "GET /static/img/logo.png HTTP/1.1" 304 0
INFO 2025-09-11 09:03:06,449 basehttp "GET /privacy/ HTTP/1.1" 200 5799
DEBUG 2025-09-11 09:03:16,545 views Получение последних новостей для главной страницы
INFO 2025-09-11 09:03:16,545 views Начало формирования контекста для главной страницы
DEBUG 2025-09-11 09:03:16,546 views Запрос курсов валют
DEBUG 2025-09-11 09:03:16,729 views Данные о курсах валют успешно получены
INFO 2025-09-11 09:03:16,730 views Контекст для главной страницы успешно сформирован
INFO 2025-09-11 09:03:16,740 basehttp "GET / HTTP/1.1" 200 16658
DEBUG 2025-09-11 09:20:15,423 views Получение последних новостей для главной страницы
INFO 2025-09-11 09:20:15,424 views Начало формирования контекста для главной страницы
DEBUG 2025-09-11 09:20:15,425 views Запрос курсов валют
DEBUG 2025-09-11 09:20:15,659 views Данные о курсах валют успешно получены
INFO 2025-09-11 09:20:15,661 views Контекст для главной страницы успешно сформирован
INFO 2025-09-11 09:20:15,683 basehttp "GET / HTTP/1.1" 200 17301
INFO 2025-09-11 09:20:15,743 basehttp "GET /static/img/logo.png HTTP/1.1" 304 0
WARNING 2025-09-11 09:20:15,746 basehttp "GET /static/img/banner1.jpg HTTP/1.1" 404 1859
WARNING 2025-09-11 09:20:15,746 basehttp "GET /static/img/banner3.jpg HTTP/1.1" 404 1859
WARNING 2025-09-11 09:20:15,746 basehttp "GET /static/img/banner2.jpg HTTP/1.1" 404 1859
DEBUG 2025-09-11 09:20:48,408 views Получение последних новостей для главной страницы
INFO 2025-09-11 09:20:48,408 views Начало формирования контекста для главной страницы
DEBUG 2025-09-11 09:20:48,410 views Запрос курсов валют
DEBUG 2025-09-11 09:20:48,537 views Данные о курсах валют успешно получены
INFO 2025-09-11 09:20:48,537 views Контекст для главной страницы успешно сформирован
INFO 2025-09-11 09:20:48,558 basehttp "GET / HTTP/1.1" 200 17301
INFO 2025-09-11 09:20:48,649 basehttp "GET /static/img/banner2.png HTTP/1.1" 200 2173942
INFO 2025-09-11 09:20:48,650 basehttp "GET /static/img/banner1.png HTTP/1.1" 200 2086063
INFO 2025-09-11 09:20:48,652 basehttp "GET /static/img/banner3.png HTTP/1.1" 200 2526005
INFO 2025-09-11 09:24:20,471 basehttp "GET /news/7/ HTTP/1.1" 200 7414
INFO 2025-09-11 09:24:34,430 basehttp "GET /news/ HTTP/1.1" 200 7610
INFO 2025-09-11 09:24:36,116 basehttp "GET /news/7/ HTTP/1.1" 200 7414
INFO 2025-09-11 09:25:29,105 basehttp "GET /admin/ HTTP/1.1" 200 18504
INFO 2025-09-11 09:25:35,416 basehttp "GET /admin/core/news/ HTTP/1.1" 200 16242
INFO 2025-09-11 09:25:35,438 basehttp "GET /admin/jsi18n/ HTTP/1.1" 200 3342
INFO 2025-09-11 09:25:37,919 basehttp "GET /admin/ HTTP/1.1" 200 18504
INFO 2025-09-11 09:34:37,343 autoreload /Users/artem/Desktop/LR5/СosmetologyCenter/core/views.py changed, reloading.
INFO 2025-09-11 09:34:37,842 autoreload Watching for file changes with StatReloader
INFO 2025-09-11 09:34:43,658 basehttp "GET /news/ HTTP/1.1" 200 7610
INFO 2025-09-11 09:34:43,681 basehttp "GET /static/img/logo.png HTTP/1.1" 304 0
INFO 2025-09-11 09:34:44,429 basehttp "GET /news/ HTTP/1.1" 200 7610
INFO 2025-09-11 09:40:13,959 autoreload /Users/artem/Desktop/LR5/СosmetologyCenter/core/models.py changed, reloading.
INFO 2025-09-11 09:40:14,425 autoreload Watching for file changes with StatReloader
INFO 2025-09-11 09:40:15,870 autoreload /Users/artem/Desktop/LR5/СosmetologyCenter/core/models.py changed, reloading.
INFO 2025-09-11 09:40:16,148 autoreload Watching for file changes with StatReloader
INFO 2025-09-11 09:49:30,626 autoreload Watching for file changes with StatReloader
INFO 2025-09-11 09:49:33,513 basehttp "GET /doctors/ HTTP/1.1" 200 14140
INFO 2025-09-11 09:49:33,551 basehttp "GET /static/img/logo.png HTTP/1.1" 304 0
DEBUG 2025-09-11 09:49:35,279 views Получение последних новостей для главной страницы
INFO 2025-09-11 09:49:35,279 views Начало формирования контекста для главной страницы
DEBUG 2025-09-11 09:49:35,280 views Запрос курсов валют
DEBUG 2025-09-11 09:49:35,465 views Данные о курсах валют успешно получены
INFO 2025-09-11 09:49:35,465 views Контекст для главной страницы успешно сформирован
INFO 2025-09-11 09:49:35,483 basehttp "GET / HTTP/1.1" 200 17301
INFO 2025-09-11 09:49:35,514 basehttp "GET /static/img/banner1.png HTTP/1.1" 304 0
INFO 2025-09-11 09:49:35,514 basehttp "GET /static/img/banner3.png HTTP/1.1" 304 0
INFO 2025-09-11 09:49:35,515 basehttp "GET /static/img/banner2.png HTTP/1.1" 304 0
INFO 2025-09-11 09:58:45,765 autoreload Watching for file changes with StatReloader
INFO 2025-09-11 09:59:04,149 autoreload /Users/artem/Desktop/LR5/СosmetologyCenter/core/admin.py changed, reloading.
INFO 2025-09-11 09:59:04,464 autoreload Watching for file changes with StatReloader
INFO 2025-09-11 09:59:11,415 basehttp "GET /admin/ HTTP/1.1" 200 19097
INFO 2025-09-11 09:59:21,950 basehttp "GET /admin/core/partner/ HTTP/1.1" 200 14602
INFO 2025-09-11 09:59:21,977 basehttp "GET /admin/jsi18n/ HTTP/1.1" 200 3342
INFO 2025-09-11 09:59:26,975 basehttp "GET /admin/core/partner/add/ HTTP/1.1" 200 16355
INFO 2025-09-11 09:59:26,993 basehttp "GET /admin/jsi18n/ HTTP/1.1" 200 3342
INFO 2025-09-11 10:06:11,851 basehttp "POST /admin/core/partner/add/ HTTP/1.1" 302 0
INFO 2025-09-11 10:06:11,870 basehttp "GET /admin/core/partner/ HTTP/1.1" 200 16394
INFO 2025-09-11 10:06:11,914 basehttp "GET /admin/jsi18n/ HTTP/1.1" 200 3342
DEBUG 2025-09-11 10:06:22,710 views Получение последних новостей для главной страницы
INFO 2025-09-11 10:06:22,711 views Начало формирования контекста для главной страницы
DEBUG 2025-09-11 10:06:22,712 views Запрос курсов валют
DEBUG 2025-09-11 10:06:23,004 views Данные о курсах валют успешно получены
INFO 2025-09-11 10:06:23,006 views Контекст для главной страницы успешно сформирован
INFO 2025-09-11 10:06:23,025 basehttp "GET / HTTP/1.1" 200 17857
INFO 2025-09-11 10:06:23,056 basehttp "GET /static/img/logo.png HTTP/1.1" 304 0
INFO 2025-09-11 10:06:23,056 basehttp "GET /static/img/banner3.png HTTP/1.1" 304 0
INFO 2025-09-11 10:06:23,057 basehttp "GET /static/img/banner1.png HTTP/1.1" 304 0
INFO 2025-09-11 10:06:23,062 basehttp "GET /static/img/banner2.png HTTP/1.1" 304 0
INFO 2025-09-11 10:06:23,072 basehttp "GET /media/partners/skintech.png HTTP/1.1" 200 3607
DEBUG 2025-09-11 10:09:05,212 views Получение последних новостей для главной страницы
INFO 2025-09-11 10:09:05,214 views Начало формирования контекста для главной страницы
DEBUG 2025-09-11 10:09:05,218 views Запрос курсов валют
DEBUG 2025-09-11 10:09:05,351 views Данные о курсах валют успешно получены
INFO 2025-09-11 10:09:05,352 views Контекст для главной страницы успешно сформирован
INFO 2025-09-11 10:09:05,368 basehttp "GET / HTTP/1.1" 200 17857
INFO 2025-09-11 10:09:05,408 basehttp "GET /media/partners/skintech.png HTTP/1.1" 304 0
DEBUG 2025-09-11 10:09:06,546 views Получение последних новостей для главной страницы
INFO 2025-09-11 10:09:06,546 views Начало формирования контекста для главной страницы
DEBUG 2025-09-11 10:09:06,547 views Запрос курсов валют
DEBUG 2025-09-11 10:09:06,658 views Данные о курсах валют успешно получены
INFO 2025-09-11 10:09:06,658 views Контекст для главной страницы успешно сформирован
INFO 2025-09-11 10:09:06,670 basehttp "GET / HTTP/1.1" 200 17857
DEBUG 2025-09-11 10:09:07,174 views Получение последних новостей для главной страницы
INFO 2025-09-11 10:09:07,174 views Начало формирования контекста для главной страницы
DEBUG 2025-09-11 10:09:07,175 views Запрос курсов валют
DEBUG 2025-09-11 10:09:07,284 views Данные о курсах валют успешно получены
INFO 2025-09-11 10:09:07,284 views Контекст для главной страницы успешно сформирован
INFO 2025-09-11 10:09:07,293 basehttp "GET / HTTP/1.1" 200 17857
DEBUG 2025-09-11 10:09:07,372 views Получение последних новостей для главной страницы
INFO 2025-09-11 10:09:07,372 views Начало формирования контекста для главной страницы
DEBUG 2025-09-11 10:09:07,373 views Запрос курсов валют
DEBUG 2025-09-11 10:09:07,472 views Данные о курсах валют успешно получены
INFO 2025-09-11 10:09:07,473 views Контекст для главной страницы успешно сформирован
INFO 2025-09-11 10:09:07,482 basehttp "GET / HTTP/1.1" 200 17857
DEBUG 2025-09-11 10:09:07,590 views Получение последних новостей для главной страницы
INFO 2025-09-11 10:09:07,590 views Начало формирования контекста для главной страницы
DEBUG 2025-09-11 10:09:07,591 views Запрос курсов валют
DEBUG 2025-09-11 10:09:07,696 views Данные о курсах валют успешно получены
INFO 2025-09-11 10:09:07,697 views Контекст для главной страницы успешно сформирован
INFO 2025-09-11 10:09:07,705 basehttp "GET / HTTP/1.1" 200 17857
INFO 2025-09-11 10:12:03,930 basehttp "GET /admin/core/partner/add/ HTTP/1.1" 200 16355
INFO 2025-09-11 10:12:03,960 basehttp "GET /admin/jsi18n/ HTTP/1.1" 200 3342
INFO 2025-09-11 10:12:37,265 basehttp "POST /admin/core/partner/add/ HTTP/1.1" 302 0
INFO 2025-09-11 10:12:37,279 basehttp "GET /admin/core/partner/ HTTP/1.1" 200 16779
INFO 2025-09-11 10:12:37,306 basehttp "GET /admin/jsi18n/ HTTP/1.1" 200 3342
DEBUG 2025-09-11 10:12:45,035 views Получение последних новостей для главной страницы
INFO 2025-09-11 10:12:45,035 views Начало формирования контекста для главной страницы
DEBUG 2025-09-11 10:12:45,036 views Запрос курсов валют
DEBUG 2025-09-11 10:12:45,186 views Данные о курсах валют успешно получены
INFO 2025-09-11 10:12:45,187 views Контекст для главной страницы успешно сформирован
INFO 2025-09-11 10:12:45,200 basehttp "GET / HTTP/1.1" 200 18176
INFO 2025-09-11 10:12:45,229 basehttp "GET /static/img/banner1.png HTTP/1.1" 304 0
INFO 2025-09-11 10:12:45,231 basehttp "GET /static/img/banner2.png HTTP/1.1" 304 0
INFO 2025-09-11 10:12:45,232 basehttp "GET /static/img/banner3.png HTTP/1.1" 304 0
INFO 2025-09-11 10:12:45,244 basehttp "GET /media/partners/skintech.png HTTP/1.1" 304 0
INFO 2025-09-11 10:12:45,245 basehttp "GET /media/partners/LaRoche-Posay.png HTTP/1.1" 200 3828
INFO 2025-09-11 10:14:03,961 basehttp "GET /admin/core/partner/add/ HTTP/1.1" 200 16355
INFO 2025-09-11 10:14:03,987 basehttp "GET /admin/jsi18n/ HTTP/1.1" 200 3342
INFO 2025-09-11 10:15:25,870 basehttp "POST /admin/core/partner/add/ HTTP/1.1" 302 0
INFO 2025-09-11 10:15:25,886 basehttp "GET /admin/core/partner/ HTTP/1.1" 200 17155
INFO 2025-09-11 10:15:25,903 basehttp "GET /admin/jsi18n/ HTTP/1.1" 200 3342
INFO 2025-09-11 10:17:11,143 basehttp "GET /admin/core/partner/add/ HTTP/1.1" 200 16355
INFO 2025-09-11 10:17:11,165 basehttp "GET /admin/jsi18n/ HTTP/1.1" 200 3342
INFO 2025-09-11 10:19:04,144 basehttp "POST /admin/core/partner/add/ HTTP/1.1" 302 0
INFO 2025-09-11 10:19:04,157 basehttp "GET /admin/core/partner/ HTTP/1.1" 200 17492
INFO 2025-09-11 10:19:04,179 basehttp "GET /admin/jsi18n/ HTTP/1.1" 200 3342
DEBUG 2025-09-11 10:19:09,525 views Получение последних новостей для главной страницы
INFO 2025-09-11 10:19:09,526 views Начало формирования контекста для главной страницы
DEBUG 2025-09-11 10:19:09,527 views Запрос курсов валют
DEBUG 2025-09-11 10:19:09,696 views Данные о курсах валют успешно получены
INFO 2025-09-11 10:19:09,698 views Контекст для главной страницы успешно сформирован
INFO 2025-09-11 10:19:09,715 basehttp "GET / HTTP/1.1" 200 18785
INFO 2025-09-11 10:19:09,753 basehttp "GET /static/img/logo.png HTTP/1.1" 304 0
INFO 2025-09-11 10:19:09,755 basehttp "GET /static/img/banner3.png HTTP/1.1" 304 0
INFO 2025-09-11 10:19:09,756 basehttp "GET /static/img/banner2.png HTTP/1.1" 304 0
INFO 2025-09-11 10:19:09,756 basehttp "GET /static/img/banner1.png HTTP/1.1" 304 0
INFO 2025-09-11 10:19:09,772 basehttp "GET /media/partners/skintech.png HTTP/1.1" 304 0
INFO 2025-09-11 10:19:09,775 basehttp "GET /media/partners/LaRoche-Posay.png HTTP/1.1" 304 0
INFO 2025-09-11 10:19:09,777 basehttp "GET /media/partners/SkinCeuticals.png HTTP/1.1" 200 2448
INFO 2025-09-11 10:19:09,778 basehttp "GET /media/partners/obagi_logo.jpg HTTP/1.1" 200 53405
DEBUG 2025-09-11 10:21:18,040 views Получение последних новостей для главной страницы
INFO 2025-09-11 10:21:18,041 views Начало формирования контекста для главной страницы
DEBUG 2025-09-11 10:21:18,041 views Запрос курсов валют
DEBUG 2025-09-11 10:21:18,178 views Данные о курсах валют успешно получены
INFO 2025-09-11 10:21:18,179 views Контекст для главной страницы успешно сформирован
INFO 2025-09-11 10:21:18,196 basehttp "GET / HTTP/1.1" 200 18785
INFO 2025-09-11 10:21:18,237 basehttp "GET /media/partners/skintech.png HTTP/1.1" 304 0
INFO 2025-09-11 10:21:18,247 basehttp "GET /media/partners/obagi_logo.jpg HTTP/1.1" 304 0
INFO 2025-09-11 10:21:18,252 basehttp "GET /media/partners/LaRoche-Posay.png HTTP/1.1" 304 0
INFO 2025-09-11 10:21:18,258 basehttp "GET /media/partners/SkinCeuticals.png HTTP/1.1" 304 0
DEBUG 2025-09-11 10:21:22,051 views Получение последних новостей для главной страницы
INFO 2025-09-11 10:21:22,051 views Начало формирования контекста для главной страницы
DEBUG 2025-09-11 10:21:22,051 views Запрос курсов валют
DEBUG 2025-09-11 10:21:22,165 views Данные о курсах валют успешно получены
INFO 2025-09-11 10:21:22,166 views Контекст для главной страницы успешно сформирован
INFO 2025-09-11 10:21:22,179 basehttp "GET / HTTP/1.1" 200 18785
DEBUG 2025-09-11 10:21:22,833 views Получение последних новостей для главной страницы
INFO 2025-09-11 10:21:22,833 views Начало формирования контекста для главной страницы
DEBUG 2025-09-11 10:21:22,834 views Запрос курсов валют
DEBUG 2025-09-11 10:21:22,933 views Данные о курсах валют успешно получены
INFO 2025-09-11 10:21:22,933 views Контекст для главной страницы успешно сформирован
INFO 2025-09-11 10:21:22,942 basehttp "GET / HTTP/1.1" 200 18785
DEBUG 2025-09-11 10:21:23,602 views Получение последних новостей для главной страницы
INFO 2025-09-11 10:21:23,602 views Начало формирования контекста для главной страницы
DEBUG 2025-09-11 10:21:23,602 views Запрос курсов валют
DEBUG 2025-09-11 10:21:23,711 views Данные о курсах валют успешно получены
INFO 2025-09-11 10:21:23,711 views Контекст для главной страницы успешно сформирован
INFO 2025-09-11 10:21:23,719 basehttp "GET / HTTP/1.1" 200 18785
DEBUG 2025-09-11 10:21:24,444 views Получение последних новостей для главной страницы
INFO 2025-09-11 10:21:24,445 views Начало формирования контекста для главной страницы
DEBUG 2025-09-11 10:21:24,445 views Запрос курсов валют
DEBUG 2025-09-11 10:21:24,621 views Данные о курсах валют успешно получены
INFO 2025-09-11 10:21:24,622 views Контекст для главной страницы успешно сформирован
INFO 2025-09-11 10:21:24,637 basehttp "GET / HTTP/1.1" 200 18785
DEBUG 2025-09-11 10:21:56,188 views Получение последних новостей для главной страницы
INFO 2025-09-11 10:21:56,188 views Начало формирования контекста для главной страницы
DEBUG 2025-09-11 10:21:56,189 views Запрос курсов валют
DEBUG 2025-09-11 10:21:56,295 views Данные о курсах валют успешно получены
INFO 2025-09-11 10:21:56,296 views Контекст для главной страницы успешно сформирован
INFO 2025-09-11 10:21:56,308 basehttp "GET / HTTP/1.1" 200 18785
INFO 2025-09-11 10:21:56,334 basehttp "GET /media/partners/SkinCeuticals.png HTTP/1.1" 304 0
INFO 2025-09-11 10:21:56,335 basehttp "GET /media/partners/obagi_logo.jpg HTTP/1.1" 304 0
DEBUG 2025-09-11 10:21:57,095 views Получение последних новостей для главной страницы
INFO 2025-09-11 10:21:57,095 views Начало формирования контекста для главной страницы
DEBUG 2025-09-11 10:21:57,095 views Запрос курсов валют
DEBUG 2025-09-11 10:21:57,304 views Данные о курсах валют успешно получены
INFO 2025-09-11 10:21:57,304 views Контекст для главной страницы успешно сформирован
INFO 2025-09-11 10:21:57,311 basehttp "GET / HTTP/1.1" 200 18785
DEBUG 2025-09-11 10:21:57,642 views Получение последних новостей для главной страницы
INFO 2025-09-11 10:21:57,642 views Начало формирования контекста для главной страницы
DEBUG 2025-09-11 10:21:57,642 views Запрос курсов валют
DEBUG 2025-09-11 10:21:57,757 views Данные о курсах валют успешно получены
INFO 2025-09-11 10:21:57,757 views Контекст для главной страницы успешно сформирован
INFO 2025-09-11 10:21:57,767 basehttp "GET / HTTP/1.1" 200 18785
INFO 2025-09-11 10:22:06,569 autoreload Watching for file changes with StatReloader
DEBUG 2025-09-11 10:22:12,974 views Получение последних новостей для главной страницы
INFO 2025-09-11 10:22:12,974 views Начало формирования контекста для главной страницы
DEBUG 2025-09-11 10:22:12,975 views Запрос курсов валют
DEBUG 2025-09-11 10:22:13,094 views Данные о курсах валют успешно получены
INFO 2025-09-11 10:22:13,095 views Контекст для главной страницы успешно сформирован
INFO 2025-09-11 10:22:13,128 basehttp "GET / HTTP/1.1" 200 18785
INFO 2025-09-11 10:22:13,160 basehttp "GET /media/partners/LaRoche-Posay.png HTTP/1.1" 304 0
DEBUG 2025-09-11 10:22:14,636 views Получение последних новостей для главной страницы
INFO 2025-09-11 10:22:14,636 views Начало формирования контекста для главной страницы
DEBUG 2025-09-11 10:22:14,637 views Запрос курсов валют
DEBUG 2025-09-11 10:22:14,746 views Данные о курсах валют успешно получены
INFO 2025-09-11 10:22:14,746 views Контекст для главной страницы успешно сформирован
INFO 2025-09-11 10:22:14,760 basehttp "GET / HTTP/1.1" 200 18785
INFO 2025-09-11 10:22:14,780 basehttp "GET /media/partners/obagi_logo.jpg HTTP/1.1" 304 0
DEBUG 2025-09-11 10:22:15,331 views Получение последних новостей для главной страницы
INFO 2025-09-11 10:22:15,331 views Начало формирования контекста для главной страницы
DEBUG 2025-09-11 10:22:15,332 views Запрос курсов валют
DEBUG 2025-09-11 10:22:15,439 views Данные о курсах валют успешно получены
INFO 2025-09-11 10:22:15,439 views Контекст для главной страницы успешно сформирован
INFO 2025-09-11 10:22:15,448 basehttp "GET / HTTP/1.1" 200 18785
DEBUG 2025-09-11 10:23:23,976 views Получение последних новостей для главной страницы
INFO 2025-09-11 10:23:23,977 views Начало формирования контекста для главной страницы
DEBUG 2025-09-11 10:23:23,978 views Запрос курсов валют
DEBUG 2025-09-11 10:23:24,097 views Данные о курсах валют успешно получены
INFO 2025-09-11 10:23:24,098 views Контекст для главной страницы успешно сформирован
INFO 2025-09-11 10:23:24,116 basehttp "GET / HTTP/1.1" 200 18786
INFO 2025-09-11 10:23:24,183 basehttp "GET /media/partners/skintech.png HTTP/1.1" 304 0
INFO 2025-09-11 10:23:24,184 basehttp "GET /media/partners/SkinCeuticals.png HTTP/1.1" 304 0
INFO 2025-09-11 10:23:24,184 basehttp "GET /media/partners/LaRoche-Posay.png HTTP/1.1" 304 0
INFO 2025-09-11 10:23:24,188 basehttp "GET /media/partners/obagi_logo.jpg HTTP/1.1" 304 0
INFO 2025-09-11 10:23:24,192 basehttp "GET /static/img/logo1.png HTTP/1.1" 200 1262840
DEBUG 2025-09-11 10:31:46,110 views Получение последних новостей для главной страницы
INFO 2025-09-11 10:31:46,111 views Начало формирования контекста для главной страницы
DEBUG 2025-09-11 10:31:46,111 views Запрос курсов валют
DEBUG 2025-09-11 10:31:46,334 views Данные о курсах валют успешно получены
INFO 2025-09-11 10:31:46,334 views Контекст для главной страницы успешно сформирован
INFO 2025-09-11 10:31:46,349 basehttp "GET / HTTP/1.1" 200 18786
INFO 2025-09-11 10:31:46,402 basehttp "GET /static/img/banner2.png HTTP/1.1" 304 0
INFO 2025-09-11 10:31:46,402 basehttp "GET /static/img/banner1.png HTTP/1.1" 304 0
INFO 2025-09-11 10:31:46,403 basehttp "GET /static/img/banner3.png HTTP/1.1" 304 0
INFO 2025-09-11 10:31:46,422 basehttp "GET /media/partners/skintech.png HTTP/1.1" 304 0
INFO 2025-09-11 10:31:46,424 basehttp "GET /media/partners/LaRoche-Posay.png HTTP/1.1" 304 0
INFO 2025-09-11 10:31:46,425 basehttp "GET /media/partners/SkinCeuticals.png HTTP/1.1" 304 0
INFO 2025-09-11 10:31:46,428 basehttp "GET /media/partners/obagi_logo.jpg HTTP/1.1" 304 0
INFO 2025-09-11 10:31:46,430 basehttp "GET /static/img/logo1.png HTTP/1.1" 200 1055654
DEBUG 2025-09-11 10:33:17,696 views Получение последних новостей для главной страницы
INFO 2025-09-11 10:33:17,697 views Начало формирования контекста для главной страницы
DEBUG 2025-09-11 10:33:17,698 views Запрос курсов валют
DEBUG 2025-09-11 10:33:17,847 views Данные о курсах валют успешно получены
INFO 2025-09-11 10:33:17,848 views Контекст для главной страницы успешно сформирован
INFO 2025-09-11 10:33:17,866 basehttp "GET / HTTP/1.1" 200 18636
INFO 2025-09-11 10:33:17,888 basehttp "GET /static/img/logo1.png HTTP/1.1" 304 0
INFO 2025-09-11 10:33:17,890 basehttp "GET /media/partners/obagi_logo.jpg HTTP/1.1" 304 0
INFO 2025-09-11 10:38:28,682 basehttp "GET /admin/ HTTP/1.1" 200 19103
INFO 2025-09-11 10:38:35,391 basehttp "GET /admin/core/userprofile/ HTTP/1.1" 200 16072
INFO 2025-09-11 10:38:35,414 basehttp "GET /admin/jsi18n/ HTTP/1.1" 200 3342
INFO 2025-09-11 10:38:37,287 basehttp "GET /admin/core/userprofile/2/change/ HTTP/1.1" 200 52303
INFO 2025-09-11 10:38:37,318 basehttp "GET /admin/jsi18n/ HTTP/1.1" 200 3342
INFO 2025-09-11 10:38:39,712 basehttp "GET /admin/core/userprofile/ HTTP/1.1" 200 16072
INFO 2025-09-11 10:38:41,394 basehttp "GET /admin/core/userprofile/1/change/ HTTP/1.1" 200 52306
INFO 2025-09-11 10:38:41,409 basehttp "GET /admin/jsi18n/ HTTP/1.1" 200 3342
INFO 2025-09-11 10:38:42,023 basehttp "GET /admin/core/userprofile/ HTTP/1.1" 200 16072
INFO 2025-09-11 10:38:43,164 basehttp "GET /admin/ HTTP/1.1" 200 19103
INFO 2025-09-11 10:38:52,135 basehttp "GET /admin/auth/group/ HTTP/1.1" 200 16112
INFO 2025-09-11 10:38:52,161 basehttp "GET /admin/jsi18n/ HTTP/1.1" 200 3342
INFO 2025-09-11 10:38:54,418 basehttp "GET /admin/ HTTP/1.1" 200 19103
INFO 2025-09-11 10:42:41,592 basehttp "GET /about/ HTTP/1.1" 200 5985
INFO 2025-09-11 10:42:41,612 basehttp "GET /static/img/logo1.png HTTP/1.1" 304 0
INFO 2025-09-11 10:43:25,756 basehttp "GET /about/ HTTP/1.1" 200 5985
INFO 2025-09-11 10:43:26,459 basehttp "GET /services/ HTTP/1.1" 200 14942
DEBUG 2025-09-11 10:43:27,153 views Получение последних новостей для главной страницы
INFO 2025-09-11 10:43:27,153 views Начало формирования контекста для главной страницы
DEBUG 2025-09-11 10:43:27,153 views Запрос курсов валют
DEBUG 2025-09-11 10:43:27,321 views Данные о курсах валют успешно получены
INFO 2025-09-11 10:43:27,322 views Контекст для главной страницы успешно сформирован
INFO 2025-09-11 10:43:27,333 basehttp "GET / HTTP/1.1" 200 18636
INFO 2025-09-11 10:43:27,346 basehttp "GET /static/img/banner1.png HTTP/1.1" 304 0
INFO 2025-09-11 10:43:27,353 basehttp "GET /static/img/banner3.png HTTP/1.1" 304 0
INFO 2025-09-11 10:43:27,353 basehttp "GET /static/img/banner2.png HTTP/1.1" 304 0
INFO 2025-09-11 10:43:27,374 basehttp "GET /media/partners/LaRoche-Posay.png HTTP/1.1" 304 0
INFO 2025-09-11 10:43:27,378 basehttp "GET /media/partners/skintech.png HTTP/1.1" 304 0
INFO 2025-09-11 10:43:27,380 basehttp "GET /media/partners/SkinCeuticals.png HTTP/1.1" 304 0
INFO 2025-09-11 10:43:27,381 basehttp "GET /media/partners/obagi_logo.jpg HTTP/1.1" 304 0
DEBUG 2025-09-11 10:44:45,984 views Получение последних новостей для главной страницы
INFO 2025-09-11 10:44:45,985 views Начало формирования контекста для главной страницы
DEBUG 2025-09-11 10:44:45,986 views Запрос курсов валют
DEBUG 2025-09-11 10:44:46,101 views Данные о курсах валют успешно получены
INFO 2025-09-11 10:44:46,102 views Контекст для главной страницы успешно сформирован
INFO 2025-09-11 10:44:46,118 basehttp "GET / HTTP/1.1" 200 18636
INFO 2025-09-11 10:44:46,134 basehttp "GET /static/img/logo1.png HTTP/1.1" 304 0
DEBUG 2025-09-11 10:45:05,344 views Получение последних новостей для главной страницы
INFO 2025-09-11 10:45:05,344 views Начало формирования контекста для главной страницы
DEBUG 2025-09-11 10:45:05,345 views Запрос курсов валют
DEBUG 2025-09-11 10:45:05,464 views Данные о курсах валют успешно получены
INFO 2025-09-11 10:45:05,464 views Контекст для главной страницы успешно сформирован
INFO 2025-09-11 10:45:05,481 basehttp "GET / HTTP/1.1" 200 18636
DEBUG 2025-09-11 10:45:21,614 views Получение последних новостей для главной страницы
INFO 2025-09-11 10:45:21,614 views Начало формирования контекста для главной страницы
DEBUG 2025-09-11 10:45:21,615 views Запрос курсов валют
DEBUG 2025-09-11 10:45:21,733 views Данные о курсах валют успешно получены
INFO 2025-09-11 10:45:21,734 views Контекст для главной страницы успешно сформирован
INFO 2025-09-11 10:45:21,753 basehttp "GET / HTTP/1.1" 200 18637
INFO 2025-09-11 10:45:21,780 basehttp "GET /static/img/banner11.png HTTP/1.1" 200 1064989
DEBUG 2025-09-11 10:45:38,079 views Получение последних новостей для главной страницы
INFO 2025-09-11 10:45:38,079 views Начало формирования контекста для главной страницы
DEBUG 2025-09-11 10:45:38,079 views Запрос курсов валют
DEBUG 2025-09-11 10:45:38,186 views Данные о курсах валют успешно получены
INFO 2025-09-11 10:45:38,187 views Контекст для главной страницы успешно сформирован
INFO 2025-09-11 10:45:38,200 basehttp "GET / HTTP/1.1" 200 18637
WARNING 2025-09-11 10:45:38,223 basehttp "GET /static/img/banner11.png HTTP/1.1" 404 1862
DEBUG 2025-09-11 10:45:39,894 views Получение последних новостей для главной страницы
INFO 2025-09-11 10:45:39,894 views Начало формирования контекста для главной страницы
DEBUG 2025-09-11 10:45:39,895 views Запрос курсов валют
DEBUG 2025-09-11 10:45:40,007 views Данные о курсах валют успешно получены
INFO 2025-09-11 10:45:40,008 views Контекст для главной страницы успешно сформирован
INFO 2025-09-11 10:45:40,021 basehttp "GET / HTTP/1.1" 200 18637
WARNING 2025-09-11 10:45:40,042 basehttp "GET /static/img/banner11.png HTTP/1.1" 404 1862
DEBUG 2025-09-11 10:45:46,678 views Получение последних новостей для главной страницы
INFO 2025-09-11 10:45:46,678 views Начало формирования контекста для главной страницы
DEBUG 2025-09-11 10:45:46,679 views Запрос курсов валют
DEBUG 2025-09-11 10:45:46,798 views Данные о курсах валют успешно получены
INFO 2025-09-11 10:45:46,798 views Контекст для главной страницы успешно сформирован
INFO 2025-09-11 10:45:46,814 basehttp "GET / HTTP/1.1" 200 18636
DEBUG 2025-09-11 10:45:48,374 views Получение последних новостей для главной страницы
INFO 2025-09-11 10:45:48,375 views Начало формирования контекста для главной страницы
DEBUG 2025-09-11 10:45:48,375 views Запрос курсов валют
DEBUG 2025-09-11 10:45:48,495 views Данные о курсах валют успешно получены
INFO 2025-09-11 10:45:48,496 views Контекст для главной страницы успешно сформирован
INFO 2025-09-11 10:45:48,507 basehttp "GET / HTTP/1.1" 200 18636
DEBUG 2025-09-11 10:48:09,725 views Получение последних новостей для главной страницы
INFO 2025-09-11 10:48:09,727 views Начало формирования контекста для главной страницы
DEBUG 2025-09-11 10:48:09,727 views Запрос курсов валют
DEBUG 2025-09-11 10:48:09,854 views Данные о курсах валют успешно получены
INFO 2025-09-11 10:48:09,855 views Контекст для главной страницы успешно сформирован
INFO 2025-09-11 10:48:09,866 basehttp "GET / HTTP/1.1" 200 18637
WARNING 2025-09-11 10:48:10,010 basehttp "GET /static/img/banner11.png HTTP/1.1" 404 1862
INFO 2025-09-11 10:48:10,011 basehttp "GET /static/img/logo1.png HTTP/1.1" 304 0
INFO 2025-09-11 10:48:10,019 basehttp "GET /media/partners/skintech.png HTTP/1.1" 304 0
INFO 2025-09-11 10:48:10,020 basehttp "GET /media/partners/SkinCeuticals.png HTTP/1.1" 304 0
INFO 2025-09-11 10:48:10,020 basehttp "GET /media/partners/LaRoche-Posay.png HTTP/1.1" 304 0
INFO 2025-09-11 10:48:10,021 basehttp "GET /media/partners/obagi_logo.jpg HTTP/1.1" 304 0
DEBUG 2025-09-11 10:48:13,981 views Получение последних новостей для главной страницы
INFO 2025-09-11 10:48:13,981 views Начало формирования контекста для главной страницы
DEBUG 2025-09-11 10:48:13,982 views Запрос курсов валют
DEBUG 2025-09-11 10:48:14,094 views Данные о курсах валют успешно получены
INFO 2025-09-11 10:48:14,095 views Контекст для главной страницы успешно сформирован
INFO 2025-09-11 10:48:14,109 basehttp "GET / HTTP/1.1" 200 18636
INFO 2025-09-11 10:48:24,919 autoreload Watching for file changes with StatReloader
DEBUG 2025-09-11 10:48:27,231 views Получение последних новостей для главной страницы
INFO 2025-09-11 10:48:27,232 views Начало формирования контекста для главной страницы
DEBUG 2025-09-11 10:48:27,232 views Запрос курсов валют
DEBUG 2025-09-11 10:48:27,346 views Данные о курсах валют успешно получены
INFO 2025-09-11 10:48:27,347 views Контекст для главной страницы успешно сформирован
INFO 2025-09-11 10:48:27,378 basehttp "GET / HTTP/1.1" 200 18636
DEBUG 2025-09-11 10:48:28,175 views Получение последних новостей для главной страницы
INFO 2025-09-11 10:48:28,175 views Начало формирования контекста для главной страницы
DEBUG 2025-09-11 10:48:28,176 views Запрос курсов валют
DEBUG 2025-09-11 10:48:28,288 views Данные о курсах валют успешно получены
INFO 2025-09-11 10:48:28,289 views Контекст для главной страницы успешно сформирован
INFO 2025-09-11 10:48:28,297 basehttp "GET / HTTP/1.1" 200 18636
DEBUG 2025-09-11 10:48:28,724 views Получение последних новостей для главной страницы
INFO 2025-09-11 10:48:28,725 views Начало формирования контекста для главной страницы
DEBUG 2025-09-11 10:48:28,725 views Запрос курсов валют
DEBUG 2025-09-11 10:48:28,842 views Данные о курсах валют успешно получены
INFO 2025-09-11 10:48:28,842 views Контекст для главной страницы успешно сформирован
INFO 2025-09-11 10:48:28,850 basehttp "GET / HTTP/1.1" 200 18636
DEBUG 2025-09-11 10:48:28,960 views Получение последних новостей для главной страницы
INFO 2025-09-11 10:48:28,960 views Начало формирования контекста для главной страницы
DEBUG 2025-09-11 10:48:28,961 views Запрос курсов валют
DEBUG 2025-09-11 10:48:29,137 views Данные о курсах валют успешно получены
INFO 2025-09-11 10:48:29,137 views Контекст для главной страницы успешно сформирован
INFO 2025-09-11 10:48:29,145 basehttp "GET / HTTP/1.1" 200 18636
DEBUG 2025-09-11 10:49:23,845 views Получение последних новостей для главной страницы
INFO 2025-09-11 10:49:23,846 views Начало формирования контекста для главной страницы
DEBUG 2025-09-11 10:49:23,847 views Запрос курсов валют
DEBUG 2025-09-11 10:49:24,044 views Данные о курсах валют успешно получены
INFO 2025-09-11 10:49:24,045 views Контекст для главной страницы успешно сформирован
INFO 2025-09-11 10:49:24,065 basehttp "GET / HTTP/1.1" 200 18637
INFO 2025-09-11 10:49:24,112 basehttp "GET /static/img/banner_1.png HTTP/1.1" 200 1064989
DEBUG 2025-09-11 10:54:07,737 views Получение последних новостей для главной страницы
INFO 2025-09-11 10:54:07,738 views Начало формирования контекста для главной страницы
DEBUG 2025-09-11 10:54:07,739 views Запрос курсов валют
DEBUG 2025-09-11 10:54:07,960 views Данные о курсах валют успешно получены
INFO 2025-09-11 10:54:07,961 views Контекст для главной страницы успешно сформирован
INFO 2025-09-11 10:54:07,982 basehttp "GET / HTTP/1.1" 200 18666
INFO 2025-09-11 10:54:08,017 basehttp "GET /static/img/logo1.png HTTP/1.1" 304 0
INFO 2025-09-11 10:54:08,023 basehttp "GET /static/img/banner_1.png HTTP/1.1" 304 0
INFO 2025-09-11 10:54:08,055 basehttp "GET /media/partners/skintech.png HTTP/1.1" 304 0
INFO 2025-09-11 10:54:08,069 basehttp "GET /media/partners/SkinCeuticals.png HTTP/1.1" 304 0
INFO 2025-09-11 10:54:08,073 basehttp "GET /media/partners/LaRoche-Posay.png HTTP/1.1" 304 0
INFO 2025-09-11 10:54:08,081 basehttp "GET /media/partners/obagi_logo.jpg HTTP/1.1" 304 0
INFO 2025-09-11 10:54:08,099 basehttp "GET /static/img/banner_2.png HTTP/1.1" 200 954959
INFO 2025-09-11 10:54:08,101 basehttp "GET /static/img/banner_3.png HTTP/1.1" 200 955111
INFO 2025-09-11 10:55:12,445 basehttp "GET /admin/core/userprofile/ HTTP/1.1" 200 16072
INFO 2025-09-11 10:55:12,472 basehttp "GET /admin/jsi18n/ HTTP/1.1" 200 3342
INFO 2025-09-11 10:55:14,151 basehttp "GET /admin/core/userprofile/2/change/ HTTP/1.1" 200 52303
INFO 2025-09-11 10:55:14,166 basehttp "GET /admin/jsi18n/ HTTP/1.1" 200 3342
INFO 2025-09-11 10:55:16,560 basehttp "GET /admin/core/userprofile/ HTTP/1.1" 200 16072
INFO 2025-09-11 10:55:17,316 basehttp "GET /admin/ HTTP/1.1" 200 19103
INFO 2025-09-11 10:55:32,669 basehttp "GET /admin/core/employee/ HTTP/1.1" 200 15552
INFO 2025-09-11 10:55:32,682 basehttp "GET /admin/jsi18n/ HTTP/1.1" 200 3342
INFO 2025-09-11 10:55:35,163 basehttp "GET /admin/core/employee/1/change/ HTTP/1.1" 200 18871
INFO 2025-09-11 10:55:35,180 basehttp "GET /admin/jsi18n/ HTTP/1.1" 200 3342
INFO 2025-09-11 10:55:37,424 basehttp "GET /admin/core/employee/ HTTP/1.1" 200 15552
INFO 2025-09-11 10:55:38,105 basehttp "GET /admin/ HTTP/1.1" 200 19103
INFO 2025-09-11 10:55:43,492 basehttp "GET /admin/core/appointment/ HTTP/1.1" 200 19718
INFO 2025-09-11 10:55:43,501 basehttp "GET /admin/jsi18n/ HTTP/1.1" 200 3342
INFO 2025-09-11 10:55:45,408 basehttp "GET /admin/ HTTP/1.1" 200 19103
INFO 2025-09-11 10:55:52,007 basehttp "GET /about/ HTTP/1.1" 200 5985
INFO 2025-09-11 11:01:45,878 basehttp "GET /doctors/ HTTP/1.1" 200 14141
INFO 2025-09-11 11:01:45,906 basehttp "GET /static/img/logo1.png HTTP/1.1" 304 0
INFO 2025-09-11 11:01:49,869 basehttp "GET /services/ HTTP/1.1" 200 14942
INFO 2025-09-11 11:01:52,437 basehttp "GET /service/53/ HTTP/1.1" 200 6302
INFO 2025-09-11 11:02:07,941 basehttp "GET /service/54/ HTTP/1.1" 200 6387
DEBUG 2025-09-11 11:02:15,692 views Получение последних новостей для главной страницы
INFO 2025-09-11 11:02:15,692 views Начало формирования контекста для главной страницы
DEBUG 2025-09-11 11:02:15,693 views Запрос курсов валют
DEBUG 2025-09-11 11:02:15,949 views Данные о курсах валют успешно получены
INFO 2025-09-11 11:02:15,950 views Контекст для главной страницы успешно сформирован
INFO 2025-09-11 11:02:15,964 basehttp "GET / HTTP/1.1" 200 18666
INFO 2025-09-11 11:02:15,992 basehttp "GET /static/img/banner_2.png HTTP/1.1" 304 0
INFO 2025-09-11 11:02:15,992 basehttp "GET /static/img/banner_1.png HTTP/1.1" 304 0
INFO 2025-09-11 11:02:16,001 basehttp "GET /static/img/banner_3.png HTTP/1.1" 304 0
INFO 2025-09-11 11:02:16,002 basehttp "GET /media/partners/skintech.png HTTP/1.1" 304 0
INFO 2025-09-11 11:02:16,005 basehttp "GET /media/partners/LaRoche-Posay.png HTTP/1.1" 304 0
INFO 2025-09-11 11:02:16,008 basehttp "GET /media/partners/obagi_logo.jpg HTTP/1.1" 304 0
INFO 2025-09-11 11:02:16,008 basehttp "GET /media/partners/SkinCeuticals.png HTTP/1.1" 304 0
INFO 2025-09-11 11:04:01,186 basehttp "GET /vacancies/ HTTP/1.1" 200 5594
INFO 2025-09-11 14:09:01,986 autoreload Watching for file changes with StatReloader
INFO 2025-09-11 14:09:05,811 basehttp "GET /statistics/ HTTP/1.1" 200 44094
INFO 2025-09-11 14:09:05,830 basehttp "GET /static/img/logo1.png HTTP/1.1" 304 0
INFO 2025-09-11 14:16:45,863 autoreload /Users/artem/Desktop/LR5/СosmetologyCenter/core/models.py changed, reloading.
INFO 2025-09-11 14:16:46,326 autoreload Watching for file changes with StatReloader
INFO 2025-09-11 14:38:15,841 autoreload Watching for file changes with StatReloader
DEBUG 2025-09-11 14:38:18,969 views Получение последних новостей для главной страницы
INFO 2025-09-11 14:38:18,970 views Начало формирования контекста для главной страницы
DEBUG 2025-09-11 14:38:18,970 views Запрос курсов валют
DEBUG 2025-09-11 14:38:19,434 views Данные о курсах валют успешно получены
INFO 2025-09-11 14:38:19,434 views Контекст для главной страницы успешно сформирован
INFO 2025-09-11 14:38:19,457 basehttp "GET / HTTP/1.1" 200 18666
INFO 2025-09-11 14:38:19,515 basehttp "GET /static/img/logo1.png HTTP/1.1" 304 0
INFO 2025-09-11 14:38:19,515 basehttp "GET /static/img/banner_1.png HTTP/1.1" 304 0
INFO 2025-09-11 14:38:19,516 basehttp "GET /static/img/banner_3.png HTTP/1.1" 304 0
INFO 2025-09-11 14:38:19,518 basehttp "GET /static/img/banner_2.png HTTP/1.1" 304 0
INFO 2025-09-11 14:38:19,527 basehttp "GET /media/partners/skintech.png HTTP/1.1" 304 0
INFO 2025-09-11 14:38:19,529 basehttp "GET /media/partners/SkinCeuticals.png HTTP/1.1" 304 0
INFO 2025-09-11 14:38:19,530 basehttp "GET /media/partners/LaRoche-Posay.png HTTP/1.1" 304 0
INFO 2025-09-11 14:38:19,531 basehttp "GET /media/partners/obagi_logo.jpg HTTP/1.1" 304 0
INFO 2025-09-11 14:38:23,647 basehttp "GET /about/ HTTP/1.1" 200 3861
INFO 2025-09-11 14:38:44,774 basehttp "GET /admin/ HTTP/1.1" 200 19748
INFO 2025-09-11 14:38:48,568 basehttp "GET /admin/core/companyinfo/ HTTP/1.1" 200 14879
INFO 2025-09-11 14:38:48,596 basehttp "GET /admin/jsi18n/ HTTP/1.1" 200 3342
INFO 2025-09-11 14:38:50,906 basehttp "GET /admin/core/companyinfo/add/ HTTP/1.1" 200 21578
INFO 2025-09-11 14:38:50,919 basehttp "GET /admin/jsi18n/ HTTP/1.1" 200 3342
DEBUG 2025-09-11 14:40:20,012 views Получение последних новостей для главной страницы
INFO 2025-09-11 14:40:20,014 views Начало формирования контекста для главной страницы
DEBUG 2025-09-11 14:40:20,015 views Запрос курсов валют
DEBUG 2025-09-11 14:40:20,277 views Данные о курсах валют успешно получены
INFO 2025-09-11 14:40:20,278 views Контекст для главной страницы успешно сформирован
INFO 2025-09-11 14:40:20,296 basehttp "GET / HTTP/1.1" 200 18666
INFO 2025-09-11 14:42:25,654 basehttp "POST /admin/core/companyinfo/add/ HTTP/1.1" 302 0
INFO 2025-09-11 14:42:25,669 basehttp "GET /admin/core/companyinfo/ HTTP/1.1" 200 17035
INFO 2025-09-11 14:42:25,695 basehttp "GET /admin/jsi18n/ HTTP/1.1" 200 3342
DEBUG 2025-09-11 14:42:31,030 views Получение последних новостей для главной страницы
INFO 2025-09-11 14:42:31,030 views Начало формирования контекста для главной страницы
DEBUG 2025-09-11 14:42:31,030 views Запрос курсов валют
DEBUG 2025-09-11 14:42:31,606 views Данные о курсах валют успешно получены
INFO 2025-09-11 14:42:31,607 views Контекст для главной страницы успешно сформирован
INFO 2025-09-11 14:42:31,616 basehttp "GET / HTTP/1.1" 200 18666
INFO 2025-09-11 14:42:32,816 basehttp "GET /services/ HTTP/1.1" 200 14942
INFO 2025-09-11 14:42:33,651 basehttp "GET /about/ HTTP/1.1" 200 6213
INFO 2025-09-11 14:42:33,667 basehttp "GET /media/company/logo1.png HTTP/1.1" 200 1055654
INFO 2025-09-11 14:43:29,923 basehttp "GET /about/ HTTP/1.1" 200 6225
INFO 2025-09-11 14:43:29,943 basehttp "GET /media/company/logo1.png HTTP/1.1" 304 0
INFO 2025-09-11 14:45:29,358 basehttp "GET /admin/ HTTP/1.1" 200 19814
INFO 2025-09-11 14:45:33,502 basehttp "GET /admin/core/glossaryterm/ HTTP/1.1" 200 18705
INFO 2025-09-11 14:45:33,524 basehttp "GET /admin/jsi18n/ HTTP/1.1" 200 3342
INFO 2025-09-11 14:45:37,457 basehttp "GET /admin/ HTTP/1.1" 200 19814
INFO 2025-09-11 14:45:46,970 basehttp "GET /admin/core/glossaryterm/ HTTP/1.1" 200 18705
INFO 2025-09-11 14:45:46,998 basehttp "GET /admin/jsi18n/ HTTP/1.1" 200 3342
INFO 2025-09-11 14:59:22,819 autoreload /Users/artem/Desktop/LR5/СosmetologyCenter/core/urls.py changed, reloading.
INFO 2025-09-11 14:59:23,393 autoreload Watching for file changes with StatReloader
INFO 2025-09-11 14:59:38,073 autoreload /Users/artem/Desktop/LR5/СosmetologyCenter/core/views.py changed, reloading.
INFO 2025-09-11 14:59:38,423 autoreload Watching for file changes with StatReloader
INFO 2025-09-11 14:59:39,789 autoreload /Users/artem/Desktop/LR5/СosmetologyCenter/core/views.py changed, reloading.
INFO 2025-09-11 14:59:40,036 autoreload Watching for file changes with StatReloader
INFO 2025-09-11 15:00:44,673 autoreload /Users/artem/Desktop/LR5/СosmetologyCenter/core/urls.py changed, reloading.
INFO 2025-09-11 15:00:45,066 autoreload Watching for file changes with StatReloader
DEBUG 2025-09-11 15:01:35,207 views Получение последних новостей для главной страницы
INFO 2025-09-11 15:01:35,207 views Начало формирования контекста для главной страницы
DEBUG 2025-09-11 15:01:35,208 views Запрос курсов валют
DEBUG 2025-09-11 15:01:35,696 views Данные о курсах валют успешно получены
INFO 2025-09-11 15:01:35,697 views Контекст для главной страницы успешно сформирован
INFO 2025-09-11 15:01:35,730 basehttp "GET / HTTP/1.1" 200 18666
INFO 2025-09-11 15:01:35,778 basehttp "GET /static/img/banner_2.png HTTP/1.1" 304 0
INFO 2025-09-11 15:01:35,779 basehttp "GET /static/img/banner_3.png HTTP/1.1" 304 0
INFO 2025-09-11 15:01:40,401 basehttp "GET /services/ HTTP/1.1" 200 14942
INFO 2025-09-11 15:01:42,581 basehttp "GET /privacy/ HTTP/1.1" 200 5800
INFO 2025-09-11 15:01:43,373 basehttp "GET /services/ HTTP/1.1" 200 14942
INFO 2025-09-11 15:01:44,041 basehttp "GET /doctors/ HTTP/1.1" 200 14141
INFO 2025-09-11 15:01:44,886 basehttp "GET /privacy/ HTTP/1.1" 200 5800
INFO 2025-09-11 15:01:45,649 basehttp "GET /promocodes/ HTTP/1.1" 200 5128
INFO 2025-09-11 15:01:46,370 basehttp "GET /vacancies/ HTTP/1.1" 200 5594
INFO 2025-09-11 15:01:47,232 basehttp "GET /statistics/ HTTP/1.1" 200 44094
INFO 2025-09-11 15:10:49,872 basehttp "GET /statistics/ HTTP/1.1" 200 44218
INFO 2025-09-11 15:10:49,922 basehttp "GET /static/img/logo1.png HTTP/1.1" 304 0
INFO 2025-09-11 15:10:58,703 basehttp "GET /statistics/ HTTP/1.1" 200 44217
INFO 2025-09-11 15:10:59,665 basehttp "GET /glossary/ HTTP/1.1" 200 5316
INFO 2025-09-11 15:11:02,313 basehttp "GET /glossary/5/ HTTP/1.1" 200 4358
INFO 2025-09-11 15:11:07,242 basehttp "GET /glossary/ HTTP/1.1" 200 5316
INFO 2025-09-11 15:11:08,393 basehttp "GET /glossary/4/ HTTP/1.1" 200 4350
INFO 2025-09-11 15:11:09,389 basehttp "GET /glossary/ HTTP/1.1" 200 5316
INFO 2025-09-11 15:11:10,425 basehttp "GET /glossary/2/ HTTP/1.1" 200 4458
INFO 2025-09-11 15:11:11,267 basehttp "GET /glossary/ HTTP/1.1" 200 5316
INFO 2025-09-11 15:11:21,425 basehttp "GET /admin/ HTTP/1.1" 200 19814
INFO 2025-09-11 15:13:45,418 basehttp "GET /services/ HTTP/1.1" 200 15065
INFO 2025-09-11 15:13:46,449 basehttp "GET /service/53/ HTTP/1.1" 200 6425
ERROR 2025-09-11 15:13:57,179 log Internal Server Error: /service/53/book/
Traceback (most recent call last):
  File "/Users/artem/Desktop/LR5/СosmetologyCenter/venv/lib/python3.13/site-packages/django/core/handlers/exception.py", line 55, in inner
    response = get_response(request)
  File "/Users/artem/Desktop/LR5/СosmetologyCenter/venv/lib/python3.13/site-packages/django/core/handlers/base.py", line 197, in _get_response
    response = wrapped_callback(request, *callback_args, **callback_kwargs)
  File "/Users/artem/Desktop/LR5/СosmetologyCenter/venv/lib/python3.13/site-packages/django/views/generic/base.py", line 104, in view
    return self.dispatch(request, *args, **kwargs)
           ~~~~~~~~~~~~~^^^^^^^^^^^^^^^^^^^^^^^^^^
  File "/Users/artem/Desktop/LR5/СosmetologyCenter/venv/lib/python3.13/site-packages/django/contrib/auth/mixins.py", line 73, in dispatch
    return super().dispatch(request, *args, **kwargs)
           ~~~~~~~~~~~~~~~~^^^^^^^^^^^^^^^^^^^^^^^^^^
  File "/Users/artem/Desktop/LR5/СosmetologyCenter/venv/lib/python3.13/site-packages/django/views/generic/base.py", line 143, in dispatch
    return handler(request, *args, **kwargs)
  File "/Users/artem/Desktop/LR5/СosmetologyCenter/venv/lib/python3.13/site-packages/django/views/generic/edit.py", line 182, in post
    return super().post(request, *args, **kwargs)
           ~~~~~~~~~~~~^^^^^^^^^^^^^^^^^^^^^^^^^^
  File "/Users/artem/Desktop/LR5/СosmetologyCenter/venv/lib/python3.13/site-packages/django/views/generic/edit.py", line 151, in post
    return self.form_valid(form)
           ~~~~~~~~~~~~~~~^^^^^^
  File "/Users/artem/Desktop/LR5/СosmetologyCenter/core/views.py", line 326, in form_valid
    form.instance.client = self.request.user.client
                           ^^^^^^^^^^^^^^^^^^^^^^^^
  File "/Users/artem/Desktop/LR5/СosmetologyCenter/venv/lib/python3.13/site-packages/django/utils/functional.py", line 253, in inner
    return func(_wrapped, *args)
  File "/Users/artem/Desktop/LR5/СosmetologyCenter/venv/lib/python3.13/site-packages/django/db/models/fields/related_descriptors.py", line 531, in __get__
    raise self.RelatedObjectDoesNotExist(
    ...<2 lines>...
    )
django.contrib.auth.models.User.client.RelatedObjectDoesNotExist: User has no client.
ERROR 2025-09-11 15:13:57,188 basehttp "POST /service/53/book/ HTTP/1.1" 500 98712
INFO 2025-09-11 15:14:00,568 basehttp "POST /logout/ HTTP/1.1" 302 0
DEBUG 2025-09-11 15:14:00,571 views Получение последних новостей для главной страницы
INFO 2025-09-11 15:14:00,572 views Начало формирования контекста для главной страницы
DEBUG 2025-09-11 15:14:00,572 views Запрос курсов валют
DEBUG 2025-09-11 15:14:01,092 views Данные о курсах валют успешно получены
INFO 2025-09-11 15:14:01,093 views Контекст для главной страницы успешно сформирован
INFO 2025-09-11 15:14:01,108 basehttp "GET / HTTP/1.1" 200 17605
INFO 2025-09-11 15:14:01,139 basehttp "GET /static/img/banner_1.png HTTP/1.1" 304 0
INFO 2025-09-11 15:14:01,169 basehttp "GET /media/partners/SkinCeuticals.png HTTP/1.1" 200 2448
INFO 2025-09-11 15:14:01,174 basehttp "GET /media/partners/LaRoche-Posay.png HTTP/1.1" 200 3828
INFO 2025-09-11 15:14:01,178 basehttp "GET /media/news/1-GettyImages-73096824-67ee7409bb789_NwYwV8X.webp HTTP/1.1" 200 23108
INFO 2025-09-11 15:14:01,178 basehttp "GET /media/partners/skintech.png HTTP/1.1" 200 3607
INFO 2025-09-11 15:14:01,180 basehttp "GET /media/partners/obagi_logo.jpg HTTP/1.1" 200 53405
INFO 2025-09-11 15:14:01,181 basehttp "GET /media/news/1483444335_0-0-3840-2160_1920x0_80_0_0_d78397da469ce01dd2656c4ccb408168_dfm7Pro.jpg HTTP/1.1" 200 123825
INFO 2025-09-11 15:14:01,184 basehttp "GET /media/news/Screenshot_2025-05-26_at_16.53.50.png HTTP/1.1" 200 983608
INFO 2025-09-11 15:14:02,935 basehttp "GET /accounts/login/ HTTP/1.1" 200 3655
INFO 2025-09-11 15:14:09,489 basehttp "GET /admin/auth/user/ HTTP/1.1" 302 0
INFO 2025-09-11 15:14:09,502 basehttp "GET /admin/login/?next=/admin/auth/user/ HTTP/1.1" 200 4193
INFO 2025-09-11 15:14:25,425 basehttp "POST /admin/login/?next=/admin/auth/user/ HTTP/1.1" 302 0
INFO 2025-09-11 15:14:25,448 basehttp "GET /admin/auth/user/ HTTP/1.1" 200 24152
INFO 2025-09-11 15:14:25,468 basehttp "GET /admin/jsi18n/ HTTP/1.1" 200 3342
INFO 2025-09-11 15:14:29,373 basehttp "GET /admin/auth/user/39/change/ HTTP/1.1" 200 34260
INFO 2025-09-11 15:14:29,393 basehttp "GET /admin/jsi18n/ HTTP/1.1" 200 3342
WARNING 2025-09-11 15:14:47,294 log Forbidden (CSRF token from POST incorrect.): /accounts/login/
WARNING 2025-09-11 15:14:47,295 basehttp "POST /accounts/login/ HTTP/1.1" 403 2503
INFO 2025-09-11 15:14:51,886 basehttp "GET /accounts/login/ HTTP/1.1" 302 0
INFO 2025-09-11 15:14:51,896 basehttp "GET /dashboard/ HTTP/1.1" 302 0
DEBUG 2025-09-11 15:14:51,901 views Получение последних новостей для главной страницы
INFO 2025-09-11 15:14:51,902 views Начало формирования контекста для главной страницы
DEBUG 2025-09-11 15:14:51,903 views Запрос курсов валют
DEBUG 2025-09-11 15:14:52,305 views Данные о курсах валют успешно получены
INFO 2025-09-11 15:14:52,306 views Контекст для главной страницы успешно сформирован
INFO 2025-09-11 15:14:52,321 basehttp "GET / HTTP/1.1" 200 18789
INFO 2025-09-11 15:14:54,716 basehttp "POST /logout/ HTTP/1.1" 302 0
DEBUG 2025-09-11 15:14:54,720 views Получение последних новостей для главной страницы
INFO 2025-09-11 15:14:54,720 views Начало формирования контекста для главной страницы
DEBUG 2025-09-11 15:14:54,720 views Запрос курсов валют
DEBUG 2025-09-11 15:14:55,675 views Данные о курсах валют успешно получены
INFO 2025-09-11 15:14:55,676 views Контекст для главной страницы успешно сформирован
INFO 2025-09-11 15:14:55,686 basehttp "GET / HTTP/1.1" 200 17605
INFO 2025-09-11 15:14:56,821 basehttp "GET /accounts/login/ HTTP/1.1" 200 3655
INFO 2025-09-11 15:15:04,953 basehttp "POST /accounts/login/ HTTP/1.1" 302 0
INFO 2025-09-11 15:15:04,958 basehttp "GET /dashboard/ HTTP/1.1" 302 0
INFO 2025-09-11 15:15:04,964 basehttp "GET /dashboard/client/ HTTP/1.1" 200 7508
INFO 2025-09-11 15:15:09,637 basehttp "GET /update-profile/ HTTP/1.1" 200 5744
DEBUG 2025-09-11 15:15:21,926 views Получение последних новостей для главной страницы
INFO 2025-09-11 15:15:21,926 views Начало формирования контекста для главной страницы
DEBUG 2025-09-11 15:15:21,927 views Запрос курсов валют
DEBUG 2025-09-11 15:15:22,376 views Данные о курсах валют успешно получены
INFO 2025-09-11 15:15:22,376 views Контекст для главной страницы успешно сформирован
INFO 2025-09-11 15:15:22,389 basehttp "GET / HTTP/1.1" 200 18872
INFO 2025-09-11 15:15:24,987 basehttp "GET /glossary/ HTTP/1.1" 200 5607
INFO 2025-09-11 15:15:26,403 basehttp "GET /dashboard/client/ HTTP/1.1" 200 7508
INFO 2025-09-11 15:15:27,698 basehttp "GET /glossary/ HTTP/1.1" 200 5607
INFO 2025-09-11 15:15:28,597 basehttp "GET /dashboard/client/ HTTP/1.1" 200 7508
INFO 2025-09-11 15:15:47,240 basehttp "GET /services/ HTTP/1.1" 200 15356
INFO 2025-09-11 15:15:49,334 basehttp "GET /service/54/ HTTP/1.1" 200 6801
INFO 2025-09-11 15:16:22,342 basehttp "GET /dashboard/client/ HTTP/1.1" 200 7508
INFO 2025-09-11 15:24:20,941 autoreload /Users/artem/Desktop/LR5/СosmetologyCenter/core/models.py changed, reloading.
INFO 2025-09-11 15:24:21,428 autoreload Watching for file changes with StatReloader
INFO 2025-09-11 15:24:22,986 autoreload /Users/artem/Desktop/LR5/СosmetologyCenter/core/models.py changed, reloading.
INFO 2025-09-11 15:24:23,292 autoreload Watching for file changes with StatReloader
INFO 2025-09-11 15:24:29,996 basehttp "GET /admin/ HTTP/1.1" 302 0
INFO 2025-09-11 15:24:30,018 basehttp "GET /admin/login/?next=/admin/ HTTP/1.1" 200 3689
INFO 2025-09-11 15:24:45,061 basehttp "POST /admin/login/?next=/admin/ HTTP/1.1" 302 0
INFO 2025-09-11 15:24:45,078 basehttp "GET /admin/ HTTP/1.1" 200 19814
INFO 2025-09-11 15:24:47,438 basehttp "GET /admin/core/appointment/ HTTP/1.1" 200 20186
INFO 2025-09-11 15:24:47,457 basehttp "GET /admin/jsi18n/ HTTP/1.1" 200 3342
INFO 2025-09-11 15:24:51,570 basehttp "GET /admin/ HTTP/1.1" 200 19814
INFO 2025-09-11 15:25:02,516 basehttp "GET /admin/core/appointment/ HTTP/1.1" 200 20186
INFO 2025-09-11 15:25:02,533 basehttp "GET /admin/jsi18n/ HTTP/1.1" 200 3342
INFO 2025-09-11 15:25:03,992 basehttp "GET /admin/core/appointment/49/change/ HTTP/1.1" 200 24026
INFO 2025-09-11 15:25:04,009 basehttp "GET /admin/jsi18n/ HTTP/1.1" 200 3342
INFO 2025-09-11 16:15:48,401 autoreload Watching for file changes with StatReloader
DEBUG 2025-09-11 16:15:51,127 views Получение последних новостей для главной страницы
INFO 2025-09-11 16:15:51,127 views Начало формирования контекста для главной страницы
DEBUG 2025-09-11 16:15:51,128 views Запрос курсов валют
DEBUG 2025-09-11 16:15:51,513 views Данные о курсах валют успешно получены
INFO 2025-09-11 16:15:51,514 views Контекст для главной страницы успешно сформирован
INFO 2025-09-11 16:15:51,553 basehttp "GET / HTTP/1.1" 200 18789
INFO 2025-09-11 16:15:51,591 basehttp "GET /static/img/banner_2.png HTTP/1.1" 304 0
INFO 2025-09-11 16:15:51,593 basehttp "GET /static/img/logo1.png HTTP/1.1" 304 0
INFO 2025-09-11 16:15:51,594 basehttp "GET /static/img/banner_1.png HTTP/1.1" 304 0
INFO 2025-09-11 16:15:51,594 basehttp "GET /static/img/banner_3.png HTTP/1.1" 304 0
INFO 2025-09-11 16:15:51,614 basehttp "GET /media/partners/LaRoche-Posay.png HTTP/1.1" 200 3828
INFO 2025-09-11 16:15:51,615 basehttp "GET /media/news/1-GettyImages-73096824-67ee7409bb789_NwYwV8X.webp HTTP/1.1" 200 23108
INFO 2025-09-11 16:15:51,618 basehttp "GET /media/partners/SkinCeuticals.png HTTP/1.1" 200 2448
INFO 2025-09-11 16:15:51,621 basehttp "GET /media/partners/skintech.png HTTP/1.1" 200 3607
INFO 2025-09-11 16:15:51,622 basehttp "GET /media/news/1483444335_0-0-3840-2160_1920x0_80_0_0_d78397da469ce01dd2656c4ccb408168_dfm7Pro.jpg HTTP/1.1" 200 123825
INFO 2025-09-11 16:15:51,624 basehttp "GET /media/partners/obagi_logo.jpg HTTP/1.1" 200 53405
INFO 2025-09-11 16:15:51,627 basehttp "GET /media/news/Screenshot_2025-05-26_at_16.53.50.png HTTP/1.1" 200 983608
DEBUG 2025-09-11 16:16:04,487 views Получение последних новостей для главной страницы
INFO 2025-09-11 16:16:04,487 views Начало формирования контекста для главной страницы
DEBUG 2025-09-11 16:16:04,488 views Запрос курсов валют
DEBUG 2025-09-11 16:16:04,731 views Данные о курсах валют успешно получены
INFO 2025-09-11 16:16:04,732 views Контекст для главной страницы успешно сформирован
INFO 2025-09-11 16:16:04,747 basehttp "GET / HTTP/1.1" 200 18789
INFO 2025-09-11 16:16:07,500 basehttp "GET /services/ HTTP/1.1" 200 15065
INFO 2025-09-11 16:16:08,285 basehttp "GET /about/ HTTP/1.1" 200 6348
INFO 2025-09-11 16:16:08,299 basehttp "GET /media/company/logo1.png HTTP/1.1" 200 1055654
INFO 2025-09-11 16:16:09,402 basehttp "GET /doctors/ HTTP/1.1" 200 14264
INFO 2025-09-11 16:16:09,436 basehttp "GET /media/doctors/360_F_118225354_9E9LrO7Y8YHqpoV7jCiSnygQAD4LyJAx.jpg HTTP/1.1" 200 25942
INFO 2025-09-11 16:16:09,437 basehttp "GET /media/doctors/2d394f680c1bf633d300eee67dd58b90.jpg HTTP/1.1" 200 24328
INFO 2025-09-11 16:16:09,446 basehttp "GET /media/doctors/Screenshot_2025-05-26_at_23.51.08.png HTTP/1.1" 200 289583
INFO 2025-09-11 16:16:09,466 basehttp "GET /media/doctors/Screenshot_2025-05-26_at_23.50.23.png HTTP/1.1" 200 342535
INFO 2025-09-11 16:16:09,471 basehttp "GET /media/doctors/Screenshot_2025-05-26_at_23.50.42.png HTTP/1.1" 200 663399
INFO 2025-09-11 16:16:09,474 basehttp "GET /media/doctors/Screenshot_2025-05-26_at_23.51.39.png HTTP/1.1" 200 945687
INFO 2025-09-11 16:16:09,475 basehttp "GET /media/employees/Screenshot_2025-05-27_at_00.07.15.png HTTP/1.1" 200 989257
INFO 2025-09-11 16:42:22,524 autoreload Watching for file changes with StatReloader
INFO 2025-09-11 16:42:25,656 basehttp "GET /admin/core/ HTTP/1.1" 200 14463
INFO 2025-09-11 16:43:41,651 basehttp "GET /admin/core/companyinfo/ HTTP/1.1" 200 16747
INFO 2025-09-11 16:43:41,677 basehttp "GET /admin/jsi18n/ HTTP/1.1" 200 3342
INFO 2025-09-11 16:43:43,492 basehttp "GET /admin/core/companyinfo/1/change/ HTTP/1.1" 200 24085
INFO 2025-09-11 16:43:43,507 basehttp "GET /admin/jsi18n/ HTTP/1.1" 200 3342
INFO 2025-09-11 16:45:52,254 basehttp "POST /admin/core/companyinfo/1/change/ HTTP/1.1" 302 0
INFO 2025-09-11 16:45:52,272 basehttp "GET /admin/core/companyinfo/ HTTP/1.1" 200 17037
INFO 2025-09-11 16:45:52,308 basehttp "GET /admin/jsi18n/ HTTP/1.1" 200 3342
INFO 2025-09-11 16:45:56,288 basehttp "GET /about/ HTTP/1.1" 200 6547
INFO 2025-09-11 16:45:56,317 basehttp "GET /media/company/logo1.png HTTP/1.1" 304 0
INFO 2025-09-11 16:46:35,619 basehttp "GET /admin/core/companyinfo/1/change/ HTTP/1.1" 200 24296
INFO 2025-09-11 16:46:35,642 basehttp "GET /admin/jsi18n/ HTTP/1.1" 200 3342
INFO 2025-09-11 16:49:11,596 basehttp "POST /admin/core/companyinfo/1/change/ HTTP/1.1" 302 0
INFO 2025-09-11 16:49:11,608 basehttp "GET /admin/core/companyinfo/ HTTP/1.1" 200 17037
INFO 2025-09-11 16:49:11,654 basehttp "GET /admin/jsi18n/ HTTP/1.1" 200 3342
INFO 2025-09-11 16:49:15,218 basehttp "GET /about/ HTTP/1.1" 200 6560
WARNING 2025-09-11 16:49:28,702 log Not Found: /favicon.ico
WARNING 2025-09-11 16:49:28,702 basehttp "GET /favicon.ico HTTP/1.1" 404 10965
DEBUG 2025-09-11 16:49:39,692 views Получение последних новостей для главной страницы
INFO 2025-09-11 16:49:39,692 views Начало формирования контекста для главной страницы
DEBUG 2025-09-11 16:49:39,692 views Запрос курсов валют
DEBUG 2025-09-11 16:49:40,031 views Данные о курсах валют успешно получены
INFO 2025-09-11 16:49:40,033 views Контекст для главной страницы успешно сформирован
INFO 2025-09-11 16:49:40,050 basehttp "GET / HTTP/1.1" 200 18789
INFO 2025-09-11 16:49:40,083 basehttp "GET /static/img/banner_2.png HTTP/1.1" 304 0
INFO 2025-09-11 16:49:40,085 basehttp "GET /static/img/banner_1.png HTTP/1.1" 304 0
INFO 2025-09-11 16:49:40,096 basehttp "GET /static/img/banner_3.png HTTP/1.1" 304 0
INFO 2025-09-11 17:02:29,883 basehttp "GET /services/ HTTP/1.1" 200 15065
INFO 2025-09-11 17:02:29,916 basehttp "GET /static/img/logo1.png HTTP/1.1" 304 0
INFO 2025-09-11 17:02:31,564 basehttp "GET /service/53/ HTTP/1.1" 200 6425
INFO 2025-09-11 17:02:34,425 basehttp "GET /statistics/ HTTP/1.1" 200 44217
INFO 2025-09-11 17:02:35,847 basehttp "GET /glossary/ HTTP/1.1" 200 5316
INFO 2025-09-11 17:02:37,748 basehttp "GET /glossary/5/ HTTP/1.1" 200 4358
INFO 2025-09-11 17:02:39,394 basehttp "GET /glossary/ HTTP/1.1" 200 5316
INFO 2025-09-11 17:02:40,977 basehttp "GET /vacancies/ HTTP/1.1" 200 5717
INFO 2025-09-11 17:02:41,873 basehttp "GET /promocodes/ HTTP/1.1" 200 5251
INFO 2025-09-11 17:02:42,978 basehttp "GET /privacy/ HTTP/1.1" 200 5923
INFO 2025-09-11 17:02:43,945 basehttp "GET /doctors/ HTTP/1.1" 200 14264
INFO 2025-09-11 17:02:44,830 basehttp "GET /services/ HTTP/1.1" 200 15065
INFO 2025-09-11 17:02:45,788 basehttp "GET /about/ HTTP/1.1" 200 6560
INFO 2025-09-11 17:02:45,802 basehttp "GET /media/company/logo1.png HTTP/1.1" 304 0
INFO 2025-09-11 17:02:46,541 basehttp "GET /set-timezone/ HTTP/1.1" 200 39643
INFO 2025-09-11 17:02:47,547 basehttp "GET /services/ HTTP/1.1" 200 15065
INFO 2025-09-11 17:02:48,471 basehttp "GET /about/ HTTP/1.1" 200 6560
INFO 2025-09-11 17:02:51,048 basehttp "GET /about/ HTTP/1.1" 200 6560
INFO 2025-09-11 17:08:05,453 basehttp "GET /doctors/ HTTP/1.1" 200 14264
INFO 2025-09-11 17:08:07,716 basehttp "GET /services/ HTTP/1.1" 200 15065
INFO 2025-09-11 17:08:08,819 basehttp "GET /service/53/ HTTP/1.1" 200 6425
INFO 2025-09-11 17:25:46,906 autoreload Watching for file changes with StatReloader
INFO 2025-09-11 17:25:52,190 basehttp "GET /admin/core/companyinfo/ HTTP/1.1" 200 16747
INFO 2025-09-11 17:25:52,236 basehttp "GET /admin/jsi18n/ HTTP/1.1" 200 3342
INFO 2025-09-11 17:25:54,433 basehttp "GET /service/53/ HTTP/1.1" 200 6425
INFO 2025-09-11 17:25:56,037 basehttp "GET /set-timezone/ HTTP/1.1" 200 39643
INFO 2025-09-11 17:25:57,561 basehttp "GET /about/ HTTP/1.1" 200 6560
INFO 2025-09-11 17:25:57,585 basehttp "GET /media/company/logo1.png HTTP/1.1" 304 0
INFO 2025-09-16 13:02:01,101 autoreload Watching for file changes with StatReloader
DEBUG 2025-09-16 13:02:17,042 views Получение последних новостей для главной страницы
INFO 2025-09-16 13:02:17,043 views Начало формирования контекста для главной страницы
DEBUG 2025-09-16 13:02:17,043 views Запрос курсов валют
DEBUG 2025-09-16 13:02:17,958 views Данные о курсах валют успешно получены
INFO 2025-09-16 13:02:17,959 views Контекст для главной страницы успешно сформирован
INFO 2025-09-16 13:02:17,980 basehttp "GET / HTTP/1.1" 200 18789
INFO 2025-09-16 13:02:18,002 basehttp "GET /static/img/banner_2.png HTTP/1.1" 304 0
INFO 2025-09-16 13:02:18,002 basehttp "GET /static/img/logo1.png HTTP/1.1" 304 0
INFO 2025-09-16 13:02:18,003 basehttp "GET /static/img/banner_1.png HTTP/1.1" 304 0
INFO 2025-09-16 13:02:18,004 basehttp "GET /static/img/banner_3.png HTTP/1.1" 304 0
INFO 2025-09-16 13:02:18,012 basehttp "GET /media/partners/skintech.png HTTP/1.1" 304 0
INFO 2025-09-16 13:02:18,015 basehttp "GET /media/partners/LaRoche-Posay.png HTTP/1.1" 304 0
INFO 2025-09-16 13:02:18,015 basehttp "GET /media/partners/obagi_logo.jpg HTTP/1.1" 304 0
INFO 2025-09-16 13:02:18,015 basehttp "GET /media/partners/SkinCeuticals.png HTTP/1.1" 304 0
WARNING 2025-09-16 13:02:18,124 log Not Found: /favicon.ico
WARNING 2025-09-16 13:02:18,124 basehttp "GET /favicon.ico HTTP/1.1" 404 10965
DEBUG 2025-09-16 13:02:28,735 views Получение последних новостей для главной страницы
INFO 2025-09-16 13:02:28,736 views Начало формирования контекста для главной страницы
DEBUG 2025-09-16 13:02:28,736 views Запрос курсов валют
DEBUG 2025-09-16 13:02:29,669 views Данные о курсах валют успешно получены
INFO 2025-09-16 13:02:29,670 views Контекст для главной страницы успешно сформирован
INFO 2025-09-16 13:02:29,680 basehttp "GET / HTTP/1.1" 200 18789
INFO 2025-09-16 13:02:31,052 basehttp "GET /about/ HTTP/1.1" 200 6560
INFO 2025-09-16 13:02:31,067 basehttp "GET /media/company/logo1.png HTTP/1.1" 304 0
INFO 2025-09-16 13:02:35,792 basehttp "GET /doctors/ HTTP/1.1" 200 14264
INFO 2025-09-16 13:02:59,343 basehttp "GET /admin/ HTTP/1.1" 200 19984
INFO 2025-09-16 13:05:06,276 autoreload Watching for file changes with StatReloader
INFO 2025-09-16 13:05:12,095 basehttp "GET /services/ HTTP/1.1" 200 15065
INFO 2025-09-16 13:05:13,267 basehttp "GET /service/53/ HTTP/1.1" 200 6425
INFO 2025-09-16 13:05:18,021 basehttp "GET /doctors/ HTTP/1.1" 200 14264
INFO 2025-09-16 13:05:18,883 basehttp "GET /services/ HTTP/1.1" 200 15065
INFO 2025-09-16 13:05:20,415 basehttp "GET /service/53/ HTTP/1.1" 200 6425
INFO 2025-09-16 13:05:25,150 basehttp "GET /services/ HTTP/1.1" 200 15065
INFO 2025-09-16 13:05:26,498 basehttp "GET /service/54/ HTTP/1.1" 200 6510
INFO 2025-09-16 13:05:27,884 basehttp "GET /services/ HTTP/1.1" 200 15065
INFO 2025-09-16 13:05:30,113 basehttp "GET /service/62/ HTTP/1.1" 200 6278
INFO 2025-09-16 13:05:31,482 basehttp "GET /services/ HTTP/1.1" 200 15065
INFO 2025-09-16 13:05:36,826 basehttp "GET /services/?page=2 HTTP/1.1" 200 8124
INFO 2025-09-16 13:05:39,768 basehttp "GET /service/63/ HTTP/1.1" 200 6190
INFO 2025-09-16 13:23:41,583 basehttp "POST /logout/ HTTP/1.1" 302 0
DEBUG 2025-09-16 13:23:41,586 views Получение последних новостей для главной страницы
INFO 2025-09-16 13:23:41,586 views Начало формирования контекста для главной страницы
DEBUG 2025-09-16 13:23:41,589 views Запрос курсов валют
DEBUG 2025-09-16 13:23:41,990 views Данные о курсах валют успешно получены
INFO 2025-09-16 13:23:41,991 views Контекст для главной страницы успешно сформирован
INFO 2025-09-16 13:23:42,004 basehttp "GET / HTTP/1.1" 200 17605
INFO 2025-09-16 13:23:42,065 basehttp "GET /media/partners/LaRoche-Posay.png HTTP/1.1" 200 3828
INFO 2025-09-16 13:23:42,066 basehttp "GET /media/partners/SkinCeuticals.png HTTP/1.1" 200 2448
INFO 2025-09-16 13:23:42,067 basehttp "GET /media/partners/skintech.png HTTP/1.1" 200 3607
INFO 2025-09-16 13:23:42,068 basehttp "GET /media/news/1-GettyImages-73096824-67ee7409bb789_NwYwV8X.webp HTTP/1.1" 200 23108
INFO 2025-09-16 13:23:42,071 basehttp "GET /media/news/1483444335_0-0-3840-2160_1920x0_80_0_0_d78397da469ce01dd2656c4ccb408168_dfm7Pro.jpg HTTP/1.1" 200 123825
INFO 2025-09-16 13:23:42,073 basehttp "GET /media/partners/obagi_logo.jpg HTTP/1.1" 200 53405
INFO 2025-09-16 13:23:42,076 basehttp "GET /media/news/Screenshot_2025-05-26_at_16.53.50.png HTTP/1.1" 200 983608
INFO 2025-09-16 13:23:43,340 basehttp "GET /accounts/login/ HTTP/1.1" 200 3655
INFO 2025-09-16 13:23:53,119 basehttp "GET /admin/auth/user/ HTTP/1.1" 302 0
INFO 2025-09-16 13:23:53,132 basehttp "GET /admin/login/?next=/admin/auth/user/ HTTP/1.1" 200 4193
INFO 2025-09-16 13:24:16,804 basehttp "POST /admin/login/?next=/admin/auth/user/ HTTP/1.1" 302 0
INFO 2025-09-16 13:24:16,831 basehttp "GET /admin/auth/user/ HTTP/1.1" 200 24152
INFO 2025-09-16 13:24:16,867 basehttp "GET /admin/jsi18n/ HTTP/1.1" 200 3342
INFO 2025-09-16 13:24:23,122 basehttp "GET /admin/auth/user/39/change/ HTTP/1.1" 200 34260
INFO 2025-09-16 13:24:23,143 basehttp "GET /admin/jsi18n/ HTTP/1.1" 200 3342
WARNING 2025-09-16 13:24:36,135 log Forbidden (CSRF token from POST incorrect.): /accounts/login/
WARNING 2025-09-16 13:24:36,136 basehttp "POST /accounts/login/ HTTP/1.1" 403 2503
WARNING 2025-09-16 13:24:40,805 log Forbidden (CSRF token from POST incorrect.): /accounts/login/
WARNING 2025-09-16 13:24:40,805 basehttp "POST /accounts/login/ HTTP/1.1" 403 2503
WARNING 2025-09-16 13:24:43,987 log Forbidden (CSRF token from POST incorrect.): /accounts/login/
WARNING 2025-09-16 13:24:43,987 basehttp "POST /accounts/login/ HTTP/1.1" 403 2503
INFO 2025-09-16 13:24:45,355 basehttp "GET /accounts/login/ HTTP/1.1" 302 0
INFO 2025-09-16 13:24:45,364 basehttp "GET /dashboard/ HTTP/1.1" 302 0
DEBUG 2025-09-16 13:24:45,368 views Получение последних новостей для главной страницы
INFO 2025-09-16 13:24:45,369 views Начало формирования контекста для главной страницы
DEBUG 2025-09-16 13:24:45,369 views Запрос курсов валют
DEBUG 2025-09-16 13:24:45,758 views Данные о курсах валют успешно получены
INFO 2025-09-16 13:24:45,759 views Контекст для главной страницы успешно сформирован
INFO 2025-09-16 13:24:45,774 basehttp "GET / HTTP/1.1" 200 18789
INFO 2025-09-16 13:24:45,809 basehttp "GET /media/news/1-GettyImages-73096824-67ee7409bb789_NwYwV8X.webp HTTP/1.1" 200 23108
INFO 2025-09-16 13:24:45,818 basehttp "GET /media/partners/skintech.png HTTP/1.1" 200 3607
INFO 2025-09-16 13:24:45,830 basehttp "GET /media/partners/SkinCeuticals.png HTTP/1.1" 200 2448
INFO 2025-09-16 13:24:45,831 basehttp "GET /media/partners/LaRoche-Posay.png HTTP/1.1" 200 3828
INFO 2025-09-16 13:24:45,835 basehttp "GET /media/partners/obagi_logo.jpg HTTP/1.1" 200 53405
INFO 2025-09-16 13:24:45,836 basehttp "GET /media/news/1483444335_0-0-3840-2160_1920x0_80_0_0_d78397da469ce01dd2656c4ccb408168_dfm7Pro.jpg HTTP/1.1" 200 123825
INFO 2025-09-16 13:24:45,841 basehttp "GET /media/news/Screenshot_2025-05-26_at_16.53.50.png HTTP/1.1" 200 983608
INFO 2025-09-16 13:24:48,396 basehttp "POST /logout/ HTTP/1.1" 302 0
DEBUG 2025-09-16 13:24:48,399 views Получение последних новостей для главной страницы
INFO 2025-09-16 13:24:48,399 views Начало формирования контекста для главной страницы
DEBUG 2025-09-16 13:24:48,399 views Запрос курсов валют
DEBUG 2025-09-16 13:24:48,805 views Данные о курсах валют успешно получены
INFO 2025-09-16 13:24:48,806 views Контекст для главной страницы успешно сформирован
INFO 2025-09-16 13:24:48,814 basehttp "GET / HTTP/1.1" 200 17605
INFO 2025-09-16 13:24:49,771 basehttp "GET /accounts/login/ HTTP/1.1" 200 3655
INFO 2025-09-16 13:24:57,964 basehttp "POST /accounts/login/ HTTP/1.1" 200 3814
INFO 2025-09-16 13:25:04,845 basehttp "POST /accounts/login/ HTTP/1.1" 200 3814
INFO 2025-09-16 13:25:28,964 basehttp "POST /accounts/login/ HTTP/1.1" 200 3813
INFO 2025-09-16 13:25:56,998 basehttp "POST /accounts/login/ HTTP/1.1" 200 3814
INFO 2025-09-16 13:26:01,576 basehttp "POST /accounts/login/ HTTP/1.1" 200 3814
INFO 2025-09-16 13:26:07,712 basehttp "POST /accounts/login/ HTTP/1.1" 200 3814
INFO 2025-09-16 13:26:10,155 basehttp "GET /admin/auth/user/39/password/ HTTP/1.1" 302 0
INFO 2025-09-16 13:26:10,163 basehttp "GET /admin/login/?next=/admin/auth/user/39/password/ HTTP/1.1" 200 4217
INFO 2025-09-16 13:26:22,325 basehttp "POST /admin/login/?next=/admin/auth/user/39/password/ HTTP/1.1" 302 0
INFO 2025-09-16 13:26:22,346 basehttp "GET /admin/auth/user/39/password/ HTTP/1.1" 200 16205
INFO 2025-09-16 13:26:50,871 basehttp "POST /admin/auth/user/39/password/ HTTP/1.1" 302 0
INFO 2025-09-16 13:26:50,889 basehttp "GET /admin/auth/user/39/change/ HTTP/1.1" 200 34396
INFO 2025-09-16 13:26:50,900 basehttp "GET /admin/jsi18n/ HTTP/1.1" 200 3342
WARNING 2025-09-16 13:27:01,308 log Forbidden (CSRF token from POST incorrect.): /accounts/login/
WARNING 2025-09-16 13:27:01,309 basehttp "POST /accounts/login/ HTTP/1.1" 403 2503
INFO 2025-09-16 13:27:43,053 autoreload Watching for file changes with StatReloader
WARNING 2025-09-16 13:27:47,621 log Forbidden (CSRF token from POST incorrect.): /accounts/login/
WARNING 2025-09-16 13:27:47,621 basehttp "POST /accounts/login/ HTTP/1.1" 403 2503
DEBUG 2025-09-16 13:27:54,043 views Получение последних новостей для главной страницы
INFO 2025-09-16 13:27:54,043 views Начало формирования контекста для главной страницы
DEBUG 2025-09-16 13:27:54,044 views Запрос курсов валют
DEBUG 2025-09-16 13:27:54,733 views Данные о курсах валют успешно получены
INFO 2025-09-16 13:27:54,734 views Контекст для главной страницы успешно сформирован
INFO 2025-09-16 13:27:54,771 basehttp "GET / HTTP/1.1" 200 18789
INFO 2025-09-16 13:27:54,828 basehttp "GET /media/news/1-GettyImages-73096824-67ee7409bb789_NwYwV8X.webp HTTP/1.1" 200 23108
INFO 2025-09-16 13:27:54,829 basehttp "GET /media/partners/LaRoche-Posay.png HTTP/1.1" 200 3828
INFO 2025-09-16 13:27:54,830 basehttp "GET /media/partners/skintech.png HTTP/1.1" 200 3607
INFO 2025-09-16 13:27:54,832 basehttp "GET /media/partners/SkinCeuticals.png HTTP/1.1" 200 2448
INFO 2025-09-16 13:27:54,836 basehttp "GET /media/news/1483444335_0-0-3840-2160_1920x0_80_0_0_d78397da469ce01dd2656c4ccb408168_dfm7Pro.jpg HTTP/1.1" 200 123825
INFO 2025-09-16 13:27:54,839 basehttp "GET /media/partners/obagi_logo.jpg HTTP/1.1" 200 53405
INFO 2025-09-16 13:27:54,845 basehttp "GET /media/news/Screenshot_2025-05-26_at_16.53.50.png HTTP/1.1" 200 983608
INFO 2025-09-16 13:28:00,466 basehttp "POST /logout/ HTTP/1.1" 302 0
DEBUG 2025-09-16 13:28:00,469 views Получение последних новостей для главной страницы
INFO 2025-09-16 13:28:00,469 views Начало формирования контекста для главной страницы
DEBUG 2025-09-16 13:28:00,470 views Запрос курсов валют
DEBUG 2025-09-16 13:28:00,863 views Данные о курсах валют успешно получены
INFO 2025-09-16 13:28:00,864 views Контекст для главной страницы успешно сформирован
INFO 2025-09-16 13:28:00,876 basehttp "GET / HTTP/1.1" 200 17605
INFO 2025-09-16 13:28:02,220 basehttp "GET /accounts/login/ HTTP/1.1" 200 3655
INFO 2025-09-16 13:28:03,460 basehttp "GET /signup/ HTTP/1.1" 200 5503
INFO 2025-09-16 13:29:06,094 basehttp "POST /signup/ HTTP/1.1" 200 5841
INFO 2025-09-16 13:29:25,896 basehttp "POST /signup/ HTTP/1.1" 302 0
INFO 2025-09-16 13:29:25,902 basehttp "GET /dashboard/ HTTP/1.1" 302 0
DEBUG 2025-09-16 13:29:25,905 views Получение последних новостей для главной страницы
INFO 2025-09-16 13:29:25,905 views Начало формирования контекста для главной страницы
DEBUG 2025-09-16 13:29:25,906 views Запрос курсов валют
DEBUG 2025-09-16 13:29:26,283 views Данные о курсах валют успешно получены
INFO 2025-09-16 13:29:26,284 views Контекст для главной страницы успешно сформирован
INFO 2025-09-16 13:29:26,291 basehttp "GET / HTTP/1.1" 200 17605
INFO 2025-09-16 13:29:31,911 basehttp "GET /admin/auth/user/39/change/ HTTP/1.1" 302 0
INFO 2025-09-16 13:29:31,925 basehttp "GET /admin/login/?next=/admin/auth/user/39/change/ HTTP/1.1" 200 4213
INFO 2025-09-16 13:29:41,566 basehttp "POST /admin/login/?next=/admin/auth/user/39/change/ HTTP/1.1" 302 0
INFO 2025-09-16 13:29:41,593 basehttp "GET /admin/auth/user/39/change/ HTTP/1.1" 200 34260
INFO 2025-09-16 13:29:41,610 basehttp "GET /admin/jsi18n/ HTTP/1.1" 200 3342
INFO 2025-09-16 13:29:44,701 basehttp "GET /admin/auth/user/ HTTP/1.1" 200 24568
INFO 2025-09-16 13:29:44,717 basehttp "GET /admin/jsi18n/ HTTP/1.1" 200 3342
INFO 2025-09-16 13:29:47,961 basehttp "GET /admin/auth/user/41/change/ HTTP/1.1" 200 34256
INFO 2025-09-16 13:29:47,975 basehttp "GET /admin/jsi18n/ HTTP/1.1" 200 3342
INFO 2025-09-16 13:29:54,167 basehttp "GET /accounts/login/ HTTP/1.1" 302 0
INFO 2025-09-16 13:29:54,174 basehttp "GET /dashboard/ HTTP/1.1" 302 0
DEBUG 2025-09-16 13:29:54,178 views Получение последних новостей для главной страницы
INFO 2025-09-16 13:29:54,178 views Начало формирования контекста для главной страницы
DEBUG 2025-09-16 13:29:54,179 views Запрос курсов валют
DEBUG 2025-09-16 13:29:54,577 views Данные о курсах валют успешно получены
INFO 2025-09-16 13:29:54,577 views Контекст для главной страницы успешно сформирован
INFO 2025-09-16 13:29:54,592 basehttp "GET / HTTP/1.1" 200 18789
INFO 2025-09-16 13:29:57,122 basehttp "POST /logout/ HTTP/1.1" 302 0
DEBUG 2025-09-16 13:29:57,124 views Получение последних новостей для главной страницы
INFO 2025-09-16 13:29:57,124 views Начало формирования контекста для главной страницы
DEBUG 2025-09-16 13:29:57,125 views Запрос курсов валют
DEBUG 2025-09-16 13:29:57,943 views Данные о курсах валют успешно получены
INFO 2025-09-16 13:29:57,944 views Контекст для главной страницы успешно сформирован
INFO 2025-09-16 13:29:57,955 basehttp "GET / HTTP/1.1" 200 17605
INFO 2025-09-16 13:29:58,950 basehttp "GET /accounts/login/ HTTP/1.1" 200 3655
INFO 2025-09-16 13:30:13,190 basehttp "POST /accounts/login/ HTTP/1.1" 302 0
INFO 2025-09-16 13:30:13,195 basehttp "GET /dashboard/ HTTP/1.1" 302 0
INFO 2025-09-16 13:30:13,199 basehttp "GET /dashboard/client/ HTTP/1.1" 200 5908
DEBUG 2025-09-16 13:30:17,598 views Получение последних новостей для главной страницы
INFO 2025-09-16 13:30:17,598 views Начало формирования контекста для главной страницы
DEBUG 2025-09-16 13:30:17,599 views Запрос курсов валют
INFO 2025-09-16 13:30:18,982 basehttp "GET /about/ HTTP/1.1" 200 6851
INFO 2025-09-16 13:30:19,007 basehttp "GET /media/company/logo1.png HTTP/1.1" 200 1055654
DEBUG 2025-09-16 13:30:19,277 views Данные о курсах валют успешно получены
INFO 2025-09-16 13:30:19,278 views Контекст для главной страницы успешно сформирован
INFO 2025-09-16 13:30:19,281 basehttp "GET / HTTP/1.1" 200 18872
INFO 2025-09-16 13:30:19,282 basehttp - Broken pipe from ('127.0.0.1', 49589)
DEBUG 2025-09-16 13:30:20,754 views Получение последних новостей для главной страницы
INFO 2025-09-16 13:30:20,754 views Начало формирования контекста для главной страницы
DEBUG 2025-09-16 13:30:20,755 views Запрос курсов валют
DEBUG 2025-09-16 13:30:21,487 views Данные о курсах валют успешно получены
INFO 2025-09-16 13:30:21,488 views Контекст для главной страницы успешно сформирован
INFO 2025-09-16 13:30:21,501 basehttp "GET / HTTP/1.1" 200 18872
INFO 2025-09-16 13:30:22,977 basehttp "GET /doctors/ HTTP/1.1" 200 14555
INFO 2025-09-16 13:30:23,015 basehttp "GET /media/doctors/2d394f680c1bf633d300eee67dd58b90.jpg HTTP/1.1" 200 24328
INFO 2025-09-16 13:30:23,016 basehttp "GET /media/doctors/Screenshot_2025-05-26_at_23.51.08.png HTTP/1.1" 200 289583
INFO 2025-09-16 13:30:23,017 basehttp "GET /media/doctors/360_F_118225354_9E9LrO7Y8YHqpoV7jCiSnygQAD4LyJAx.jpg HTTP/1.1" 200 25942
INFO 2025-09-16 13:30:23,033 basehttp "GET /media/doctors/Screenshot_2025-05-26_at_23.50.42.png HTTP/1.1" 200 663399
INFO 2025-09-16 13:30:23,036 basehttp "GET /media/doctors/Screenshot_2025-05-26_at_23.50.23.png HTTP/1.1" 200 342535
INFO 2025-09-16 13:30:23,038 basehttp "GET /media/doctors/Screenshot_2025-05-26_at_23.51.39.png HTTP/1.1" 200 945687
INFO 2025-09-16 13:30:23,041 basehttp "GET /media/employees/Screenshot_2025-05-27_at_00.07.15.png HTTP/1.1" 200 989257
INFO 2025-09-16 13:30:23,931 basehttp "GET /promocodes/ HTTP/1.1" 200 5542
INFO 2025-09-16 13:30:30,687 basehttp "GET /promocodes/ HTTP/1.1" 200 5542
INFO 2025-09-16 13:30:31,808 basehttp "GET /vacancies/ HTTP/1.1" 200 6008
INFO 2025-09-16 13:30:33,088 basehttp "GET /statistics/ HTTP/1.1" 200 44797
INFO 2025-09-16 13:30:34,357 basehttp "GET /glossary/ HTTP/1.1" 200 5607
INFO 2025-09-16 13:30:36,990 basehttp "GET /glossary/5/ HTTP/1.1" 200 4649
INFO 2025-09-16 13:30:38,254 basehttp "GET /glossary/ HTTP/1.1" 200 5607
INFO 2025-09-16 13:30:39,574 basehttp "GET /doctors/ HTTP/1.1" 200 14555
INFO 2025-09-16 13:30:40,642 basehttp "GET /services/ HTTP/1.1" 200 15356
INFO 2025-09-16 13:30:42,069 basehttp "GET /privacy/ HTTP/1.1" 200 6214
INFO 2025-09-16 13:30:44,942 basehttp "GET /services/ HTTP/1.1" 200 15356
INFO 2025-09-16 13:30:45,958 basehttp "GET /service/53/ HTTP/1.1" 200 6716
INFO 2025-09-16 13:31:03,244 basehttp "POST /service/53/book/ HTTP/1.1" 302 0
INFO 2025-09-16 13:31:03,253 basehttp "GET /dashboard/client/ HTTP/1.1" 200 7508
INFO 2025-09-16 13:31:07,458 basehttp "GET /update-profile/ HTTP/1.1" 200 5743
INFO 2025-09-16 13:31:09,922 basehttp "GET /dashboard/client/ HTTP/1.1" 200 7508
INFO 2025-09-16 13:31:27,328 basehttp "POST /logout/ HTTP/1.1" 302 0
DEBUG 2025-09-16 13:31:27,330 views Получение последних новостей для главной страницы
INFO 2025-09-16 13:31:27,331 views Начало формирования контекста для главной страницы
DEBUG 2025-09-16 13:31:27,331 views Запрос курсов валют
DEBUG 2025-09-16 13:31:28,018 views Данные о курсах валют успешно получены
INFO 2025-09-16 13:31:28,018 views Контекст для главной страницы успешно сформирован
INFO 2025-09-16 13:31:28,029 basehttp "GET / HTTP/1.1" 200 17605
INFO 2025-09-16 13:31:28,064 basehttp "GET /media/news/1-GettyImages-73096824-67ee7409bb789_NwYwV8X.webp HTTP/1.1" 200 23108
INFO 2025-09-16 13:31:28,073 basehttp "GET /media/partners/LaRoche-Posay.png HTTP/1.1" 200 3828
INFO 2025-09-16 13:31:28,075 basehttp "GET /media/partners/skintech.png HTTP/1.1" 200 3607
INFO 2025-09-16 13:31:28,077 basehttp "GET /media/partners/SkinCeuticals.png HTTP/1.1" 200 2448
INFO 2025-09-16 13:31:28,080 basehttp "GET /media/news/1483444335_0-0-3840-2160_1920x0_80_0_0_d78397da469ce01dd2656c4ccb408168_dfm7Pro.jpg HTTP/1.1" 200 123825
INFO 2025-09-16 13:31:28,084 basehttp "GET /media/partners/obagi_logo.jpg HTTP/1.1" 200 53405
INFO 2025-09-16 13:31:28,088 basehttp "GET /media/news/Screenshot_2025-05-26_at_16.53.50.png HTTP/1.1" 200 983608
INFO 2025-09-16 13:32:12,126 autoreload /Users/artem/Desktop/LR5/СosmetologyCenter/core/models.py changed, reloading.
INFO 2025-09-16 13:32:12,560 autoreload Watching for file changes with StatReloader
INFO 2025-09-16 14:17:17,835 autoreload Watching for file changes with StatReloader
DEBUG 2025-09-16 14:17:23,839 views Получение последних новостей для главной страницы
INFO 2025-09-16 14:17:23,839 views Начало формирования контекста для главной страницы
DEBUG 2025-09-16 14:17:23,840 views Запрос курсов валют
DEBUG 2025-09-16 14:17:27,457 views Данные о курсах валют успешно получены
INFO 2025-09-16 14:17:27,458 views Контекст для главной страницы успешно сформирован
INFO 2025-09-16 14:17:27,497 basehttp "GET / HTTP/1.1" 200 17707
INFO 2025-09-16 14:17:32,299 basehttp "GET /cart/ HTTP/1.1" 302 0
INFO 2025-09-16 14:17:32,316 basehttp "GET /accounts/login/?next=/cart/ HTTP/1.1" 200 3757
INFO 2025-09-16 14:17:35,481 basehttp "GET /privacy/ HTTP/1.1" 200 5049
INFO 2025-09-16 14:17:36,546 basehttp "GET /cart/ HTTP/1.1" 302 0
INFO 2025-09-16 14:17:36,552 basehttp "GET /accounts/login/?next=/cart/ HTTP/1.1" 200 3757
INFO 2025-09-16 14:17:38,391 basehttp "GET /accounts/login/ HTTP/1.1" 200 3757
INFO 2025-09-16 14:17:51,811 basehttp "POST /accounts/login/ HTTP/1.1" 302 0
INFO 2025-09-16 14:17:51,817 basehttp "GET /dashboard/ HTTP/1.1" 302 0
INFO 2025-09-16 14:17:51,824 basehttp "GET /dashboard/client/ HTTP/1.1" 200 7610
INFO 2025-09-16 14:17:55,560 basehttp "GET /services/ HTTP/1.1" 200 15458
INFO 2025-09-16 14:17:56,725 basehttp "GET /service/53/ HTTP/1.1" 200 6920
INFO 2025-09-16 14:18:05,457 basehttp "POST /service/53/book/ HTTP/1.1" 302 0
INFO 2025-09-16 14:18:05,463 basehttp "GET /dashboard/client/ HTTP/1.1" 200 9329
INFO 2025-09-16 14:18:09,424 basehttp "GET /cart/ HTTP/1.1" 200 4445
INFO 2025-09-16 14:18:13,411 basehttp "GET /services/ HTTP/1.1" 200 15458
INFO 2025-09-16 14:18:14,606 basehttp "GET /service/54/ HTTP/1.1" 200 7005
INFO 2025-09-16 14:18:23,158 basehttp "POST /service/54/book/ HTTP/1.1" 302 0
INFO 2025-09-16 14:18:23,170 basehttp "GET /dashboard/client/ HTTP/1.1" 200 11037
INFO 2025-09-16 14:18:29,839 basehttp "GET /cart/ HTTP/1.1" 200 4445
INFO 2025-09-16 14:20:15,597 autoreload Watching for file changes with StatReloader
INFO 2025-09-16 14:20:18,357 basehttp "GET /cart/ HTTP/1.1" 200 4445
INFO 2025-09-16 14:20:20,657 basehttp "GET /cart/ HTTP/1.1" 200 4445
INFO 2025-09-16 14:20:21,425 basehttp "GET /services/ HTTP/1.1" 200 15458
INFO 2025-09-16 14:20:22,304 basehttp "GET /service/53/ HTTP/1.1" 200 7193
INFO 2025-09-16 14:20:30,464 basehttp "POST /cart/add/53/ HTTP/1.1" 302 0
INFO 2025-09-16 14:20:30,474 basehttp "GET /cart/ HTTP/1.1" 200 6328
INFO 2025-09-16 14:20:40,908 basehttp "GET /services/ HTTP/1.1" 200 15458
INFO 2025-09-16 14:20:42,481 basehttp "GET /service/55/ HTTP/1.1" 200 7116
INFO 2025-09-16 14:20:48,663 basehttp "POST /cart/add/55/ HTTP/1.1" 302 0
INFO 2025-09-16 14:20:48,673 basehttp "GET /cart/ HTTP/1.1" 200 7464
INFO 2025-09-16 14:20:53,219 basehttp "POST /cart/pay-item/1/ HTTP/1.1" 302 0
INFO 2025-09-16 14:20:53,230 basehttp "GET /cart/ HTTP/1.1" 200 7099
ERROR 2025-09-16 14:21:00,583 log Internal Server Error: /cart/pay-item/2/
Traceback (most recent call last):
  File "/Users/artem/Desktop/LR5/СosmetologyCenter/venv/lib/python3.13/site-packages/django/db/backends/utils.py", line 105, in _execute
    return self.cursor.execute(sql, params)
           ~~~~~~~~~~~~~~~~~~~^^^^^^^^^^^^^
  File "/Users/artem/Desktop/LR5/СosmetologyCenter/venv/lib/python3.13/site-packages/django/db/backends/sqlite3/base.py", line 360, in execute
    return super().execute(query, params)
           ~~~~~~~~~~~~~~~^^^^^^^^^^^^^^^
sqlite3.IntegrityError: UNIQUE constraint failed: core_payment.cart_id

The above exception was the direct cause of the following exception:

Traceback (most recent call last):
  File "/Users/artem/Desktop/LR5/СosmetologyCenter/venv/lib/python3.13/site-packages/django/core/handlers/exception.py", line 55, in inner
    response = get_response(request)
  File "/Users/artem/Desktop/LR5/СosmetologyCenter/venv/lib/python3.13/site-packages/django/core/handlers/base.py", line 197, in _get_response
    response = wrapped_callback(request, *callback_args, **callback_kwargs)
  File "/Users/artem/Desktop/LR5/СosmetologyCenter/venv/lib/python3.13/site-packages/django/views/generic/base.py", line 104, in view
    return self.dispatch(request, *args, **kwargs)
           ~~~~~~~~~~~~~^^^^^^^^^^^^^^^^^^^^^^^^^^
  File "/Users/artem/Desktop/LR5/СosmetologyCenter/venv/lib/python3.13/site-packages/django/contrib/auth/mixins.py", line 73, in dispatch
    return super().dispatch(request, *args, **kwargs)
           ~~~~~~~~~~~~~~~~^^^^^^^^^^^^^^^^^^^^^^^^^^
  File "/Users/artem/Desktop/LR5/СosmetologyCenter/venv/lib/python3.13/site-packages/django/views/generic/base.py", line 143, in dispatch
    return handler(request, *args, **kwargs)
  File "/Users/artem/Desktop/LR5/СosmetologyCenter/core/views.py", line 373, in post
    Payment.objects.create(
    ~~~~~~~~~~~~~~~~~~~~~~^
        cart=item.cart,
        ^^^^^^^^^^^^^^^
        amount=item.total_price(),
        ^^^^^^^^^^^^^^^^^^^^^^^^^^
        method='online'
        ^^^^^^^^^^^^^^^
    )
    ^
  File "/Users/artem/Desktop/LR5/СosmetologyCenter/venv/lib/python3.13/site-packages/django/db/models/manager.py", line 87, in manager_method
    return getattr(self.get_queryset(), name)(*args, **kwargs)
           ~~~~~~~~~~~~~~~~~~~~~~~~~~~~~~~~~~^^^^^^^^^^^^^^^^^
  File "/Users/artem/Desktop/LR5/СosmetologyCenter/venv/lib/python3.13/site-packages/django/db/models/query.py", line 663, in create
    obj.save(force_insert=True, using=self.db)
    ~~~~~~~~^^^^^^^^^^^^^^^^^^^^^^^^^^^^^^^^^^
  File "/Users/artem/Desktop/LR5/СosmetologyCenter/venv/lib/python3.13/site-packages/django/db/models/base.py", line 902, in save
    self.save_base(
    ~~~~~~~~~~~~~~^
        using=using,
        ^^^^^^^^^^^^
    ...<2 lines>...
        update_fields=update_fields,
        ^^^^^^^^^^^^^^^^^^^^^^^^^^^^
    )
    ^
  File "/Users/artem/Desktop/LR5/СosmetologyCenter/venv/lib/python3.13/site-packages/django/db/models/base.py", line 1008, in save_base
    updated = self._save_table(
        raw,
    ...<4 lines>...
        update_fields,
    )
  File "/Users/artem/Desktop/LR5/СosmetologyCenter/venv/lib/python3.13/site-packages/django/db/models/base.py", line 1169, in _save_table
    results = self._do_insert(
        cls._base_manager, using, fields, returning_fields, raw
    )
  File "/Users/artem/Desktop/LR5/СosmetologyCenter/venv/lib/python3.13/site-packages/django/db/models/base.py", line 1210, in _do_insert
    return manager._insert(
           ~~~~~~~~~~~~~~~^
        [self],
        ^^^^^^^
    ...<3 lines>...
        raw=raw,
        ^^^^^^^^
    )
    ^
  File "/Users/artem/Desktop/LR5/СosmetologyCenter/venv/lib/python3.13/site-packages/django/db/models/manager.py", line 87, in manager_method
    return getattr(self.get_queryset(), name)(*args, **kwargs)
           ~~~~~~~~~~~~~~~~~~~~~~~~~~~~~~~~~~^^^^^^^^^^^^^^^^^
  File "/Users/artem/Desktop/LR5/СosmetologyCenter/venv/lib/python3.13/site-packages/django/db/models/query.py", line 1864, in _insert
    return query.get_compiler(using=using).execute_sql(returning_fields)
           ~~~~~~~~~~~~~~~~~~~~~~~~~~~~~~~~~~~~~~~~~~~^^^^^^^^^^^^^^^^^^
  File "/Users/artem/Desktop/LR5/СosmetologyCenter/venv/lib/python3.13/site-packages/django/db/models/sql/compiler.py", line 1882, in execute_sql
    cursor.execute(sql, params)
    ~~~~~~~~~~~~~~^^^^^^^^^^^^^
  File "/Users/artem/Desktop/LR5/СosmetologyCenter/venv/lib/python3.13/site-packages/django/db/backends/utils.py", line 122, in execute
    return super().execute(sql, params)
           ~~~~~~~~~~~~~~~^^^^^^^^^^^^^
  File "/Users/artem/Desktop/LR5/СosmetologyCenter/venv/lib/python3.13/site-packages/django/db/backends/utils.py", line 79, in execute
    return self._execute_with_wrappers(
           ~~~~~~~~~~~~~~~~~~~~~~~~~~~^
        sql, params, many=False, executor=self._execute
        ^^^^^^^^^^^^^^^^^^^^^^^^^^^^^^^^^^^^^^^^^^^^^^^
    )
    ^
  File "/Users/artem/Desktop/LR5/СosmetologyCenter/venv/lib/python3.13/site-packages/django/db/backends/utils.py", line 92, in _execute_with_wrappers
    return executor(sql, params, many, context)
  File "/Users/artem/Desktop/LR5/СosmetologyCenter/venv/lib/python3.13/site-packages/django/db/backends/utils.py", line 100, in _execute
    with self.db.wrap_database_errors:
         ^^^^^^^^^^^^^^^^^^^^^^^^^^^^
  File "/Users/artem/Desktop/LR5/СosmetologyCenter/venv/lib/python3.13/site-packages/django/db/utils.py", line 91, in __exit__
    raise dj_exc_value.with_traceback(traceback) from exc_value
  File "/Users/artem/Desktop/LR5/СosmetologyCenter/venv/lib/python3.13/site-packages/django/db/backends/utils.py", line 105, in _execute
    return self.cursor.execute(sql, params)
           ~~~~~~~~~~~~~~~~~~~^^^^^^^^^^^^^
  File "/Users/artem/Desktop/LR5/СosmetologyCenter/venv/lib/python3.13/site-packages/django/db/backends/sqlite3/base.py", line 360, in execute
    return super().execute(query, params)
           ~~~~~~~~~~~~~~~^^^^^^^^^^^^^^^
django.db.utils.IntegrityError: UNIQUE constraint failed: core_payment.cart_id
ERROR 2025-09-16 14:21:00,589 basehttp "POST /cart/pay-item/2/ HTTP/1.1" 500 170949
ERROR 2025-09-16 14:21:13,849 log Internal Server Error: /cart/checkout/
Traceback (most recent call last):
  File "/Users/artem/Desktop/LR5/СosmetologyCenter/venv/lib/python3.13/site-packages/django/db/backends/utils.py", line 105, in _execute
    return self.cursor.execute(sql, params)
           ~~~~~~~~~~~~~~~~~~~^^^^^^^^^^^^^
  File "/Users/artem/Desktop/LR5/СosmetologyCenter/venv/lib/python3.13/site-packages/django/db/backends/sqlite3/base.py", line 360, in execute
    return super().execute(query, params)
           ~~~~~~~~~~~~~~~^^^^^^^^^^^^^^^
sqlite3.IntegrityError: UNIQUE constraint failed: core_payment.cart_id

The above exception was the direct cause of the following exception:

Traceback (most recent call last):
  File "/Users/artem/Desktop/LR5/СosmetologyCenter/venv/lib/python3.13/site-packages/django/core/handlers/exception.py", line 55, in inner
    response = get_response(request)
  File "/Users/artem/Desktop/LR5/СosmetologyCenter/venv/lib/python3.13/site-packages/django/core/handlers/base.py", line 197, in _get_response
    response = wrapped_callback(request, *callback_args, **callback_kwargs)
  File "/Users/artem/Desktop/LR5/СosmetologyCenter/venv/lib/python3.13/site-packages/django/views/generic/base.py", line 104, in view
    return self.dispatch(request, *args, **kwargs)
           ~~~~~~~~~~~~~^^^^^^^^^^^^^^^^^^^^^^^^^^
  File "/Users/artem/Desktop/LR5/СosmetologyCenter/venv/lib/python3.13/site-packages/django/contrib/auth/mixins.py", line 73, in dispatch
    return super().dispatch(request, *args, **kwargs)
           ~~~~~~~~~~~~~~~~^^^^^^^^^^^^^^^^^^^^^^^^^^
  File "/Users/artem/Desktop/LR5/СosmetologyCenter/venv/lib/python3.13/site-packages/django/views/generic/base.py", line 143, in dispatch
    return handler(request, *args, **kwargs)
  File "/Users/artem/Desktop/LR5/СosmetologyCenter/core/views.py", line 348, in post
    Payment.objects.create(cart=cart, amount=cart.total_price(), method='online')
    ~~~~~~~~~~~~~~~~~~~~~~^^^^^^^^^^^^^^^^^^^^^^^^^^^^^^^^^^^^^^^^^^^^^^^^^^^^^^^
  File "/Users/artem/Desktop/LR5/СosmetologyCenter/venv/lib/python3.13/site-packages/django/db/models/manager.py", line 87, in manager_method
    return getattr(self.get_queryset(), name)(*args, **kwargs)
           ~~~~~~~~~~~~~~~~~~~~~~~~~~~~~~~~~~^^^^^^^^^^^^^^^^^
  File "/Users/artem/Desktop/LR5/СosmetologyCenter/venv/lib/python3.13/site-packages/django/db/models/query.py", line 663, in create
    obj.save(force_insert=True, using=self.db)
    ~~~~~~~~^^^^^^^^^^^^^^^^^^^^^^^^^^^^^^^^^^
  File "/Users/artem/Desktop/LR5/СosmetologyCenter/venv/lib/python3.13/site-packages/django/db/models/base.py", line 902, in save
    self.save_base(
    ~~~~~~~~~~~~~~^
        using=using,
        ^^^^^^^^^^^^
    ...<2 lines>...
        update_fields=update_fields,
        ^^^^^^^^^^^^^^^^^^^^^^^^^^^^
    )
    ^
  File "/Users/artem/Desktop/LR5/СosmetologyCenter/venv/lib/python3.13/site-packages/django/db/models/base.py", line 1008, in save_base
    updated = self._save_table(
        raw,
    ...<4 lines>...
        update_fields,
    )
  File "/Users/artem/Desktop/LR5/СosmetologyCenter/venv/lib/python3.13/site-packages/django/db/models/base.py", line 1169, in _save_table
    results = self._do_insert(
        cls._base_manager, using, fields, returning_fields, raw
    )
  File "/Users/artem/Desktop/LR5/СosmetologyCenter/venv/lib/python3.13/site-packages/django/db/models/base.py", line 1210, in _do_insert
    return manager._insert(
           ~~~~~~~~~~~~~~~^
        [self],
        ^^^^^^^
    ...<3 lines>...
        raw=raw,
        ^^^^^^^^
    )
    ^
  File "/Users/artem/Desktop/LR5/СosmetologyCenter/venv/lib/python3.13/site-packages/django/db/models/manager.py", line 87, in manager_method
    return getattr(self.get_queryset(), name)(*args, **kwargs)
           ~~~~~~~~~~~~~~~~~~~~~~~~~~~~~~~~~~^^^^^^^^^^^^^^^^^
  File "/Users/artem/Desktop/LR5/СosmetologyCenter/venv/lib/python3.13/site-packages/django/db/models/query.py", line 1864, in _insert
    return query.get_compiler(using=using).execute_sql(returning_fields)
           ~~~~~~~~~~~~~~~~~~~~~~~~~~~~~~~~~~~~~~~~~~~^^^^^^^^^^^^^^^^^^
  File "/Users/artem/Desktop/LR5/СosmetologyCenter/venv/lib/python3.13/site-packages/django/db/models/sql/compiler.py", line 1882, in execute_sql
    cursor.execute(sql, params)
    ~~~~~~~~~~~~~~^^^^^^^^^^^^^
  File "/Users/artem/Desktop/LR5/СosmetologyCenter/venv/lib/python3.13/site-packages/django/db/backends/utils.py", line 122, in execute
    return super().execute(sql, params)
           ~~~~~~~~~~~~~~~^^^^^^^^^^^^^
  File "/Users/artem/Desktop/LR5/СosmetologyCenter/venv/lib/python3.13/site-packages/django/db/backends/utils.py", line 79, in execute
    return self._execute_with_wrappers(
           ~~~~~~~~~~~~~~~~~~~~~~~~~~~^
        sql, params, many=False, executor=self._execute
        ^^^^^^^^^^^^^^^^^^^^^^^^^^^^^^^^^^^^^^^^^^^^^^^
    )
    ^
  File "/Users/artem/Desktop/LR5/СosmetologyCenter/venv/lib/python3.13/site-packages/django/db/backends/utils.py", line 92, in _execute_with_wrappers
    return executor(sql, params, many, context)
  File "/Users/artem/Desktop/LR5/СosmetologyCenter/venv/lib/python3.13/site-packages/django/db/backends/utils.py", line 100, in _execute
    with self.db.wrap_database_errors:
         ^^^^^^^^^^^^^^^^^^^^^^^^^^^^
  File "/Users/artem/Desktop/LR5/СosmetologyCenter/venv/lib/python3.13/site-packages/django/db/utils.py", line 91, in __exit__
    raise dj_exc_value.with_traceback(traceback) from exc_value
  File "/Users/artem/Desktop/LR5/СosmetologyCenter/venv/lib/python3.13/site-packages/django/db/backends/utils.py", line 105, in _execute
    return self.cursor.execute(sql, params)
           ~~~~~~~~~~~~~~~~~~~^^^^^^^^^^^^^
  File "/Users/artem/Desktop/LR5/СosmetologyCenter/venv/lib/python3.13/site-packages/django/db/backends/sqlite3/base.py", line 360, in execute
    return super().execute(query, params)
           ~~~~~~~~~~~~~~~^^^^^^^^^^^^^^^
django.db.utils.IntegrityError: UNIQUE constraint failed: core_payment.cart_id
ERROR 2025-09-16 14:21:13,853 basehttp "POST /cart/checkout/ HTTP/1.1" 500 171199
INFO 2025-09-16 14:21:16,826 basehttp "POST /cart/remove/2/ HTTP/1.1" 302 0
INFO 2025-09-16 14:21:16,837 basehttp "GET /cart/ HTTP/1.1" 200 5963
INFO 2025-09-16 14:21:17,774 basehttp "POST /cart/remove/1/ HTTP/1.1" 302 0
INFO 2025-09-16 14:21:17,782 basehttp "GET /cart/ HTTP/1.1" 200 4445
INFO 2025-09-16 14:21:19,413 basehttp "GET /services/ HTTP/1.1" 200 15458
INFO 2025-09-16 14:21:20,795 basehttp "GET /service/55/ HTTP/1.1" 200 7116
INFO 2025-09-16 14:21:21,812 basehttp "POST /cart/add/55/ HTTP/1.1" 302 0
INFO 2025-09-16 14:21:21,823 basehttp "GET /cart/ HTTP/1.1" 200 6323
INFO 2025-09-16 14:21:24,046 basehttp "GET /services/ HTTP/1.1" 200 15458
INFO 2025-09-16 14:21:25,546 basehttp "GET /service/58/ HTTP/1.1" 200 6898
INFO 2025-09-16 14:21:28,163 basehttp "POST /cart/add/58/ HTTP/1.1" 302 0
INFO 2025-09-16 14:21:28,173 basehttp "GET /cart/ HTTP/1.1" 200 7461
ERROR 2025-09-16 14:21:31,027 log Internal Server Error: /cart/pay-item/3/
Traceback (most recent call last):
  File "/Users/artem/Desktop/LR5/СosmetologyCenter/venv/lib/python3.13/site-packages/django/db/backends/utils.py", line 105, in _execute
    return self.cursor.execute(sql, params)
           ~~~~~~~~~~~~~~~~~~~^^^^^^^^^^^^^
  File "/Users/artem/Desktop/LR5/СosmetologyCenter/venv/lib/python3.13/site-packages/django/db/backends/sqlite3/base.py", line 360, in execute
    return super().execute(query, params)
           ~~~~~~~~~~~~~~~^^^^^^^^^^^^^^^
sqlite3.IntegrityError: UNIQUE constraint failed: core_payment.cart_id

The above exception was the direct cause of the following exception:

Traceback (most recent call last):
  File "/Users/artem/Desktop/LR5/СosmetologyCenter/venv/lib/python3.13/site-packages/django/core/handlers/exception.py", line 55, in inner
    response = get_response(request)
  File "/Users/artem/Desktop/LR5/СosmetologyCenter/venv/lib/python3.13/site-packages/django/core/handlers/base.py", line 197, in _get_response
    response = wrapped_callback(request, *callback_args, **callback_kwargs)
  File "/Users/artem/Desktop/LR5/СosmetologyCenter/venv/lib/python3.13/site-packages/django/views/generic/base.py", line 104, in view
    return self.dispatch(request, *args, **kwargs)
           ~~~~~~~~~~~~~^^^^^^^^^^^^^^^^^^^^^^^^^^
  File "/Users/artem/Desktop/LR5/СosmetologyCenter/venv/lib/python3.13/site-packages/django/contrib/auth/mixins.py", line 73, in dispatch
    return super().dispatch(request, *args, **kwargs)
           ~~~~~~~~~~~~~~~~^^^^^^^^^^^^^^^^^^^^^^^^^^
  File "/Users/artem/Desktop/LR5/СosmetologyCenter/venv/lib/python3.13/site-packages/django/views/generic/base.py", line 143, in dispatch
    return handler(request, *args, **kwargs)
  File "/Users/artem/Desktop/LR5/СosmetologyCenter/core/views.py", line 373, in post
    Payment.objects.create(
    ~~~~~~~~~~~~~~~~~~~~~~^
        cart=item.cart,
        ^^^^^^^^^^^^^^^
        amount=item.total_price(),
        ^^^^^^^^^^^^^^^^^^^^^^^^^^
        method='online'
        ^^^^^^^^^^^^^^^
    )
    ^
  File "/Users/artem/Desktop/LR5/СosmetologyCenter/venv/lib/python3.13/site-packages/django/db/models/manager.py", line 87, in manager_method
    return getattr(self.get_queryset(), name)(*args, **kwargs)
           ~~~~~~~~~~~~~~~~~~~~~~~~~~~~~~~~~~^^^^^^^^^^^^^^^^^
  File "/Users/artem/Desktop/LR5/СosmetologyCenter/venv/lib/python3.13/site-packages/django/db/models/query.py", line 663, in create
    obj.save(force_insert=True, using=self.db)
    ~~~~~~~~^^^^^^^^^^^^^^^^^^^^^^^^^^^^^^^^^^
  File "/Users/artem/Desktop/LR5/СosmetologyCenter/venv/lib/python3.13/site-packages/django/db/models/base.py", line 902, in save
    self.save_base(
    ~~~~~~~~~~~~~~^
        using=using,
        ^^^^^^^^^^^^
    ...<2 lines>...
        update_fields=update_fields,
        ^^^^^^^^^^^^^^^^^^^^^^^^^^^^
    )
    ^
  File "/Users/artem/Desktop/LR5/СosmetologyCenter/venv/lib/python3.13/site-packages/django/db/models/base.py", line 1008, in save_base
    updated = self._save_table(
        raw,
    ...<4 lines>...
        update_fields,
    )
  File "/Users/artem/Desktop/LR5/СosmetologyCenter/venv/lib/python3.13/site-packages/django/db/models/base.py", line 1169, in _save_table
    results = self._do_insert(
        cls._base_manager, using, fields, returning_fields, raw
    )
  File "/Users/artem/Desktop/LR5/СosmetologyCenter/venv/lib/python3.13/site-packages/django/db/models/base.py", line 1210, in _do_insert
    return manager._insert(
           ~~~~~~~~~~~~~~~^
        [self],
        ^^^^^^^
    ...<3 lines>...
        raw=raw,
        ^^^^^^^^
    )
    ^
  File "/Users/artem/Desktop/LR5/СosmetologyCenter/venv/lib/python3.13/site-packages/django/db/models/manager.py", line 87, in manager_method
    return getattr(self.get_queryset(), name)(*args, **kwargs)
           ~~~~~~~~~~~~~~~~~~~~~~~~~~~~~~~~~~^^^^^^^^^^^^^^^^^
  File "/Users/artem/Desktop/LR5/СosmetologyCenter/venv/lib/python3.13/site-packages/django/db/models/query.py", line 1864, in _insert
    return query.get_compiler(using=using).execute_sql(returning_fields)
           ~~~~~~~~~~~~~~~~~~~~~~~~~~~~~~~~~~~~~~~~~~~^^^^^^^^^^^^^^^^^^
  File "/Users/artem/Desktop/LR5/СosmetologyCenter/venv/lib/python3.13/site-packages/django/db/models/sql/compiler.py", line 1882, in execute_sql
    cursor.execute(sql, params)
    ~~~~~~~~~~~~~~^^^^^^^^^^^^^
  File "/Users/artem/Desktop/LR5/СosmetologyCenter/venv/lib/python3.13/site-packages/django/db/backends/utils.py", line 122, in execute
    return super().execute(sql, params)
           ~~~~~~~~~~~~~~~^^^^^^^^^^^^^
  File "/Users/artem/Desktop/LR5/СosmetologyCenter/venv/lib/python3.13/site-packages/django/db/backends/utils.py", line 79, in execute
    return self._execute_with_wrappers(
           ~~~~~~~~~~~~~~~~~~~~~~~~~~~^
        sql, params, many=False, executor=self._execute
        ^^^^^^^^^^^^^^^^^^^^^^^^^^^^^^^^^^^^^^^^^^^^^^^
    )
    ^
  File "/Users/artem/Desktop/LR5/СosmetologyCenter/venv/lib/python3.13/site-packages/django/db/backends/utils.py", line 92, in _execute_with_wrappers
    return executor(sql, params, many, context)
  File "/Users/artem/Desktop/LR5/СosmetologyCenter/venv/lib/python3.13/site-packages/django/db/backends/utils.py", line 100, in _execute
    with self.db.wrap_database_errors:
         ^^^^^^^^^^^^^^^^^^^^^^^^^^^^
  File "/Users/artem/Desktop/LR5/СosmetologyCenter/venv/lib/python3.13/site-packages/django/db/utils.py", line 91, in __exit__
    raise dj_exc_value.with_traceback(traceback) from exc_value
  File "/Users/artem/Desktop/LR5/СosmetologyCenter/venv/lib/python3.13/site-packages/django/db/backends/utils.py", line 105, in _execute
    return self.cursor.execute(sql, params)
           ~~~~~~~~~~~~~~~~~~~^^^^^^^^^^^^^
  File "/Users/artem/Desktop/LR5/СosmetologyCenter/venv/lib/python3.13/site-packages/django/db/backends/sqlite3/base.py", line 360, in execute
    return super().execute(query, params)
           ~~~~~~~~~~~~~~~^^^^^^^^^^^^^^^
django.db.utils.IntegrityError: UNIQUE constraint failed: core_payment.cart_id
ERROR 2025-09-16 14:21:31,030 basehttp "POST /cart/pay-item/3/ HTTP/1.1" 500 170987
INFO 2025-09-16 14:22:43,825 basehttp "GET /dashboard/client/ HTTP/1.1" 200 12756
INFO 2025-09-16 14:24:23,553 autoreload Watching for file changes with StatReloader
INFO 2025-09-16 14:24:25,615 basehttp "GET /dashboard/client/ HTTP/1.1" 200 12756
INFO 2025-09-16 14:24:27,756 basehttp "GET /services/ HTTP/1.1" 200 15458
INFO 2025-09-16 14:24:29,502 basehttp "GET /service/55/ HTTP/1.1" 200 6491
INFO 2025-09-16 14:24:43,057 basehttp "GET /dashboard/client/ HTTP/1.1" 200 12756
INFO 2025-09-16 14:24:52,088 basehttp "GET /services/ HTTP/1.1" 200 15458
INFO 2025-09-16 14:24:56,533 basehttp "GET /service/62/ HTTP/1.1" 200 6421
INFO 2025-09-16 14:25:01,009 basehttp "GET /dashboard/client/ HTTP/1.1" 200 12756
INFO 2025-09-16 14:25:06,231 basehttp "GET /cart/ HTTP/1.1" 200 7461
INFO 2025-09-16 14:25:10,503 basehttp "POST /cart/remove/4/ HTTP/1.1" 302 0
INFO 2025-09-16 14:25:10,513 basehttp "GET /cart/ HTTP/1.1" 200 6323
INFO 2025-09-16 14:25:11,276 basehttp "POST /cart/remove/3/ HTTP/1.1" 302 0
INFO 2025-09-16 14:25:11,282 basehttp "GET /cart/ HTTP/1.1" 200 4445
INFO 2025-09-16 14:25:12,970 basehttp "GET /services/ HTTP/1.1" 200 15458
INFO 2025-09-16 14:25:17,985 basehttp "GET /service/62/ HTTP/1.1" 200 6421
INFO 2025-09-16 14:25:23,693 basehttp "POST /cart/add/62/ HTTP/1.1" 302 0
INFO 2025-09-16 14:25:23,703 basehttp "GET /cart/ HTTP/1.1" 200 6378
INFO 2025-09-16 14:25:32,123 basehttp "GET /dashboard/client/ HTTP/1.1" 200 12756
INFO 2025-09-16 14:25:36,619 basehttp "GET /cart/ HTTP/1.1" 200 6378
ERROR 2025-09-16 14:25:38,856 log Internal Server Error: /cart/pay-item/5/
Traceback (most recent call last):
  File "/Users/artem/Desktop/LR5/СosmetologyCenter/venv/lib/python3.13/site-packages/django/db/backends/utils.py", line 105, in _execute
    return self.cursor.execute(sql, params)
           ~~~~~~~~~~~~~~~~~~~^^^^^^^^^^^^^
  File "/Users/artem/Desktop/LR5/СosmetologyCenter/venv/lib/python3.13/site-packages/django/db/backends/sqlite3/base.py", line 360, in execute
    return super().execute(query, params)
           ~~~~~~~~~~~~~~~^^^^^^^^^^^^^^^
sqlite3.IntegrityError: UNIQUE constraint failed: core_payment.cart_id

The above exception was the direct cause of the following exception:

Traceback (most recent call last):
  File "/Users/artem/Desktop/LR5/СosmetologyCenter/venv/lib/python3.13/site-packages/django/core/handlers/exception.py", line 55, in inner
    response = get_response(request)
  File "/Users/artem/Desktop/LR5/СosmetologyCenter/venv/lib/python3.13/site-packages/django/core/handlers/base.py", line 197, in _get_response
    response = wrapped_callback(request, *callback_args, **callback_kwargs)
  File "/Users/artem/Desktop/LR5/СosmetologyCenter/venv/lib/python3.13/site-packages/django/views/generic/base.py", line 104, in view
    return self.dispatch(request, *args, **kwargs)
           ~~~~~~~~~~~~~^^^^^^^^^^^^^^^^^^^^^^^^^^
  File "/Users/artem/Desktop/LR5/СosmetologyCenter/venv/lib/python3.13/site-packages/django/contrib/auth/mixins.py", line 73, in dispatch
    return super().dispatch(request, *args, **kwargs)
           ~~~~~~~~~~~~~~~~^^^^^^^^^^^^^^^^^^^^^^^^^^
  File "/Users/artem/Desktop/LR5/СosmetologyCenter/venv/lib/python3.13/site-packages/django/views/generic/base.py", line 143, in dispatch
    return handler(request, *args, **kwargs)
  File "/Users/artem/Desktop/LR5/СosmetologyCenter/core/views.py", line 391, in post
    Payment.objects.create(
    ~~~~~~~~~~~~~~~~~~~~~~^
        cart=item.cart,
        ^^^^^^^^^^^^^^^
        amount=item.total_price(),
        ^^^^^^^^^^^^^^^^^^^^^^^^^^
        method='online'
        ^^^^^^^^^^^^^^^
    )
    ^
  File "/Users/artem/Desktop/LR5/СosmetologyCenter/venv/lib/python3.13/site-packages/django/db/models/manager.py", line 87, in manager_method
    return getattr(self.get_queryset(), name)(*args, **kwargs)
           ~~~~~~~~~~~~~~~~~~~~~~~~~~~~~~~~~~^^^^^^^^^^^^^^^^^
  File "/Users/artem/Desktop/LR5/СosmetologyCenter/venv/lib/python3.13/site-packages/django/db/models/query.py", line 663, in create
    obj.save(force_insert=True, using=self.db)
    ~~~~~~~~^^^^^^^^^^^^^^^^^^^^^^^^^^^^^^^^^^
  File "/Users/artem/Desktop/LR5/СosmetologyCenter/venv/lib/python3.13/site-packages/django/db/models/base.py", line 902, in save
    self.save_base(
    ~~~~~~~~~~~~~~^
        using=using,
        ^^^^^^^^^^^^
    ...<2 lines>...
        update_fields=update_fields,
        ^^^^^^^^^^^^^^^^^^^^^^^^^^^^
    )
    ^
  File "/Users/artem/Desktop/LR5/СosmetologyCenter/venv/lib/python3.13/site-packages/django/db/models/base.py", line 1008, in save_base
    updated = self._save_table(
        raw,
    ...<4 lines>...
        update_fields,
    )
  File "/Users/artem/Desktop/LR5/СosmetologyCenter/venv/lib/python3.13/site-packages/django/db/models/base.py", line 1169, in _save_table
    results = self._do_insert(
        cls._base_manager, using, fields, returning_fields, raw
    )
  File "/Users/artem/Desktop/LR5/СosmetologyCenter/venv/lib/python3.13/site-packages/django/db/models/base.py", line 1210, in _do_insert
    return manager._insert(
           ~~~~~~~~~~~~~~~^
        [self],
        ^^^^^^^
    ...<3 lines>...
        raw=raw,
        ^^^^^^^^
    )
    ^
  File "/Users/artem/Desktop/LR5/СosmetologyCenter/venv/lib/python3.13/site-packages/django/db/models/manager.py", line 87, in manager_method
    return getattr(self.get_queryset(), name)(*args, **kwargs)
           ~~~~~~~~~~~~~~~~~~~~~~~~~~~~~~~~~~^^^^^^^^^^^^^^^^^
  File "/Users/artem/Desktop/LR5/СosmetologyCenter/venv/lib/python3.13/site-packages/django/db/models/query.py", line 1864, in _insert
    return query.get_compiler(using=using).execute_sql(returning_fields)
           ~~~~~~~~~~~~~~~~~~~~~~~~~~~~~~~~~~~~~~~~~~~^^^^^^^^^^^^^^^^^^
  File "/Users/artem/Desktop/LR5/СosmetologyCenter/venv/lib/python3.13/site-packages/django/db/models/sql/compiler.py", line 1882, in execute_sql
    cursor.execute(sql, params)
    ~~~~~~~~~~~~~~^^^^^^^^^^^^^
  File "/Users/artem/Desktop/LR5/СosmetologyCenter/venv/lib/python3.13/site-packages/django/db/backends/utils.py", line 122, in execute
    return super().execute(sql, params)
           ~~~~~~~~~~~~~~~^^^^^^^^^^^^^
  File "/Users/artem/Desktop/LR5/СosmetologyCenter/venv/lib/python3.13/site-packages/django/db/backends/utils.py", line 79, in execute
    return self._execute_with_wrappers(
           ~~~~~~~~~~~~~~~~~~~~~~~~~~~^
        sql, params, many=False, executor=self._execute
        ^^^^^^^^^^^^^^^^^^^^^^^^^^^^^^^^^^^^^^^^^^^^^^^
    )
    ^
  File "/Users/artem/Desktop/LR5/СosmetologyCenter/venv/lib/python3.13/site-packages/django/db/backends/utils.py", line 92, in _execute_with_wrappers
    return executor(sql, params, many, context)
  File "/Users/artem/Desktop/LR5/СosmetologyCenter/venv/lib/python3.13/site-packages/django/db/backends/utils.py", line 100, in _execute
    with self.db.wrap_database_errors:
         ^^^^^^^^^^^^^^^^^^^^^^^^^^^^
  File "/Users/artem/Desktop/LR5/СosmetologyCenter/venv/lib/python3.13/site-packages/django/db/utils.py", line 91, in __exit__
    raise dj_exc_value.with_traceback(traceback) from exc_value
  File "/Users/artem/Desktop/LR5/СosmetologyCenter/venv/lib/python3.13/site-packages/django/db/backends/utils.py", line 105, in _execute
    return self.cursor.execute(sql, params)
           ~~~~~~~~~~~~~~~~~~~^^^^^^^^^^^^^
  File "/Users/artem/Desktop/LR5/СosmetologyCenter/venv/lib/python3.13/site-packages/django/db/backends/sqlite3/base.py", line 360, in execute
    return super().execute(query, params)
           ~~~~~~~~~~~~~~~^^^^^^^^^^^^^^^
django.db.utils.IntegrityError: UNIQUE constraint failed: core_payment.cart_id
ERROR 2025-09-16 14:25:38,861 basehttp "POST /cart/pay-item/5/ HTTP/1.1" 500 171005
INFO 2025-09-16 14:25:44,506 basehttp "GET /dashboard/client/ HTTP/1.1" 200 12756
INFO 2025-09-16 14:25:47,605 basehttp "GET /cart/ HTTP/1.1" 200 6378
ERROR 2025-09-16 14:25:48,888 log Internal Server Error: /cart/checkout/
Traceback (most recent call last):
  File "/Users/artem/Desktop/LR5/СosmetologyCenter/venv/lib/python3.13/site-packages/django/db/backends/utils.py", line 105, in _execute
    return self.cursor.execute(sql, params)
           ~~~~~~~~~~~~~~~~~~~^^^^^^^^^^^^^
  File "/Users/artem/Desktop/LR5/СosmetologyCenter/venv/lib/python3.13/site-packages/django/db/backends/sqlite3/base.py", line 360, in execute
    return super().execute(query, params)
           ~~~~~~~~~~~~~~~^^^^^^^^^^^^^^^
sqlite3.IntegrityError: UNIQUE constraint failed: core_payment.cart_id

The above exception was the direct cause of the following exception:

Traceback (most recent call last):
  File "/Users/artem/Desktop/LR5/СosmetologyCenter/venv/lib/python3.13/site-packages/django/core/handlers/exception.py", line 55, in inner
    response = get_response(request)
  File "/Users/artem/Desktop/LR5/СosmetologyCenter/venv/lib/python3.13/site-packages/django/core/handlers/base.py", line 197, in _get_response
    response = wrapped_callback(request, *callback_args, **callback_kwargs)
  File "/Users/artem/Desktop/LR5/СosmetologyCenter/venv/lib/python3.13/site-packages/django/views/generic/base.py", line 104, in view
    return self.dispatch(request, *args, **kwargs)
           ~~~~~~~~~~~~~^^^^^^^^^^^^^^^^^^^^^^^^^^
  File "/Users/artem/Desktop/LR5/СosmetologyCenter/venv/lib/python3.13/site-packages/django/contrib/auth/mixins.py", line 73, in dispatch
    return super().dispatch(request, *args, **kwargs)
           ~~~~~~~~~~~~~~~~^^^^^^^^^^^^^^^^^^^^^^^^^^
  File "/Users/artem/Desktop/LR5/СosmetologyCenter/venv/lib/python3.13/site-packages/django/views/generic/base.py", line 143, in dispatch
    return handler(request, *args, **kwargs)
  File "/Users/artem/Desktop/LR5/СosmetologyCenter/core/views.py", line 366, in post
    Payment.objects.create(cart=cart, amount=cart.total_price(), method='online')
    ~~~~~~~~~~~~~~~~~~~~~~^^^^^^^^^^^^^^^^^^^^^^^^^^^^^^^^^^^^^^^^^^^^^^^^^^^^^^^
  File "/Users/artem/Desktop/LR5/СosmetologyCenter/venv/lib/python3.13/site-packages/django/db/models/manager.py", line 87, in manager_method
    return getattr(self.get_queryset(), name)(*args, **kwargs)
           ~~~~~~~~~~~~~~~~~~~~~~~~~~~~~~~~~~^^^^^^^^^^^^^^^^^
  File "/Users/artem/Desktop/LR5/СosmetologyCenter/venv/lib/python3.13/site-packages/django/db/models/query.py", line 663, in create
    obj.save(force_insert=True, using=self.db)
    ~~~~~~~~^^^^^^^^^^^^^^^^^^^^^^^^^^^^^^^^^^
  File "/Users/artem/Desktop/LR5/СosmetologyCenter/venv/lib/python3.13/site-packages/django/db/models/base.py", line 902, in save
    self.save_base(
    ~~~~~~~~~~~~~~^
        using=using,
        ^^^^^^^^^^^^
    ...<2 lines>...
        update_fields=update_fields,
        ^^^^^^^^^^^^^^^^^^^^^^^^^^^^
    )
    ^
  File "/Users/artem/Desktop/LR5/СosmetologyCenter/venv/lib/python3.13/site-packages/django/db/models/base.py", line 1008, in save_base
    updated = self._save_table(
        raw,
    ...<4 lines>...
        update_fields,
    )
  File "/Users/artem/Desktop/LR5/СosmetologyCenter/venv/lib/python3.13/site-packages/django/db/models/base.py", line 1169, in _save_table
    results = self._do_insert(
        cls._base_manager, using, fields, returning_fields, raw
    )
  File "/Users/artem/Desktop/LR5/СosmetologyCenter/venv/lib/python3.13/site-packages/django/db/models/base.py", line 1210, in _do_insert
    return manager._insert(
           ~~~~~~~~~~~~~~~^
        [self],
        ^^^^^^^
    ...<3 lines>...
        raw=raw,
        ^^^^^^^^
    )
    ^
  File "/Users/artem/Desktop/LR5/СosmetologyCenter/venv/lib/python3.13/site-packages/django/db/models/manager.py", line 87, in manager_method
    return getattr(self.get_queryset(), name)(*args, **kwargs)
           ~~~~~~~~~~~~~~~~~~~~~~~~~~~~~~~~~~^^^^^^^^^^^^^^^^^
  File "/Users/artem/Desktop/LR5/СosmetologyCenter/venv/lib/python3.13/site-packages/django/db/models/query.py", line 1864, in _insert
    return query.get_compiler(using=using).execute_sql(returning_fields)
           ~~~~~~~~~~~~~~~~~~~~~~~~~~~~~~~~~~~~~~~~~~~^^^^^^^^^^^^^^^^^^
  File "/Users/artem/Desktop/LR5/СosmetologyCenter/venv/lib/python3.13/site-packages/django/db/models/sql/compiler.py", line 1882, in execute_sql
    cursor.execute(sql, params)
    ~~~~~~~~~~~~~~^^^^^^^^^^^^^
  File "/Users/artem/Desktop/LR5/СosmetologyCenter/venv/lib/python3.13/site-packages/django/db/backends/utils.py", line 122, in execute
    return super().execute(sql, params)
           ~~~~~~~~~~~~~~~^^^^^^^^^^^^^
  File "/Users/artem/Desktop/LR5/СosmetologyCenter/venv/lib/python3.13/site-packages/django/db/backends/utils.py", line 79, in execute
    return self._execute_with_wrappers(
           ~~~~~~~~~~~~~~~~~~~~~~~~~~~^
        sql, params, many=False, executor=self._execute
        ^^^^^^^^^^^^^^^^^^^^^^^^^^^^^^^^^^^^^^^^^^^^^^^
    )
    ^
  File "/Users/artem/Desktop/LR5/СosmetologyCenter/venv/lib/python3.13/site-packages/django/db/backends/utils.py", line 92, in _execute_with_wrappers
    return executor(sql, params, many, context)
  File "/Users/artem/Desktop/LR5/СosmetologyCenter/venv/lib/python3.13/site-packages/django/db/backends/utils.py", line 100, in _execute
    with self.db.wrap_database_errors:
         ^^^^^^^^^^^^^^^^^^^^^^^^^^^^
  File "/Users/artem/Desktop/LR5/СosmetologyCenter/venv/lib/python3.13/site-packages/django/db/utils.py", line 91, in __exit__
    raise dj_exc_value.with_traceback(traceback) from exc_value
  File "/Users/artem/Desktop/LR5/СosmetologyCenter/venv/lib/python3.13/site-packages/django/db/backends/utils.py", line 105, in _execute
    return self.cursor.execute(sql, params)
           ~~~~~~~~~~~~~~~~~~~^^^^^^^^^^^^^
  File "/Users/artem/Desktop/LR5/СosmetologyCenter/venv/lib/python3.13/site-packages/django/db/backends/sqlite3/base.py", line 360, in execute
    return super().execute(query, params)
           ~~~~~~~~~~~~~~~^^^^^^^^^^^^^^^
django.db.utils.IntegrityError: UNIQUE constraint failed: core_payment.cart_id
ERROR 2025-09-16 14:25:48,892 basehttp "POST /cart/checkout/ HTTP/1.1" 500 171255
INFO 2025-09-16 14:26:07,246 basehttp "GET /services/ HTTP/1.1" 200 15458
INFO 2025-09-16 14:26:10,035 basehttp "GET /service/56/ HTTP/1.1" 200 6438
INFO 2025-09-16 14:26:16,555 basehttp "GET /service/54/ HTTP/1.1" 200 6613
INFO 2025-09-16 14:26:22,257 basehttp "POST /cart/add/54/ HTTP/1.1" 302 0
INFO 2025-09-16 14:26:22,268 basehttp "GET /cart/ HTTP/1.1" 200 7513
INFO 2025-09-16 14:26:28,739 basehttp "GET /services/ HTTP/1.1" 200 15458
INFO 2025-09-16 14:26:30,122 basehttp "GET /service/54/ HTTP/1.1" 200 6613
INFO 2025-09-16 14:26:35,315 basehttp "POST /cart/add/54/ HTTP/1.1" 302 0
INFO 2025-09-16 14:26:35,327 basehttp "GET /cart/ HTTP/1.1" 200 7513
INFO 2025-09-16 14:26:42,104 basehttp "POST /cart/remove/5/ HTTP/1.1" 302 0
INFO 2025-09-16 14:26:42,115 basehttp "GET /cart/ HTTP/1.1" 200 6321
INFO 2025-09-16 14:26:44,140 basehttp "POST /cart/remove/6/ HTTP/1.1" 302 0
INFO 2025-09-16 14:26:44,150 basehttp "GET /cart/ HTTP/1.1" 200 4445
INFO 2025-09-16 14:26:48,953 basehttp "GET /services/ HTTP/1.1" 200 15458
INFO 2025-09-16 14:29:13,634 autoreload /Users/artem/Desktop/LR5/СosmetologyCenter/core/models.py changed, reloading.
INFO 2025-09-16 14:29:14,116 autoreload Watching for file changes with StatReloader
INFO 2025-09-16 14:34:22,957 autoreload Watching for file changes with StatReloader
INFO 2025-09-16 14:34:26,212 basehttp "GET /services/ HTTP/1.1" 200 15458
INFO 2025-09-16 14:34:28,194 basehttp "GET /services/ HTTP/1.1" 200 15458
INFO 2025-09-16 14:34:32,023 basehttp "GET /service/57/ HTTP/1.1" 200 7160
INFO 2025-09-16 14:34:38,326 basehttp "POST /cart/add/57/ HTTP/1.1" 302 0
INFO 2025-09-16 14:34:38,339 basehttp "GET /cart/ HTTP/1.1" 200 6343
ERROR 2025-09-16 14:34:41,411 log Internal Server Error: /cart/pay-item/7/
Traceback (most recent call last):
  File "/Users/artem/Desktop/LR5/СosmetologyCenter/venv/lib/python3.13/site-packages/django/core/handlers/exception.py", line 55, in inner
    response = get_response(request)
  File "/Users/artem/Desktop/LR5/СosmetologyCenter/venv/lib/python3.13/site-packages/django/core/handlers/base.py", line 197, in _get_response
    response = wrapped_callback(request, *callback_args, **callback_kwargs)
  File "/Users/artem/Desktop/LR5/СosmetologyCenter/venv/lib/python3.13/site-packages/django/views/generic/base.py", line 104, in view
    return self.dispatch(request, *args, **kwargs)
           ~~~~~~~~~~~~~^^^^^^^^^^^^^^^^^^^^^^^^^^
  File "/Users/artem/Desktop/LR5/СosmetologyCenter/venv/lib/python3.13/site-packages/django/contrib/auth/mixins.py", line 73, in dispatch
    return super().dispatch(request, *args, **kwargs)
           ~~~~~~~~~~~~~~~~^^^^^^^^^^^^^^^^^^^^^^^^^^
  File "/Users/artem/Desktop/LR5/СosmetologyCenter/venv/lib/python3.13/site-packages/django/views/generic/base.py", line 143, in dispatch
    return handler(request, *args, **kwargs)
  File "/Users/artem/Desktop/LR5/СosmetologyCenter/core/views.py", line 393, in post
    Payment.objects.create(
    ~~~~~~~~~~~~~~~~~~~~~~^
        cart=item.cart,
        ^^^^^^^^^^^^^^^
    ...<2 lines>...
        method='online'
        ^^^^^^^^^^^^^^^
    )
    ^
  File "/Users/artem/Desktop/LR5/СosmetologyCenter/venv/lib/python3.13/site-packages/django/db/models/manager.py", line 87, in manager_method
    return getattr(self.get_queryset(), name)(*args, **kwargs)
           ~~~~~~~~~~~~~~~~~~~~~~~~~~~~~~~~~~^^^^^^^^^^^^^^^^^
  File "/Users/artem/Desktop/LR5/СosmetologyCenter/venv/lib/python3.13/site-packages/django/db/models/query.py", line 661, in create
    obj = self.model(**kwargs)
  File "/Users/artem/Desktop/LR5/СosmetologyCenter/venv/lib/python3.13/site-packages/django/db/models/base.py", line 569, in __init__
    raise TypeError(
    ...<2 lines>...
    )
TypeError: Payment() got unexpected keyword arguments: 'cart_item'
ERROR 2025-09-16 14:34:41,413 basehttp "POST /cart/pay-item/7/ HTTP/1.1" 500 96914
INFO 2025-09-16 14:36:03,713 autoreload /Users/artem/Desktop/LR5/СosmetologyCenter/core/models.py changed, reloading.
INFO 2025-09-16 14:36:04,109 autoreload Watching for file changes with StatReloader
ERROR 2025-09-16 14:36:10,161 log Internal Server Error: /cart/pay-item/7/
Traceback (most recent call last):
  File "/Users/artem/Desktop/LR5/СosmetologyCenter/venv/lib/python3.13/site-packages/django/db/backends/utils.py", line 105, in _execute
    return self.cursor.execute(sql, params)
           ~~~~~~~~~~~~~~~~~~~^^^^^^^^^^^^^
  File "/Users/artem/Desktop/LR5/СosmetologyCenter/venv/lib/python3.13/site-packages/django/db/backends/sqlite3/base.py", line 360, in execute
    return super().execute(query, params)
           ~~~~~~~~~~~~~~~^^^^^^^^^^^^^^^
sqlite3.OperationalError: table core_payment has no column named cart_item_id

The above exception was the direct cause of the following exception:

Traceback (most recent call last):
  File "/Users/artem/Desktop/LR5/СosmetologyCenter/venv/lib/python3.13/site-packages/django/core/handlers/exception.py", line 55, in inner
    response = get_response(request)
  File "/Users/artem/Desktop/LR5/СosmetologyCenter/venv/lib/python3.13/site-packages/django/core/handlers/base.py", line 197, in _get_response
    response = wrapped_callback(request, *callback_args, **callback_kwargs)
  File "/Users/artem/Desktop/LR5/СosmetologyCenter/venv/lib/python3.13/site-packages/django/views/generic/base.py", line 104, in view
    return self.dispatch(request, *args, **kwargs)
           ~~~~~~~~~~~~~^^^^^^^^^^^^^^^^^^^^^^^^^^
  File "/Users/artem/Desktop/LR5/СosmetologyCenter/venv/lib/python3.13/site-packages/django/contrib/auth/mixins.py", line 73, in dispatch
    return super().dispatch(request, *args, **kwargs)
           ~~~~~~~~~~~~~~~~^^^^^^^^^^^^^^^^^^^^^^^^^^
  File "/Users/artem/Desktop/LR5/СosmetologyCenter/venv/lib/python3.13/site-packages/django/views/generic/base.py", line 143, in dispatch
    return handler(request, *args, **kwargs)
  File "/Users/artem/Desktop/LR5/СosmetologyCenter/core/views.py", line 393, in post
    Payment.objects.create(
    ~~~~~~~~~~~~~~~~~~~~~~^
        cart=item.cart,
        ^^^^^^^^^^^^^^^
    ...<2 lines>...
        method='online'
        ^^^^^^^^^^^^^^^
    )
    ^
  File "/Users/artem/Desktop/LR5/СosmetologyCenter/venv/lib/python3.13/site-packages/django/db/models/manager.py", line 87, in manager_method
    return getattr(self.get_queryset(), name)(*args, **kwargs)
           ~~~~~~~~~~~~~~~~~~~~~~~~~~~~~~~~~~^^^^^^^^^^^^^^^^^
  File "/Users/artem/Desktop/LR5/СosmetologyCenter/venv/lib/python3.13/site-packages/django/db/models/query.py", line 663, in create
    obj.save(force_insert=True, using=self.db)
    ~~~~~~~~^^^^^^^^^^^^^^^^^^^^^^^^^^^^^^^^^^
  File "/Users/artem/Desktop/LR5/СosmetologyCenter/venv/lib/python3.13/site-packages/django/db/models/base.py", line 902, in save
    self.save_base(
    ~~~~~~~~~~~~~~^
        using=using,
        ^^^^^^^^^^^^
    ...<2 lines>...
        update_fields=update_fields,
        ^^^^^^^^^^^^^^^^^^^^^^^^^^^^
    )
    ^
  File "/Users/artem/Desktop/LR5/СosmetologyCenter/venv/lib/python3.13/site-packages/django/db/models/base.py", line 1008, in save_base
    updated = self._save_table(
        raw,
    ...<4 lines>...
        update_fields,
    )
  File "/Users/artem/Desktop/LR5/СosmetologyCenter/venv/lib/python3.13/site-packages/django/db/models/base.py", line 1169, in _save_table
    results = self._do_insert(
        cls._base_manager, using, fields, returning_fields, raw
    )
  File "/Users/artem/Desktop/LR5/СosmetologyCenter/venv/lib/python3.13/site-packages/django/db/models/base.py", line 1210, in _do_insert
    return manager._insert(
           ~~~~~~~~~~~~~~~^
        [self],
        ^^^^^^^
    ...<3 lines>...
        raw=raw,
        ^^^^^^^^
    )
    ^
  File "/Users/artem/Desktop/LR5/СosmetologyCenter/venv/lib/python3.13/site-packages/django/db/models/manager.py", line 87, in manager_method
    return getattr(self.get_queryset(), name)(*args, **kwargs)
           ~~~~~~~~~~~~~~~~~~~~~~~~~~~~~~~~~~^^^^^^^^^^^^^^^^^
  File "/Users/artem/Desktop/LR5/СosmetologyCenter/venv/lib/python3.13/site-packages/django/db/models/query.py", line 1864, in _insert
    return query.get_compiler(using=using).execute_sql(returning_fields)
           ~~~~~~~~~~~~~~~~~~~~~~~~~~~~~~~~~~~~~~~~~~~^^^^^^^^^^^^^^^^^^
  File "/Users/artem/Desktop/LR5/СosmetologyCenter/venv/lib/python3.13/site-packages/django/db/models/sql/compiler.py", line 1882, in execute_sql
    cursor.execute(sql, params)
    ~~~~~~~~~~~~~~^^^^^^^^^^^^^
  File "/Users/artem/Desktop/LR5/СosmetologyCenter/venv/lib/python3.13/site-packages/django/db/backends/utils.py", line 122, in execute
    return super().execute(sql, params)
           ~~~~~~~~~~~~~~~^^^^^^^^^^^^^
  File "/Users/artem/Desktop/LR5/СosmetologyCenter/venv/lib/python3.13/site-packages/django/db/backends/utils.py", line 79, in execute
    return self._execute_with_wrappers(
           ~~~~~~~~~~~~~~~~~~~~~~~~~~~^
        sql, params, many=False, executor=self._execute
        ^^^^^^^^^^^^^^^^^^^^^^^^^^^^^^^^^^^^^^^^^^^^^^^
    )
    ^
  File "/Users/artem/Desktop/LR5/СosmetologyCenter/venv/lib/python3.13/site-packages/django/db/backends/utils.py", line 92, in _execute_with_wrappers
    return executor(sql, params, many, context)
  File "/Users/artem/Desktop/LR5/СosmetologyCenter/venv/lib/python3.13/site-packages/django/db/backends/utils.py", line 100, in _execute
    with self.db.wrap_database_errors:
         ^^^^^^^^^^^^^^^^^^^^^^^^^^^^
  File "/Users/artem/Desktop/LR5/СosmetologyCenter/venv/lib/python3.13/site-packages/django/db/utils.py", line 91, in __exit__
    raise dj_exc_value.with_traceback(traceback) from exc_value
  File "/Users/artem/Desktop/LR5/СosmetologyCenter/venv/lib/python3.13/site-packages/django/db/backends/utils.py", line 105, in _execute
    return self.cursor.execute(sql, params)
           ~~~~~~~~~~~~~~~~~~~^^^^^^^^^^^^^
  File "/Users/artem/Desktop/LR5/СosmetologyCenter/venv/lib/python3.13/site-packages/django/db/backends/sqlite3/base.py", line 360, in execute
    return super().execute(query, params)
           ~~~~~~~~~~~~~~~^^^^^^^^^^^^^^^
django.db.utils.OperationalError: table core_payment has no column named cart_item_id
ERROR 2025-09-16 14:36:10,168 basehttp "POST /cart/pay-item/7/ HTTP/1.1" 500 171873
INFO 2025-09-16 14:36:27,832 autoreload Watching for file changes with StatReloader
ERROR 2025-09-16 14:36:31,112 log Internal Server Error: /cart/pay-item/7/
Traceback (most recent call last):
  File "/Users/artem/Desktop/LR5/СosmetologyCenter/venv/lib/python3.13/site-packages/django/db/backends/utils.py", line 105, in _execute
    return self.cursor.execute(sql, params)
           ~~~~~~~~~~~~~~~~~~~^^^^^^^^^^^^^
  File "/Users/artem/Desktop/LR5/СosmetologyCenter/venv/lib/python3.13/site-packages/django/db/backends/sqlite3/base.py", line 360, in execute
    return super().execute(query, params)
           ~~~~~~~~~~~~~~~^^^^^^^^^^^^^^^
sqlite3.IntegrityError: UNIQUE constraint failed: core_payment.cart_id

The above exception was the direct cause of the following exception:

Traceback (most recent call last):
  File "/Users/artem/Desktop/LR5/СosmetologyCenter/venv/lib/python3.13/site-packages/django/core/handlers/exception.py", line 55, in inner
    response = get_response(request)
  File "/Users/artem/Desktop/LR5/СosmetologyCenter/venv/lib/python3.13/site-packages/django/core/handlers/base.py", line 197, in _get_response
    response = wrapped_callback(request, *callback_args, **callback_kwargs)
  File "/Users/artem/Desktop/LR5/СosmetologyCenter/venv/lib/python3.13/site-packages/django/views/generic/base.py", line 104, in view
    return self.dispatch(request, *args, **kwargs)
           ~~~~~~~~~~~~~^^^^^^^^^^^^^^^^^^^^^^^^^^
  File "/Users/artem/Desktop/LR5/СosmetologyCenter/venv/lib/python3.13/site-packages/django/contrib/auth/mixins.py", line 73, in dispatch
    return super().dispatch(request, *args, **kwargs)
           ~~~~~~~~~~~~~~~~^^^^^^^^^^^^^^^^^^^^^^^^^^
  File "/Users/artem/Desktop/LR5/СosmetologyCenter/venv/lib/python3.13/site-packages/django/views/generic/base.py", line 143, in dispatch
    return handler(request, *args, **kwargs)
  File "/Users/artem/Desktop/LR5/СosmetologyCenter/core/views.py", line 393, in post
    Payment.objects.create(
    ~~~~~~~~~~~~~~~~~~~~~~^
        cart=item.cart,
        ^^^^^^^^^^^^^^^
    ...<2 lines>...
        method='online'
        ^^^^^^^^^^^^^^^
    )
    ^
  File "/Users/artem/Desktop/LR5/СosmetologyCenter/venv/lib/python3.13/site-packages/django/db/models/manager.py", line 87, in manager_method
    return getattr(self.get_queryset(), name)(*args, **kwargs)
           ~~~~~~~~~~~~~~~~~~~~~~~~~~~~~~~~~~^^^^^^^^^^^^^^^^^
  File "/Users/artem/Desktop/LR5/СosmetologyCenter/venv/lib/python3.13/site-packages/django/db/models/query.py", line 663, in create
    obj.save(force_insert=True, using=self.db)
    ~~~~~~~~^^^^^^^^^^^^^^^^^^^^^^^^^^^^^^^^^^
  File "/Users/artem/Desktop/LR5/СosmetologyCenter/venv/lib/python3.13/site-packages/django/db/models/base.py", line 902, in save
    self.save_base(
    ~~~~~~~~~~~~~~^
        using=using,
        ^^^^^^^^^^^^
    ...<2 lines>...
        update_fields=update_fields,
        ^^^^^^^^^^^^^^^^^^^^^^^^^^^^
    )
    ^
  File "/Users/artem/Desktop/LR5/СosmetologyCenter/venv/lib/python3.13/site-packages/django/db/models/base.py", line 1008, in save_base
    updated = self._save_table(
        raw,
    ...<4 lines>...
        update_fields,
    )
  File "/Users/artem/Desktop/LR5/СosmetologyCenter/venv/lib/python3.13/site-packages/django/db/models/base.py", line 1169, in _save_table
    results = self._do_insert(
        cls._base_manager, using, fields, returning_fields, raw
    )
  File "/Users/artem/Desktop/LR5/СosmetologyCenter/venv/lib/python3.13/site-packages/django/db/models/base.py", line 1210, in _do_insert
    return manager._insert(
           ~~~~~~~~~~~~~~~^
        [self],
        ^^^^^^^
    ...<3 lines>...
        raw=raw,
        ^^^^^^^^
    )
    ^
  File "/Users/artem/Desktop/LR5/СosmetologyCenter/venv/lib/python3.13/site-packages/django/db/models/manager.py", line 87, in manager_method
    return getattr(self.get_queryset(), name)(*args, **kwargs)
           ~~~~~~~~~~~~~~~~~~~~~~~~~~~~~~~~~~^^^^^^^^^^^^^^^^^
  File "/Users/artem/Desktop/LR5/СosmetologyCenter/venv/lib/python3.13/site-packages/django/db/models/query.py", line 1864, in _insert
    return query.get_compiler(using=using).execute_sql(returning_fields)
           ~~~~~~~~~~~~~~~~~~~~~~~~~~~~~~~~~~~~~~~~~~~^^^^^^^^^^^^^^^^^^
  File "/Users/artem/Desktop/LR5/СosmetologyCenter/venv/lib/python3.13/site-packages/django/db/models/sql/compiler.py", line 1882, in execute_sql
    cursor.execute(sql, params)
    ~~~~~~~~~~~~~~^^^^^^^^^^^^^
  File "/Users/artem/Desktop/LR5/СosmetologyCenter/venv/lib/python3.13/site-packages/django/db/backends/utils.py", line 122, in execute
    return super().execute(sql, params)
           ~~~~~~~~~~~~~~~^^^^^^^^^^^^^
  File "/Users/artem/Desktop/LR5/СosmetologyCenter/venv/lib/python3.13/site-packages/django/db/backends/utils.py", line 79, in execute
    return self._execute_with_wrappers(
           ~~~~~~~~~~~~~~~~~~~~~~~~~~~^
        sql, params, many=False, executor=self._execute
        ^^^^^^^^^^^^^^^^^^^^^^^^^^^^^^^^^^^^^^^^^^^^^^^
    )
    ^
  File "/Users/artem/Desktop/LR5/СosmetologyCenter/venv/lib/python3.13/site-packages/django/db/backends/utils.py", line 92, in _execute_with_wrappers
    return executor(sql, params, many, context)
  File "/Users/artem/Desktop/LR5/СosmetologyCenter/venv/lib/python3.13/site-packages/django/db/backends/utils.py", line 100, in _execute
    with self.db.wrap_database_errors:
         ^^^^^^^^^^^^^^^^^^^^^^^^^^^^
  File "/Users/artem/Desktop/LR5/СosmetologyCenter/venv/lib/python3.13/site-packages/django/db/utils.py", line 91, in __exit__
    raise dj_exc_value.with_traceback(traceback) from exc_value
  File "/Users/artem/Desktop/LR5/СosmetologyCenter/venv/lib/python3.13/site-packages/django/db/backends/utils.py", line 105, in _execute
    return self.cursor.execute(sql, params)
           ~~~~~~~~~~~~~~~~~~~^^^^^^^^^^^^^
  File "/Users/artem/Desktop/LR5/СosmetologyCenter/venv/lib/python3.13/site-packages/django/db/backends/sqlite3/base.py", line 360, in execute
    return super().execute(query, params)
           ~~~~~~~~~~~~~~~^^^^^^^^^^^^^^^
django.db.utils.IntegrityError: UNIQUE constraint failed: core_payment.cart_id
ERROR 2025-09-16 14:36:31,117 basehttp "POST /cart/pay-item/7/ HTTP/1.1" 500 171759
DEBUG 2025-09-16 14:36:38,812 views Получение последних новостей для главной страницы
INFO 2025-09-16 14:36:38,812 views Начало формирования контекста для главной страницы
DEBUG 2025-09-16 14:36:38,812 views Запрос курсов валют
DEBUG 2025-09-16 14:36:42,312 views Данные о курсах валют успешно получены
INFO 2025-09-16 14:36:42,312 views Контекст для главной страницы успешно сформирован
INFO 2025-09-16 14:36:42,348 basehttp "GET / HTTP/1.1" 200 23126
INFO 2025-09-16 14:36:42,417 basehttp "GET /media/partners/skintech.png HTTP/1.1" 200 3607
INFO 2025-09-16 14:36:42,418 basehttp "GET /media/partners/SkinCeuticals.png HTTP/1.1" 200 2448
INFO 2025-09-16 14:36:42,419 basehttp "GET /media/news/1-GettyImages-73096824-67ee7409bb789_NwYwV8X.webp HTTP/1.1" 200 23108
INFO 2025-09-16 14:36:42,420 basehttp "GET /media/partners/LaRoche-Posay.png HTTP/1.1" 200 3828
INFO 2025-09-16 14:36:42,426 basehttp "GET /media/news/1483444335_0-0-3840-2160_1920x0_80_0_0_d78397da469ce01dd2656c4ccb408168_dfm7Pro.jpg HTTP/1.1" 200 123825
INFO 2025-09-16 14:36:42,429 basehttp "GET /media/partners/obagi_logo.jpg HTTP/1.1" 200 53405
INFO 2025-09-16 14:36:42,431 basehttp "GET /media/news/Screenshot_2025-05-26_at_16.53.50.png HTTP/1.1" 200 983608
INFO 2025-09-16 14:36:45,393 basehttp "GET /services/ HTTP/1.1" 200 15458
INFO 2025-09-16 14:36:47,442 basehttp "GET /service/55/ HTTP/1.1" 200 6491
INFO 2025-09-16 14:36:56,092 basehttp "POST /cart/add/55/ HTTP/1.1" 302 0
INFO 2025-09-16 14:36:56,104 basehttp "GET /cart/ HTTP/1.1" 200 7480
ERROR 2025-09-16 14:36:59,398 log Internal Server Error: /cart/pay-item/7/
Traceback (most recent call last):
  File "/Users/artem/Desktop/LR5/СosmetologyCenter/venv/lib/python3.13/site-packages/django/db/backends/utils.py", line 105, in _execute
    return self.cursor.execute(sql, params)
           ~~~~~~~~~~~~~~~~~~~^^^^^^^^^^^^^
  File "/Users/artem/Desktop/LR5/СosmetologyCenter/venv/lib/python3.13/site-packages/django/db/backends/sqlite3/base.py", line 360, in execute
    return super().execute(query, params)
           ~~~~~~~~~~~~~~~^^^^^^^^^^^^^^^
sqlite3.IntegrityError: UNIQUE constraint failed: core_payment.cart_id

The above exception was the direct cause of the following exception:

Traceback (most recent call last):
  File "/Users/artem/Desktop/LR5/СosmetologyCenter/venv/lib/python3.13/site-packages/django/core/handlers/exception.py", line 55, in inner
    response = get_response(request)
  File "/Users/artem/Desktop/LR5/СosmetologyCenter/venv/lib/python3.13/site-packages/django/core/handlers/base.py", line 197, in _get_response
    response = wrapped_callback(request, *callback_args, **callback_kwargs)
  File "/Users/artem/Desktop/LR5/СosmetologyCenter/venv/lib/python3.13/site-packages/django/views/generic/base.py", line 104, in view
    return self.dispatch(request, *args, **kwargs)
           ~~~~~~~~~~~~~^^^^^^^^^^^^^^^^^^^^^^^^^^
  File "/Users/artem/Desktop/LR5/СosmetologyCenter/venv/lib/python3.13/site-packages/django/contrib/auth/mixins.py", line 73, in dispatch
    return super().dispatch(request, *args, **kwargs)
           ~~~~~~~~~~~~~~~~^^^^^^^^^^^^^^^^^^^^^^^^^^
  File "/Users/artem/Desktop/LR5/СosmetologyCenter/venv/lib/python3.13/site-packages/django/views/generic/base.py", line 143, in dispatch
    return handler(request, *args, **kwargs)
  File "/Users/artem/Desktop/LR5/СosmetologyCenter/core/views.py", line 393, in post
    Payment.objects.create(
    ~~~~~~~~~~~~~~~~~~~~~~^
        cart=item.cart,
        ^^^^^^^^^^^^^^^
    ...<2 lines>...
        method='online'
        ^^^^^^^^^^^^^^^
    )
    ^
  File "/Users/artem/Desktop/LR5/СosmetologyCenter/venv/lib/python3.13/site-packages/django/db/models/manager.py", line 87, in manager_method
    return getattr(self.get_queryset(), name)(*args, **kwargs)
           ~~~~~~~~~~~~~~~~~~~~~~~~~~~~~~~~~~^^^^^^^^^^^^^^^^^
  File "/Users/artem/Desktop/LR5/СosmetologyCenter/venv/lib/python3.13/site-packages/django/db/models/query.py", line 663, in create
    obj.save(force_insert=True, using=self.db)
    ~~~~~~~~^^^^^^^^^^^^^^^^^^^^^^^^^^^^^^^^^^
  File "/Users/artem/Desktop/LR5/СosmetologyCenter/venv/lib/python3.13/site-packages/django/db/models/base.py", line 902, in save
    self.save_base(
    ~~~~~~~~~~~~~~^
        using=using,
        ^^^^^^^^^^^^
    ...<2 lines>...
        update_fields=update_fields,
        ^^^^^^^^^^^^^^^^^^^^^^^^^^^^
    )
    ^
  File "/Users/artem/Desktop/LR5/СosmetologyCenter/venv/lib/python3.13/site-packages/django/db/models/base.py", line 1008, in save_base
    updated = self._save_table(
        raw,
    ...<4 lines>...
        update_fields,
    )
  File "/Users/artem/Desktop/LR5/СosmetologyCenter/venv/lib/python3.13/site-packages/django/db/models/base.py", line 1169, in _save_table
    results = self._do_insert(
        cls._base_manager, using, fields, returning_fields, raw
    )
  File "/Users/artem/Desktop/LR5/СosmetologyCenter/venv/lib/python3.13/site-packages/django/db/models/base.py", line 1210, in _do_insert
    return manager._insert(
           ~~~~~~~~~~~~~~~^
        [self],
        ^^^^^^^
    ...<3 lines>...
        raw=raw,
        ^^^^^^^^
    )
    ^
  File "/Users/artem/Desktop/LR5/СosmetologyCenter/venv/lib/python3.13/site-packages/django/db/models/manager.py", line 87, in manager_method
    return getattr(self.get_queryset(), name)(*args, **kwargs)
           ~~~~~~~~~~~~~~~~~~~~~~~~~~~~~~~~~~^^^^^^^^^^^^^^^^^
  File "/Users/artem/Desktop/LR5/СosmetologyCenter/venv/lib/python3.13/site-packages/django/db/models/query.py", line 1864, in _insert
    return query.get_compiler(using=using).execute_sql(returning_fields)
           ~~~~~~~~~~~~~~~~~~~~~~~~~~~~~~~~~~~~~~~~~~~^^^^^^^^^^^^^^^^^^
  File "/Users/artem/Desktop/LR5/СosmetologyCenter/venv/lib/python3.13/site-packages/django/db/models/sql/compiler.py", line 1882, in execute_sql
    cursor.execute(sql, params)
    ~~~~~~~~~~~~~~^^^^^^^^^^^^^
  File "/Users/artem/Desktop/LR5/СosmetologyCenter/venv/lib/python3.13/site-packages/django/db/backends/utils.py", line 122, in execute
    return super().execute(sql, params)
           ~~~~~~~~~~~~~~~^^^^^^^^^^^^^
  File "/Users/artem/Desktop/LR5/СosmetologyCenter/venv/lib/python3.13/site-packages/django/db/backends/utils.py", line 79, in execute
    return self._execute_with_wrappers(
           ~~~~~~~~~~~~~~~~~~~~~~~~~~~^
        sql, params, many=False, executor=self._execute
        ^^^^^^^^^^^^^^^^^^^^^^^^^^^^^^^^^^^^^^^^^^^^^^^
    )
    ^
  File "/Users/artem/Desktop/LR5/СosmetologyCenter/venv/lib/python3.13/site-packages/django/db/backends/utils.py", line 92, in _execute_with_wrappers
    return executor(sql, params, many, context)
  File "/Users/artem/Desktop/LR5/СosmetologyCenter/venv/lib/python3.13/site-packages/django/db/backends/utils.py", line 100, in _execute
    with self.db.wrap_database_errors:
         ^^^^^^^^^^^^^^^^^^^^^^^^^^^^
  File "/Users/artem/Desktop/LR5/СosmetologyCenter/venv/lib/python3.13/site-packages/django/db/utils.py", line 91, in __exit__
    raise dj_exc_value.with_traceback(traceback) from exc_value
  File "/Users/artem/Desktop/LR5/СosmetologyCenter/venv/lib/python3.13/site-packages/django/db/backends/utils.py", line 105, in _execute
    return self.cursor.execute(sql, params)
           ~~~~~~~~~~~~~~~~~~~^^^^^^^^^^^^^
  File "/Users/artem/Desktop/LR5/СosmetologyCenter/venv/lib/python3.13/site-packages/django/db/backends/sqlite3/base.py", line 360, in execute
    return super().execute(query, params)
           ~~~~~~~~~~~~~~~^^^^^^^^^^^^^^^
django.db.utils.IntegrityError: UNIQUE constraint failed: core_payment.cart_id
ERROR 2025-09-16 14:36:59,401 basehttp "POST /cart/pay-item/7/ HTTP/1.1" 500 171614
INFO 2025-09-16 14:39:01,681 autoreload /Users/artem/Desktop/LR5/СosmetologyCenter/core/models.py changed, reloading.
INFO 2025-09-16 14:39:02,045 autoreload Watching for file changes with StatReloader
INFO 2025-09-16 14:39:05,221 autoreload /Users/artem/Desktop/LR5/СosmetologyCenter/core/models.py changed, reloading.
INFO 2025-09-16 14:39:05,480 autoreload Watching for file changes with StatReloader
INFO 2025-09-16 14:39:50,975 autoreload /Users/artem/Desktop/LR5/СosmetologyCenter/core/models.py changed, reloading.
INFO 2025-09-16 14:39:51,353 autoreload Watching for file changes with StatReloader
INFO 2025-09-16 14:41:19,641 autoreload /Users/artem/Desktop/LR5/СosmetologyCenter/core/models.py changed, reloading.
INFO 2025-09-16 14:41:20,097 autoreload Watching for file changes with StatReloader
INFO 2025-09-16 14:43:39,295 autoreload Watching for file changes with StatReloader
DEBUG 2025-09-16 14:43:48,270 views Получение последних новостей для главной страницы
INFO 2025-09-16 14:43:48,271 views Начало формирования контекста для главной страницы
DEBUG 2025-09-16 14:43:48,271 views Запрос курсов валют
DEBUG 2025-09-16 14:43:51,637 views Данные о курсах валют успешно получены
INFO 2025-09-16 14:43:51,638 views Контекст для главной страницы успешно сформирован
INFO 2025-09-16 14:43:51,678 basehttp "GET / HTTP/1.1" 200 19450
INFO 2025-09-16 14:43:54,490 basehttp "GET /services/ HTTP/1.1" 200 15458
INFO 2025-09-16 14:43:56,572 basehttp "GET /cart/ HTTP/1.1" 200 7480
INFO 2025-09-16 14:43:58,426 basehttp "POST /cart/pay-item/7/ HTTP/1.1" 302 0
INFO 2025-09-16 14:43:58,437 basehttp "GET /cart/ HTTP/1.1" 200 7115
INFO 2025-09-16 14:44:03,747 basehttp "GET /dashboard/client/ HTTP/1.1" 200 14499
INFO 2025-09-16 14:44:07,737 basehttp "GET /cart/ HTTP/1.1" 200 7115
INFO 2025-09-16 14:44:11,159 basehttp "POST /cart/pay-item/8/ HTTP/1.1" 302 0
INFO 2025-09-16 14:44:11,170 basehttp "GET /cart/ HTTP/1.1" 200 6750
INFO 2025-09-16 14:44:26,975 basehttp "GET /dashboard/client/ HTTP/1.1" 200 16209
INFO 2025-09-16 14:44:37,591 basehttp "GET /dashboard/client/ HTTP/1.1" 200 16209
INFO 2025-09-16 14:44:40,704 basehttp "GET /services/ HTTP/1.1" 200 15458
INFO 2025-09-16 14:44:42,320 basehttp "GET /services/ HTTP/1.1" 200 15458
INFO 2025-09-16 14:44:43,157 basehttp "GET /cart/ HTTP/1.1" 200 6750
INFO 2025-09-16 14:44:44,500 basehttp "POST /cart/checkout/ HTTP/1.1" 302 0
INFO 2025-09-16 14:44:44,512 basehttp "GET /cart/ HTTP/1.1" 200 6750
INFO 2025-09-16 14:44:45,382 basehttp "POST /cart/checkout/ HTTP/1.1" 302 0
INFO 2025-09-16 14:44:45,390 basehttp "GET /cart/ HTTP/1.1" 200 6750
INFO 2025-09-16 14:44:45,928 basehttp "POST /cart/checkout/ HTTP/1.1" 302 0
INFO 2025-09-16 14:44:45,936 basehttp "GET /cart/ HTTP/1.1" 200 6750
INFO 2025-09-16 14:44:47,616 basehttp "GET /cart/ HTTP/1.1" 200 6750
INFO 2025-09-16 14:44:50,686 basehttp "POST /cart/remove/7/ HTTP/1.1" 302 0
INFO 2025-09-16 14:44:50,696 basehttp "GET /cart/ HTTP/1.1" 200 5958
INFO 2025-09-16 14:44:51,970 basehttp "POST /cart/remove/8/ HTTP/1.1" 302 0
INFO 2025-09-16 14:44:51,979 basehttp "GET /cart/ HTTP/1.1" 200 4445
INFO 2025-09-16 14:44:55,421 basehttp "GET /services/ HTTP/1.1" 200 15458
INFO 2025-09-16 14:44:58,135 basehttp "GET /service/60/ HTTP/1.1" 200 6408
INFO 2025-09-16 14:45:04,907 basehttp "POST /cart/add/60/ HTTP/1.1" 302 0
INFO 2025-09-16 14:45:04,917 basehttp "GET /cart/ HTTP/1.1" 200 6350
INFO 2025-09-16 14:45:07,322 basehttp "GET /services/ HTTP/1.1" 200 15458
INFO 2025-09-16 14:45:10,052 basehttp "GET /service/55/ HTTP/1.1" 200 6491
INFO 2025-09-16 14:45:14,889 basehttp "POST /cart/add/55/ HTTP/1.1" 302 0
INFO 2025-09-16 14:45:14,899 basehttp "GET /cart/ HTTP/1.1" 200 7489
INFO 2025-09-16 14:45:18,615 basehttp "POST /cart/checkout/ HTTP/1.1" 302 0
INFO 2025-09-16 14:45:18,630 basehttp "GET /dashboard/client/ HTTP/1.1" 200 19661
INFO 2025-09-16 14:45:20,499 basehttp "GET /cart/ HTTP/1.1" 200 4445
INFO 2025-09-16 14:45:22,177 basehttp "GET /dashboard/client/ HTTP/1.1" 200 19661
INFO 2025-09-16 14:47:49,081 basehttp "GET /admin/ HTTP/1.1" 302 0
INFO 2025-09-16 14:47:49,101 basehttp "GET /admin/login/?next=/admin/ HTTP/1.1" 200 4893
INFO 2025-09-16 14:47:56,907 basehttp "GET /admin/login/?next=/admin/ HTTP/1.1" 200 3688
INFO 2025-09-16 14:48:08,873 basehttp "POST /admin/login/?next=/admin/ HTTP/1.1" 302 0
INFO 2025-09-16 14:48:08,888 basehttp "GET /admin/ HTTP/1.1" 200 21730
INFO 2025-09-16 14:48:18,416 basehttp "GET /admin/core/cart/ HTTP/1.1" 200 17209
INFO 2025-09-16 14:48:18,434 basehttp "GET /admin/jsi18n/ HTTP/1.1" 200 3342
INFO 2025-09-16 14:48:19,951 basehttp "GET /admin/core/cart/1/change/ HTTP/1.1" 200 20927
INFO 2025-09-16 14:48:19,964 basehttp "GET /admin/jsi18n/ HTTP/1.1" 200 3342
INFO 2025-09-16 14:48:19,968 basehttp "GET /static/admin/img/icon-deletelink.svg HTTP/1.1" 304 0
INFO 2025-09-16 14:48:22,848 basehttp "GET /admin/core/cart/ HTTP/1.1" 200 17209
INFO 2025-09-16 14:48:23,528 basehttp "GET /admin/ HTTP/1.1" 200 21730
INFO 2025-09-16 14:48:25,538 basehttp "GET /admin/core/cartitem/ HTTP/1.1" 200 17556
INFO 2025-09-16 14:48:25,557 basehttp "GET /admin/jsi18n/ HTTP/1.1" 200 3342
INFO 2025-09-16 14:48:27,199 basehttp "GET /admin/core/cartitem/10/change/ HTTP/1.1" 200 25727
INFO 2025-09-16 14:48:27,215 basehttp "GET /admin/jsi18n/ HTTP/1.1" 200 3342
INFO 2025-09-16 14:48:29,134 basehttp "GET /admin/core/cartitem/ HTTP/1.1" 200 17556
INFO 2025-09-16 14:48:30,273 basehttp "GET /admin/core/cartitem/9/change/ HTTP/1.1" 200 25721
INFO 2025-09-16 14:48:30,289 basehttp "GET /admin/jsi18n/ HTTP/1.1" 200 3342
INFO 2025-09-16 14:48:31,933 basehttp "GET /admin/core/cartitem/ HTTP/1.1" 200 17556
INFO 2025-09-16 14:48:43,344 basehttp "GET /admin/core/cartitem/9/change/ HTTP/1.1" 200 25721
INFO 2025-09-16 14:48:43,363 basehttp "GET /admin/jsi18n/ HTTP/1.1" 200 3342
INFO 2025-09-16 14:48:45,101 basehttp "GET /admin/core/cartitem/9/delete/ HTTP/1.1" 200 15922
INFO 2025-09-16 14:48:45,115 basehttp "GET /static/admin/js/cancel.js HTTP/1.1" 304 0
INFO 2025-09-16 14:48:46,463 basehttp "POST /admin/core/cartitem/9/delete/ HTTP/1.1" 302 0
INFO 2025-09-16 14:48:46,479 basehttp "GET /admin/core/cartitem/ HTTP/1.1" 200 17439
INFO 2025-09-16 14:48:46,494 basehttp "GET /admin/jsi18n/ HTTP/1.1" 200 3342
INFO 2025-09-16 14:48:48,923 basehttp "GET /admin/core/cartitem/10/change/ HTTP/1.1" 200 25727
INFO 2025-09-16 14:48:48,940 basehttp "GET /admin/jsi18n/ HTTP/1.1" 200 3342
INFO 2025-09-16 14:48:50,384 basehttp "GET /admin/core/cartitem/10/delete/ HTTP/1.1" 200 15927
INFO 2025-09-16 14:48:51,625 basehttp "POST /admin/core/cartitem/10/delete/ HTTP/1.1" 302 0
INFO 2025-09-16 14:48:51,640 basehttp "GET /admin/core/cartitem/ HTTP/1.1" 200 16129
INFO 2025-09-16 14:48:51,658 basehttp "GET /admin/jsi18n/ HTTP/1.1" 200 3342
INFO 2025-09-16 14:48:53,820 basehttp "GET /admin/ HTTP/1.1" 200 21656
INFO 2025-09-16 14:48:56,450 basehttp "GET /admin/core/cart/ HTTP/1.1" 200 17209
INFO 2025-09-16 14:48:56,468 basehttp "GET /admin/jsi18n/ HTTP/1.1" 200 3342
INFO 2025-09-16 14:48:58,587 basehttp "GET /admin/core/cart/1/change/ HTTP/1.1" 200 20927
INFO 2025-09-16 14:48:58,605 basehttp "GET /admin/jsi18n/ HTTP/1.1" 200 3342
INFO 2025-09-16 14:49:07,032 basehttp "GET /admin/core/cart/1/delete/ HTTP/1.1" 200 16334
INFO 2025-09-16 14:49:08,496 basehttp "POST /admin/core/cart/1/delete/ HTTP/1.1" 302 0
INFO 2025-09-16 14:49:08,510 basehttp "GET /admin/core/cart/ HTTP/1.1" 200 16086
INFO 2025-09-16 14:49:08,528 basehttp "GET /admin/jsi18n/ HTTP/1.1" 200 3342
INFO 2025-09-16 14:49:10,671 basehttp "GET /admin/ HTTP/1.1" 200 21614
INFO 2025-09-16 14:49:31,619 basehttp "GET /admin/core/payment/ HTTP/1.1" 200 15945
INFO 2025-09-16 14:49:31,641 basehttp "GET /admin/jsi18n/ HTTP/1.1" 200 3342
INFO 2025-09-16 14:49:34,021 basehttp "GET /admin/ HTTP/1.1" 200 21614
INFO 2025-09-16 14:51:58,785 autoreload /Users/artem/Desktop/LR5/СosmetologyCenter/core/views.py changed, reloading.
INFO 2025-09-16 14:51:59,290 autoreload Watching for file changes with StatReloader
INFO 2025-09-16 14:55:54,042 autoreload /Users/artem/Desktop/LR5/СosmetologyCenter/core/views.py changed, reloading.
INFO 2025-09-16 14:55:54,436 autoreload Watching for file changes with StatReloader
INFO 2025-09-16 14:57:25,630 autoreload /Users/artem/Desktop/LR5/СosmetologyCenter/core/views.py changed, reloading.
INFO 2025-09-16 14:57:26,036 autoreload Watching for file changes with StatReloader
ERROR 2025-09-16 14:58:26,251 log Internal Server Error: /dashboard/client/
Traceback (most recent call last):
  File "/Users/artem/Desktop/LR5/СosmetologyCenter/venv/lib/python3.13/site-packages/django/core/handlers/exception.py", line 55, in inner
    response = get_response(request)
  File "/Users/artem/Desktop/LR5/СosmetologyCenter/venv/lib/python3.13/site-packages/django/core/handlers/base.py", line 197, in _get_response
    response = wrapped_callback(request, *callback_args, **callback_kwargs)
  File "/Users/artem/Desktop/LR5/СosmetologyCenter/venv/lib/python3.13/site-packages/django/views/generic/base.py", line 104, in view
    return self.dispatch(request, *args, **kwargs)
           ~~~~~~~~~~~~~^^^^^^^^^^^^^^^^^^^^^^^^^^
  File "/Users/artem/Desktop/LR5/СosmetologyCenter/venv/lib/python3.13/site-packages/django/contrib/auth/mixins.py", line 73, in dispatch
    return super().dispatch(request, *args, **kwargs)
           ~~~~~~~~~~~~~~~~^^^^^^^^^^^^^^^^^^^^^^^^^^
  File "/Users/artem/Desktop/LR5/СosmetologyCenter/venv/lib/python3.13/site-packages/django/views/generic/base.py", line 143, in dispatch
    return handler(request, *args, **kwargs)
  File "/Users/artem/Desktop/LR5/СosmetologyCenter/venv/lib/python3.13/site-packages/django/views/generic/base.py", line 226, in get
    context = self.get_context_data(**kwargs)
  File "/Users/artem/Desktop/LR5/СosmetologyCenter/core/views.py", line 256, in get_context_data
    client=self.request.user.client
           ^^^^^^^^^^^^^^^^^^^^^^^^
  File "/Users/artem/Desktop/LR5/СosmetologyCenter/venv/lib/python3.13/site-packages/django/utils/functional.py", line 253, in inner
    return func(_wrapped, *args)
  File "/Users/artem/Desktop/LR5/СosmetologyCenter/venv/lib/python3.13/site-packages/django/db/models/fields/related_descriptors.py", line 531, in __get__
    raise self.RelatedObjectDoesNotExist(
    ...<2 lines>...
    )
django.contrib.auth.models.User.client.RelatedObjectDoesNotExist: User has no client.
ERROR 2025-09-16 14:58:26,255 basehttp "GET /dashboard/client/ HTTP/1.1" 500 93181
ERROR 2025-09-16 14:58:27,575 log Internal Server Error: /dashboard/client/
Traceback (most recent call last):
  File "/Users/artem/Desktop/LR5/СosmetologyCenter/venv/lib/python3.13/site-packages/django/core/handlers/exception.py", line 55, in inner
    response = get_response(request)
  File "/Users/artem/Desktop/LR5/СosmetologyCenter/venv/lib/python3.13/site-packages/django/core/handlers/base.py", line 197, in _get_response
    response = wrapped_callback(request, *callback_args, **callback_kwargs)
  File "/Users/artem/Desktop/LR5/СosmetologyCenter/venv/lib/python3.13/site-packages/django/views/generic/base.py", line 104, in view
    return self.dispatch(request, *args, **kwargs)
           ~~~~~~~~~~~~~^^^^^^^^^^^^^^^^^^^^^^^^^^
  File "/Users/artem/Desktop/LR5/СosmetologyCenter/venv/lib/python3.13/site-packages/django/contrib/auth/mixins.py", line 73, in dispatch
    return super().dispatch(request, *args, **kwargs)
           ~~~~~~~~~~~~~~~~^^^^^^^^^^^^^^^^^^^^^^^^^^
  File "/Users/artem/Desktop/LR5/СosmetologyCenter/venv/lib/python3.13/site-packages/django/views/generic/base.py", line 143, in dispatch
    return handler(request, *args, **kwargs)
  File "/Users/artem/Desktop/LR5/СosmetologyCenter/venv/lib/python3.13/site-packages/django/views/generic/base.py", line 226, in get
    context = self.get_context_data(**kwargs)
  File "/Users/artem/Desktop/LR5/СosmetologyCenter/core/views.py", line 256, in get_context_data
    client=self.request.user.client
           ^^^^^^^^^^^^^^^^^^^^^^^^
  File "/Users/artem/Desktop/LR5/СosmetologyCenter/venv/lib/python3.13/site-packages/django/utils/functional.py", line 253, in inner
    return func(_wrapped, *args)
  File "/Users/artem/Desktop/LR5/СosmetologyCenter/venv/lib/python3.13/site-packages/django/db/models/fields/related_descriptors.py", line 531, in __get__
    raise self.RelatedObjectDoesNotExist(
    ...<2 lines>...
    )
django.contrib.auth.models.User.client.RelatedObjectDoesNotExist: User has no client.
ERROR 2025-09-16 14:58:27,577 basehttp "GET /dashboard/client/ HTTP/1.1" 500 93181
INFO 2025-09-16 14:58:35,168 autoreload Watching for file changes with StatReloader
DEBUG 2025-09-16 14:58:40,618 views Получение последних новостей для главной страницы
INFO 2025-09-16 14:58:40,618 views Начало формирования контекста для главной страницы
DEBUG 2025-09-16 14:58:40,619 views Запрос курсов валют
DEBUG 2025-09-16 14:58:44,789 views Данные о курсах валют успешно получены
INFO 2025-09-16 14:58:44,790 views Контекст для главной страницы успешно сформирован
INFO 2025-09-16 14:58:44,830 basehttp "GET / HTTP/1.1" 200 18891
INFO 2025-09-16 14:58:44,884 basehttp "GET /media/partners/skintech.png HTTP/1.1" 200 3607
INFO 2025-09-16 14:58:44,885 basehttp "GET /media/partners/SkinCeuticals.png HTTP/1.1" 200 2448
INFO 2025-09-16 14:58:44,888 basehttp "GET /media/news/1-GettyImages-73096824-67ee7409bb789_NwYwV8X.webp HTTP/1.1" 200 23108
INFO 2025-09-16 14:58:44,888 basehttp "GET /media/partners/LaRoche-Posay.png HTTP/1.1" 200 3828
INFO 2025-09-16 14:58:44,892 basehttp "GET /media/news/1483444335_0-0-3840-2160_1920x0_80_0_0_d78397da469ce01dd2656c4ccb408168_dfm7Pro.jpg HTTP/1.1" 200 123825
INFO 2025-09-16 14:58:44,900 basehttp "GET /media/partners/obagi_logo.jpg HTTP/1.1" 200 53405
INFO 2025-09-16 14:58:44,911 basehttp "GET /media/news/Screenshot_2025-05-26_at_16.53.50.png HTTP/1.1" 200 983608
INFO 2025-09-16 14:58:47,449 basehttp "POST /logout/ HTTP/1.1" 302 0
DEBUG 2025-09-16 14:58:47,452 views Получение последних новостей для главной страницы
INFO 2025-09-16 14:58:47,452 views Начало формирования контекста для главной страницы
DEBUG 2025-09-16 14:58:47,452 views Запрос курсов валют
DEBUG 2025-09-16 14:58:51,081 views Данные о курсах валют успешно получены
INFO 2025-09-16 14:58:51,082 views Контекст для главной страницы успешно сформирован
INFO 2025-09-16 14:58:51,091 basehttp "GET / HTTP/1.1" 200 17707
INFO 2025-09-16 14:58:52,036 basehttp "GET /admin/auth/user/ HTTP/1.1" 302 0
INFO 2025-09-16 14:58:52,051 basehttp "GET /admin/login/?next=/admin/auth/user/ HTTP/1.1" 200 4193
INFO 2025-09-16 14:59:04,050 basehttp "POST /admin/login/?next=/admin/auth/user/ HTTP/1.1" 302 0
INFO 2025-09-16 14:59:04,073 basehttp "GET /admin/auth/user/ HTTP/1.1" 200 25805
INFO 2025-09-16 14:59:04,090 basehttp "GET /admin/jsi18n/ HTTP/1.1" 200 3342
INFO 2025-09-16 14:59:07,128 basehttp "GET /admin/auth/user/41/change/ HTTP/1.1" 200 36283
INFO 2025-09-16 14:59:07,144 basehttp "GET /admin/jsi18n/ HTTP/1.1" 200 3342
INFO 2025-09-16 14:59:12,688 basehttp "GET /accounts/login/ HTTP/1.1" 302 0
INFO 2025-09-16 14:59:12,697 basehttp "GET /dashboard/ HTTP/1.1" 302 0
DEBUG 2025-09-16 14:59:12,701 views Получение последних новостей для главной страницы
INFO 2025-09-16 14:59:12,701 views Начало формирования контекста для главной страницы
DEBUG 2025-09-16 14:59:12,701 views Запрос курсов валют
DEBUG 2025-09-16 14:59:16,013 views Данные о курсах валют успешно получены
INFO 2025-09-16 14:59:16,013 views Контекст для главной страницы успешно сформирован
INFO 2025-09-16 14:59:16,028 basehttp "GET / HTTP/1.1" 200 18891
ERROR 2025-09-16 14:59:19,169 log Internal Server Error: /cart/
Traceback (most recent call last):
  File "/Users/artem/Desktop/LR5/СosmetologyCenter/venv/lib/python3.13/site-packages/django/core/handlers/exception.py", line 55, in inner
    response = get_response(request)
  File "/Users/artem/Desktop/LR5/СosmetologyCenter/venv/lib/python3.13/site-packages/django/core/handlers/base.py", line 197, in _get_response
    response = wrapped_callback(request, *callback_args, **callback_kwargs)
  File "/Users/artem/Desktop/LR5/СosmetologyCenter/venv/lib/python3.13/site-packages/django/views/generic/base.py", line 104, in view
    return self.dispatch(request, *args, **kwargs)
           ~~~~~~~~~~~~~^^^^^^^^^^^^^^^^^^^^^^^^^^
  File "/Users/artem/Desktop/LR5/СosmetologyCenter/venv/lib/python3.13/site-packages/django/contrib/auth/mixins.py", line 73, in dispatch
    return super().dispatch(request, *args, **kwargs)
           ~~~~~~~~~~~~~~~~^^^^^^^^^^^^^^^^^^^^^^^^^^
  File "/Users/artem/Desktop/LR5/СosmetologyCenter/venv/lib/python3.13/site-packages/django/views/generic/base.py", line 143, in dispatch
    return handler(request, *args, **kwargs)
  File "/Users/artem/Desktop/LR5/СosmetologyCenter/venv/lib/python3.13/site-packages/django/views/generic/base.py", line 226, in get
    context = self.get_context_data(**kwargs)
  File "/Users/artem/Desktop/LR5/СosmetologyCenter/core/views.py", line 342, in get_context_data
    cart = Cart.objects.filter(client=self.request.user.client, is_checked_out=False).first()
                                      ^^^^^^^^^^^^^^^^^^^^^^^^
  File "/Users/artem/Desktop/LR5/СosmetologyCenter/venv/lib/python3.13/site-packages/django/utils/functional.py", line 253, in inner
    return func(_wrapped, *args)
  File "/Users/artem/Desktop/LR5/СosmetologyCenter/venv/lib/python3.13/site-packages/django/db/models/fields/related_descriptors.py", line 531, in __get__
    raise self.RelatedObjectDoesNotExist(
    ...<2 lines>...
    )
django.contrib.auth.models.User.client.RelatedObjectDoesNotExist: User has no client.
ERROR 2025-09-16 14:59:19,173 basehttp "GET /cart/ HTTP/1.1" 500 92842
INFO 2025-09-16 14:59:23,593 basehttp "POST /logout/ HTTP/1.1" 302 0
DEBUG 2025-09-16 14:59:23,595 views Получение последних новостей для главной страницы
INFO 2025-09-16 14:59:23,596 views Начало формирования контекста для главной страницы
DEBUG 2025-09-16 14:59:23,596 views Запрос курсов валют
INFO 2025-09-16 14:59:25,476 basehttp "POST /logout/ HTTP/1.1" 302 0
DEBUG 2025-09-16 14:59:25,479 views Получение последних новостей для главной страницы
INFO 2025-09-16 14:59:25,479 views Начало формирования контекста для главной страницы
DEBUG 2025-09-16 14:59:25,480 views Запрос курсов валют
DEBUG 2025-09-16 14:59:26,831 views Данные о курсах валют успешно получены
INFO 2025-09-16 14:59:26,832 views Контекст для главной страницы успешно сформирован
INFO 2025-09-16 14:59:26,843 basehttp "GET / HTTP/1.1" 200 17707
DEBUG 2025-09-16 14:59:26,886 views Данные о курсах валют успешно получены
INFO 2025-09-16 14:59:26,888 views Контекст для главной страницы успешно сформирован
INFO 2025-09-16 14:59:26,896 basehttp "GET / HTTP/1.1" 200 17707
INFO 2025-09-16 14:59:26,897 basehttp - Broken pipe from ('127.0.0.1', 50668)
INFO 2025-09-16 14:59:28,828 basehttp "GET /accounts/login/ HTTP/1.1" 200 3757
INFO 2025-09-16 14:59:35,514 basehttp "POST /accounts/login/ HTTP/1.1" 302 0
INFO 2025-09-16 14:59:35,521 basehttp "GET /dashboard/ HTTP/1.1" 302 0
INFO 2025-09-16 14:59:35,529 basehttp "GET /dashboard/client/ HTTP/1.1" 200 19661
ERROR 2025-09-16 14:59:37,678 log Internal Server Error: /cart/
Traceback (most recent call last):
  File "/Users/artem/Desktop/LR5/СosmetologyCenter/venv/lib/python3.13/site-packages/django/core/handlers/exception.py", line 55, in inner
    response = get_response(request)
  File "/Users/artem/Desktop/LR5/СosmetologyCenter/venv/lib/python3.13/site-packages/django/core/handlers/base.py", line 220, in _get_response
    response = response.render()
  File "/Users/artem/Desktop/LR5/СosmetologyCenter/venv/lib/python3.13/site-packages/django/template/response.py", line 114, in render
    self.content = self.rendered_content
                   ^^^^^^^^^^^^^^^^^^^^^
  File "/Users/artem/Desktop/LR5/СosmetologyCenter/venv/lib/python3.13/site-packages/django/template/response.py", line 90, in rendered_content
    template = self.resolve_template(self.template_name)
  File "/Users/artem/Desktop/LR5/СosmetologyCenter/venv/lib/python3.13/site-packages/django/template/response.py", line 72, in resolve_template
    return select_template(template, using=self.using)
  File "/Users/artem/Desktop/LR5/СosmetologyCenter/venv/lib/python3.13/site-packages/django/template/loader.py", line 42, in select_template
    return engine.get_template(template_name)
           ~~~~~~~~~~~~~~~~~~~^^^^^^^^^^^^^^^
  File "/Users/artem/Desktop/LR5/СosmetologyCenter/venv/lib/python3.13/site-packages/django/template/backends/django.py", line 79, in get_template
    return Template(self.engine.get_template(template_name), self)
                    ~~~~~~~~~~~~~~~~~~~~~~~~^^^^^^^^^^^^^^^
  File "/Users/artem/Desktop/LR5/СosmetologyCenter/venv/lib/python3.13/site-packages/django/template/engine.py", line 177, in get_template
    template, origin = self.find_template(template_name)
                       ~~~~~~~~~~~~~~~~~~^^^^^^^^^^^^^^^
  File "/Users/artem/Desktop/LR5/СosmetologyCenter/venv/lib/python3.13/site-packages/django/template/engine.py", line 159, in find_template
    template = loader.get_template(name, skip=skip)
  File "/Users/artem/Desktop/LR5/СosmetologyCenter/venv/lib/python3.13/site-packages/django/template/loaders/cached.py", line 57, in get_template
    template = super().get_template(template_name, skip)
  File "/Users/artem/Desktop/LR5/СosmetologyCenter/venv/lib/python3.13/site-packages/django/template/loaders/base.py", line 28, in get_template
    return Template(
        contents,
    ...<2 lines>...
        self.engine,
    )
  File "/Users/artem/Desktop/LR5/СosmetologyCenter/venv/lib/python3.13/site-packages/django/template/base.py", line 154, in __init__
    self.nodelist = self.compile_nodelist()
                    ~~~~~~~~~~~~~~~~~~~~~^^
  File "/Users/artem/Desktop/LR5/СosmetologyCenter/venv/lib/python3.13/site-packages/django/template/base.py", line 196, in compile_nodelist
    nodelist = parser.parse()
  File "/Users/artem/Desktop/LR5/СosmetologyCenter/venv/lib/python3.13/site-packages/django/template/base.py", line 518, in parse
    raise self.error(token, e)
  File "/Users/artem/Desktop/LR5/СosmetologyCenter/venv/lib/python3.13/site-packages/django/template/base.py", line 516, in parse
    compiled_result = compile_func(self, token)
  File "/Users/artem/Desktop/LR5/СosmetologyCenter/venv/lib/python3.13/site-packages/django/template/loader_tags.py", line 299, in do_extends
    nodelist = parser.parse()
  File "/Users/artem/Desktop/LR5/СosmetologyCenter/venv/lib/python3.13/site-packages/django/template/base.py", line 518, in parse
    raise self.error(token, e)
  File "/Users/artem/Desktop/LR5/СosmetologyCenter/venv/lib/python3.13/site-packages/django/template/base.py", line 516, in parse
    compiled_result = compile_func(self, token)
  File "/Users/artem/Desktop/LR5/СosmetologyCenter/venv/lib/python3.13/site-packages/django/template/loader_tags.py", line 234, in do_block
    nodelist = parser.parse(("endblock",))
  File "/Users/artem/Desktop/LR5/СosmetologyCenter/venv/lib/python3.13/site-packages/django/template/base.py", line 518, in parse
    raise self.error(token, e)
  File "/Users/artem/Desktop/LR5/СosmetologyCenter/venv/lib/python3.13/site-packages/django/template/base.py", line 516, in parse
    compiled_result = compile_func(self, token)
  File "/Users/artem/Desktop/LR5/СosmetologyCenter/venv/lib/python3.13/site-packages/django/template/defaulttags.py", line 962, in do_if
    nodelist = parser.parse(("elif", "else", "endif"))
  File "/Users/artem/Desktop/LR5/СosmetologyCenter/venv/lib/python3.13/site-packages/django/template/base.py", line 518, in parse
    raise self.error(token, e)
  File "/Users/artem/Desktop/LR5/СosmetologyCenter/venv/lib/python3.13/site-packages/django/template/base.py", line 516, in parse
    compiled_result = compile_func(self, token)
  File "/Users/artem/Desktop/LR5/СosmetologyCenter/venv/lib/python3.13/site-packages/django/template/defaulttags.py", line 862, in do_for
    nodelist_loop = parser.parse(
        (
    ...<2 lines>...
        )
    )
  File "/Users/artem/Desktop/LR5/СosmetologyCenter/venv/lib/python3.13/site-packages/django/template/base.py", line 489, in parse
    raise self.error(token, e)
  File "/Users/artem/Desktop/LR5/СosmetologyCenter/venv/lib/python3.13/site-packages/django/template/base.py", line 487, in parse
    filter_expression = self.compile_filter(token.contents)
  File "/Users/artem/Desktop/LR5/СosmetologyCenter/venv/lib/python3.13/site-packages/django/template/base.py", line 609, in compile_filter
    return FilterExpression(token, self)
  File "/Users/artem/Desktop/LR5/СosmetologyCenter/venv/lib/python3.13/site-packages/django/template/base.py", line 710, in __init__
    raise TemplateSyntaxError(
    ...<2 lines>...
    )
django.template.exceptions.TemplateSyntaxError: Could not parse the remainder: ' if item.doctor' from 'item.doctor.full_name if item.doctor'
ERROR 2025-09-16 14:59:37,683 basehttp "GET /cart/ HTTP/1.1" 500 246305
INFO 2025-09-16 14:59:48,784 basehttp "GET /services/ HTTP/1.1" 200 15458
INFO 2025-09-16 14:59:49,930 basehttp "GET /service/53/ HTTP/1.1" 200 6568
INFO 2025-09-16 14:59:57,033 basehttp "POST /cart/add/53/ HTTP/1.1" 302 0
ERROR 2025-09-16 14:59:57,072 log Internal Server Error: /cart/
Traceback (most recent call last):
  File "/Users/artem/Desktop/LR5/СosmetologyCenter/venv/lib/python3.13/site-packages/django/core/handlers/exception.py", line 55, in inner
    response = get_response(request)
  File "/Users/artem/Desktop/LR5/СosmetologyCenter/venv/lib/python3.13/site-packages/django/core/handlers/base.py", line 220, in _get_response
    response = response.render()
  File "/Users/artem/Desktop/LR5/СosmetologyCenter/venv/lib/python3.13/site-packages/django/template/response.py", line 114, in render
    self.content = self.rendered_content
                   ^^^^^^^^^^^^^^^^^^^^^
  File "/Users/artem/Desktop/LR5/СosmetologyCenter/venv/lib/python3.13/site-packages/django/template/response.py", line 90, in rendered_content
    template = self.resolve_template(self.template_name)
  File "/Users/artem/Desktop/LR5/СosmetologyCenter/venv/lib/python3.13/site-packages/django/template/response.py", line 72, in resolve_template
    return select_template(template, using=self.using)
  File "/Users/artem/Desktop/LR5/СosmetologyCenter/venv/lib/python3.13/site-packages/django/template/loader.py", line 42, in select_template
    return engine.get_template(template_name)
           ~~~~~~~~~~~~~~~~~~~^^^^^^^^^^^^^^^
  File "/Users/artem/Desktop/LR5/СosmetologyCenter/venv/lib/python3.13/site-packages/django/template/backends/django.py", line 79, in get_template
    return Template(self.engine.get_template(template_name), self)
                    ~~~~~~~~~~~~~~~~~~~~~~~~^^^^^^^^^^^^^^^
  File "/Users/artem/Desktop/LR5/СosmetologyCenter/venv/lib/python3.13/site-packages/django/template/engine.py", line 177, in get_template
    template, origin = self.find_template(template_name)
                       ~~~~~~~~~~~~~~~~~~^^^^^^^^^^^^^^^
  File "/Users/artem/Desktop/LR5/СosmetologyCenter/venv/lib/python3.13/site-packages/django/template/engine.py", line 159, in find_template
    template = loader.get_template(name, skip=skip)
  File "/Users/artem/Desktop/LR5/СosmetologyCenter/venv/lib/python3.13/site-packages/django/template/loaders/cached.py", line 57, in get_template
    template = super().get_template(template_name, skip)
  File "/Users/artem/Desktop/LR5/СosmetologyCenter/venv/lib/python3.13/site-packages/django/template/loaders/base.py", line 28, in get_template
    return Template(
        contents,
    ...<2 lines>...
        self.engine,
    )
  File "/Users/artem/Desktop/LR5/СosmetologyCenter/venv/lib/python3.13/site-packages/django/template/base.py", line 154, in __init__
    self.nodelist = self.compile_nodelist()
                    ~~~~~~~~~~~~~~~~~~~~~^^
  File "/Users/artem/Desktop/LR5/СosmetologyCenter/venv/lib/python3.13/site-packages/django/template/base.py", line 196, in compile_nodelist
    nodelist = parser.parse()
  File "/Users/artem/Desktop/LR5/СosmetologyCenter/venv/lib/python3.13/site-packages/django/template/base.py", line 518, in parse
    raise self.error(token, e)
  File "/Users/artem/Desktop/LR5/СosmetologyCenter/venv/lib/python3.13/site-packages/django/template/base.py", line 516, in parse
    compiled_result = compile_func(self, token)
  File "/Users/artem/Desktop/LR5/СosmetologyCenter/venv/lib/python3.13/site-packages/django/template/loader_tags.py", line 299, in do_extends
    nodelist = parser.parse()
  File "/Users/artem/Desktop/LR5/СosmetologyCenter/venv/lib/python3.13/site-packages/django/template/base.py", line 518, in parse
    raise self.error(token, e)
  File "/Users/artem/Desktop/LR5/СosmetologyCenter/venv/lib/python3.13/site-packages/django/template/base.py", line 516, in parse
    compiled_result = compile_func(self, token)
  File "/Users/artem/Desktop/LR5/СosmetologyCenter/venv/lib/python3.13/site-packages/django/template/loader_tags.py", line 234, in do_block
    nodelist = parser.parse(("endblock",))
  File "/Users/artem/Desktop/LR5/СosmetologyCenter/venv/lib/python3.13/site-packages/django/template/base.py", line 518, in parse
    raise self.error(token, e)
  File "/Users/artem/Desktop/LR5/СosmetologyCenter/venv/lib/python3.13/site-packages/django/template/base.py", line 516, in parse
    compiled_result = compile_func(self, token)
  File "/Users/artem/Desktop/LR5/СosmetologyCenter/venv/lib/python3.13/site-packages/django/template/defaulttags.py", line 962, in do_if
    nodelist = parser.parse(("elif", "else", "endif"))
  File "/Users/artem/Desktop/LR5/СosmetologyCenter/venv/lib/python3.13/site-packages/django/template/base.py", line 518, in parse
    raise self.error(token, e)
  File "/Users/artem/Desktop/LR5/СosmetologyCenter/venv/lib/python3.13/site-packages/django/template/base.py", line 516, in parse
    compiled_result = compile_func(self, token)
  File "/Users/artem/Desktop/LR5/СosmetologyCenter/venv/lib/python3.13/site-packages/django/template/defaulttags.py", line 862, in do_for
    nodelist_loop = parser.parse(
        (
    ...<2 lines>...
        )
    )
  File "/Users/artem/Desktop/LR5/СosmetologyCenter/venv/lib/python3.13/site-packages/django/template/base.py", line 489, in parse
    raise self.error(token, e)
  File "/Users/artem/Desktop/LR5/СosmetologyCenter/venv/lib/python3.13/site-packages/django/template/base.py", line 487, in parse
    filter_expression = self.compile_filter(token.contents)
  File "/Users/artem/Desktop/LR5/СosmetologyCenter/venv/lib/python3.13/site-packages/django/template/base.py", line 609, in compile_filter
    return FilterExpression(token, self)
  File "/Users/artem/Desktop/LR5/СosmetologyCenter/venv/lib/python3.13/site-packages/django/template/base.py", line 710, in __init__
    raise TemplateSyntaxError(
    ...<2 lines>...
    )
django.template.exceptions.TemplateSyntaxError: Could not parse the remainder: ' if item.doctor' from 'item.doctor.full_name if item.doctor'
ERROR 2025-09-16 14:59:57,075 basehttp "GET /cart/ HTTP/1.1" 500 246743
INFO 2025-09-16 15:00:15,112 autoreload /Users/artem/Desktop/LR5/СosmetologyCenter/core/views.py changed, reloading.
INFO 2025-09-16 15:00:15,551 autoreload Watching for file changes with StatReloader
INFO 2025-09-16 15:00:16,971 autoreload /Users/artem/Desktop/LR5/СosmetologyCenter/core/views.py changed, reloading.
INFO 2025-09-16 15:00:17,255 autoreload Watching for file changes with StatReloader
INFO 2025-09-16 15:00:18,602 autoreload /Users/artem/Desktop/LR5/СosmetologyCenter/core/views.py changed, reloading.
INFO 2025-09-16 15:00:18,832 autoreload Watching for file changes with StatReloader
INFO 2025-09-16 15:00:24,823 basehttp "GET /service/53/ HTTP/1.1" 200 6568
INFO 2025-09-16 15:00:26,920 basehttp "GET /cart/ HTTP/1.1" 200 6330
INFO 2025-09-16 15:00:32,232 basehttp "POST /cart/checkout/ HTTP/1.1" 302 0
INFO 2025-09-16 15:00:32,242 basehttp "GET /dashboard/client/ HTTP/1.1" 200 21380
INFO 2025-09-16 15:01:29,861 basehttp "GET /cart/ HTTP/1.1" 200 4445
INFO 2025-09-16 15:01:32,072 basehttp "GET /services/ HTTP/1.1" 200 15458
INFO 2025-09-16 15:01:34,231 basehttp "GET /service/58/ HTTP/1.1" 200 6313
INFO 2025-09-16 15:01:43,534 basehttp "GET /service/57/ HTTP/1.1" 200 7160
INFO 2025-09-16 15:01:49,975 basehttp "POST /cart/add/57/ HTTP/1.1" 302 0
INFO 2025-09-16 15:01:49,987 basehttp "GET /cart/ HTTP/1.1" 200 6345
INFO 2025-09-16 15:01:56,021 basehttp "POST /cart/pay-item/12/ HTTP/1.1" 302 0
INFO 2025-09-16 15:01:56,030 basehttp "GET /cart/ HTTP/1.1" 200 5979
INFO 2025-09-16 15:02:08,484 basehttp "POST /cart/checkout/ HTTP/1.1" 302 0
INFO 2025-09-16 15:02:08,496 basehttp "GET /cart/ HTTP/1.1" 200 5979
INFO 2025-09-16 15:02:09,445 basehttp "POST /cart/checkout/ HTTP/1.1" 302 0
INFO 2025-09-16 15:02:09,454 basehttp "GET /cart/ HTTP/1.1" 200 5979
INFO 2025-09-16 15:02:10,181 basehttp "POST /cart/checkout/ HTTP/1.1" 302 0
INFO 2025-09-16 15:02:10,189 basehttp "GET /cart/ HTTP/1.1" 200 5979
INFO 2025-09-16 15:02:10,823 basehttp "POST /cart/checkout/ HTTP/1.1" 302 0
INFO 2025-09-16 15:02:10,828 basehttp "GET /cart/ HTTP/1.1" 200 5979
INFO 2025-09-16 15:02:10,999 basehttp "POST /cart/checkout/ HTTP/1.1" 302 0
INFO 2025-09-16 15:02:11,007 basehttp "GET /cart/ HTTP/1.1" 200 5979
INFO 2025-09-16 15:02:14,546 basehttp "POST /cart/remove/12/ HTTP/1.1" 302 0
INFO 2025-09-16 15:02:14,561 basehttp "GET /cart/ HTTP/1.1" 200 4445
INFO 2025-09-16 15:02:19,417 basehttp "GET /admin/auth/user/ HTTP/1.1" 302 0
INFO 2025-09-16 15:02:19,438 basehttp "GET /admin/login/?next=/admin/auth/user/ HTTP/1.1" 200 4851
INFO 2025-09-16 15:02:54,320 basehttp "POST /admin/login/?next=/admin/auth/user/ HTTP/1.1" 302 0
INFO 2025-09-16 15:02:54,342 basehttp "GET /admin/auth/user/ HTTP/1.1" 200 25805
INFO 2025-09-16 15:02:54,356 basehttp "GET /admin/jsi18n/ HTTP/1.1" 200 3342
INFO 2025-09-16 15:03:04,808 basehttp "GET /admin/login/?next=/admin/auth/user/ HTTP/1.1" 302 0
INFO 2025-09-16 15:03:04,829 basehttp "GET /admin/ HTTP/1.1" 200 21614
INFO 2025-09-16 15:03:07,826 basehttp "GET /admin/core/appointment/ HTTP/1.1" 200 25659
INFO 2025-09-16 15:03:07,838 basehttp "GET /admin/jsi18n/ HTTP/1.1" 200 3342
INFO 2025-09-16 15:03:11,193 basehttp "GET /admin/ HTTP/1.1" 200 21614
INFO 2025-09-16 15:03:14,942 basehttp "GET /admin/core/cart/ HTTP/1.1" 200 17485
INFO 2025-09-16 15:03:14,958 basehttp "GET /admin/jsi18n/ HTTP/1.1" 200 3342
INFO 2025-09-16 15:03:16,091 basehttp "GET /admin/ HTTP/1.1" 200 21614
INFO 2025-09-16 15:03:17,591 basehttp "GET /admin/core/cartitem/ HTTP/1.1" 200 17268
INFO 2025-09-16 15:03:17,608 basehttp "GET /admin/jsi18n/ HTTP/1.1" 200 3342
INFO 2025-09-16 15:03:20,337 basehttp "GET /admin/ HTTP/1.1" 200 21614
INFO 2025-09-16 15:03:22,074 basehttp "GET /admin/core/cart/ HTTP/1.1" 200 17485
INFO 2025-09-16 15:03:22,094 basehttp "GET /admin/jsi18n/ HTTP/1.1" 200 3342
INFO 2025-09-16 15:03:23,358 basehttp "GET /admin/core/cart/2/change/ HTTP/1.1" 200 20927
INFO 2025-09-16 15:03:23,374 basehttp "GET /admin/jsi18n/ HTTP/1.1" 200 3342
INFO 2025-09-16 15:03:28,908 basehttp "GET /admin/core/cart/ HTTP/1.1" 200 17485
INFO 2025-09-16 15:03:30,105 basehttp "GET /admin/ HTTP/1.1" 200 21614
INFO 2025-09-16 15:03:31,759 basehttp "GET /admin/core/cartitem/ HTTP/1.1" 200 17268
INFO 2025-09-16 15:03:31,778 basehttp "GET /admin/jsi18n/ HTTP/1.1" 200 3342
INFO 2025-09-16 15:03:33,024 basehttp "GET /admin/core/cartitem/11/change/ HTTP/1.1" 200 25773
INFO 2025-09-16 15:03:33,043 basehttp "GET /admin/jsi18n/ HTTP/1.1" 200 3342
ERROR 2025-09-16 15:04:02,927 log Internal Server Error: /dashboard/client/
Traceback (most recent call last):
  File "/Users/artem/Desktop/LR5/СosmetologyCenter/venv/lib/python3.13/site-packages/django/core/handlers/exception.py", line 55, in inner
    response = get_response(request)
  File "/Users/artem/Desktop/LR5/СosmetologyCenter/venv/lib/python3.13/site-packages/django/core/handlers/base.py", line 197, in _get_response
    response = wrapped_callback(request, *callback_args, **callback_kwargs)
  File "/Users/artem/Desktop/LR5/СosmetologyCenter/venv/lib/python3.13/site-packages/django/views/generic/base.py", line 104, in view
    return self.dispatch(request, *args, **kwargs)
           ~~~~~~~~~~~~~^^^^^^^^^^^^^^^^^^^^^^^^^^
  File "/Users/artem/Desktop/LR5/СosmetologyCenter/venv/lib/python3.13/site-packages/django/contrib/auth/mixins.py", line 73, in dispatch
    return super().dispatch(request, *args, **kwargs)
           ~~~~~~~~~~~~~~~~^^^^^^^^^^^^^^^^^^^^^^^^^^
  File "/Users/artem/Desktop/LR5/СosmetologyCenter/venv/lib/python3.13/site-packages/django/views/generic/base.py", line 143, in dispatch
    return handler(request, *args, **kwargs)
  File "/Users/artem/Desktop/LR5/СosmetologyCenter/venv/lib/python3.13/site-packages/django/views/generic/base.py", line 226, in get
    context = self.get_context_data(**kwargs)
  File "/Users/artem/Desktop/LR5/СosmetologyCenter/core/views.py", line 256, in get_context_data
    client=self.request.user.client
           ^^^^^^^^^^^^^^^^^^^^^^^^
  File "/Users/artem/Desktop/LR5/СosmetologyCenter/venv/lib/python3.13/site-packages/django/utils/functional.py", line 253, in inner
    return func(_wrapped, *args)
  File "/Users/artem/Desktop/LR5/СosmetologyCenter/venv/lib/python3.13/site-packages/django/db/models/fields/related_descriptors.py", line 531, in __get__
    raise self.RelatedObjectDoesNotExist(
    ...<2 lines>...
    )
django.contrib.auth.models.User.client.RelatedObjectDoesNotExist: User has no client.
ERROR 2025-09-16 15:04:02,933 basehttp "GET /dashboard/client/ HTTP/1.1" 500 93044
ERROR 2025-09-16 15:04:07,171 log Internal Server Error: /dashboard/client/
Traceback (most recent call last):
  File "/Users/artem/Desktop/LR5/СosmetologyCenter/venv/lib/python3.13/site-packages/django/core/handlers/exception.py", line 55, in inner
    response = get_response(request)
  File "/Users/artem/Desktop/LR5/СosmetologyCenter/venv/lib/python3.13/site-packages/django/core/handlers/base.py", line 197, in _get_response
    response = wrapped_callback(request, *callback_args, **callback_kwargs)
  File "/Users/artem/Desktop/LR5/СosmetologyCenter/venv/lib/python3.13/site-packages/django/views/generic/base.py", line 104, in view
    return self.dispatch(request, *args, **kwargs)
           ~~~~~~~~~~~~~^^^^^^^^^^^^^^^^^^^^^^^^^^
  File "/Users/artem/Desktop/LR5/СosmetologyCenter/venv/lib/python3.13/site-packages/django/contrib/auth/mixins.py", line 73, in dispatch
    return super().dispatch(request, *args, **kwargs)
           ~~~~~~~~~~~~~~~~^^^^^^^^^^^^^^^^^^^^^^^^^^
  File "/Users/artem/Desktop/LR5/СosmetologyCenter/venv/lib/python3.13/site-packages/django/views/generic/base.py", line 143, in dispatch
    return handler(request, *args, **kwargs)
  File "/Users/artem/Desktop/LR5/СosmetologyCenter/venv/lib/python3.13/site-packages/django/views/generic/base.py", line 226, in get
    context = self.get_context_data(**kwargs)
  File "/Users/artem/Desktop/LR5/СosmetologyCenter/core/views.py", line 256, in get_context_data
    client=self.request.user.client
           ^^^^^^^^^^^^^^^^^^^^^^^^
  File "/Users/artem/Desktop/LR5/СosmetologyCenter/venv/lib/python3.13/site-packages/django/utils/functional.py", line 253, in inner
    return func(_wrapped, *args)
  File "/Users/artem/Desktop/LR5/СosmetologyCenter/venv/lib/python3.13/site-packages/django/db/models/fields/related_descriptors.py", line 531, in __get__
    raise self.RelatedObjectDoesNotExist(
    ...<2 lines>...
    )
django.contrib.auth.models.User.client.RelatedObjectDoesNotExist: User has no client.
ERROR 2025-09-16 15:04:07,173 basehttp "GET /dashboard/client/ HTTP/1.1" 500 93044
ERROR 2025-09-16 15:04:11,569 log Internal Server Error: /dashboard/client/
Traceback (most recent call last):
  File "/Users/artem/Desktop/LR5/СosmetologyCenter/venv/lib/python3.13/site-packages/django/core/handlers/exception.py", line 55, in inner
    response = get_response(request)
  File "/Users/artem/Desktop/LR5/СosmetologyCenter/venv/lib/python3.13/site-packages/django/core/handlers/base.py", line 197, in _get_response
    response = wrapped_callback(request, *callback_args, **callback_kwargs)
  File "/Users/artem/Desktop/LR5/СosmetologyCenter/venv/lib/python3.13/site-packages/django/views/generic/base.py", line 104, in view
    return self.dispatch(request, *args, **kwargs)
           ~~~~~~~~~~~~~^^^^^^^^^^^^^^^^^^^^^^^^^^
  File "/Users/artem/Desktop/LR5/СosmetologyCenter/venv/lib/python3.13/site-packages/django/contrib/auth/mixins.py", line 73, in dispatch
    return super().dispatch(request, *args, **kwargs)
           ~~~~~~~~~~~~~~~~^^^^^^^^^^^^^^^^^^^^^^^^^^
  File "/Users/artem/Desktop/LR5/СosmetologyCenter/venv/lib/python3.13/site-packages/django/views/generic/base.py", line 143, in dispatch
    return handler(request, *args, **kwargs)
  File "/Users/artem/Desktop/LR5/СosmetologyCenter/venv/lib/python3.13/site-packages/django/views/generic/base.py", line 226, in get
    context = self.get_context_data(**kwargs)
  File "/Users/artem/Desktop/LR5/СosmetologyCenter/core/views.py", line 256, in get_context_data
    client=self.request.user.client
           ^^^^^^^^^^^^^^^^^^^^^^^^
  File "/Users/artem/Desktop/LR5/СosmetologyCenter/venv/lib/python3.13/site-packages/django/utils/functional.py", line 253, in inner
    return func(_wrapped, *args)
  File "/Users/artem/Desktop/LR5/СosmetologyCenter/venv/lib/python3.13/site-packages/django/db/models/fields/related_descriptors.py", line 531, in __get__
    raise self.RelatedObjectDoesNotExist(
    ...<2 lines>...
    )
django.contrib.auth.models.User.client.RelatedObjectDoesNotExist: User has no client.
ERROR 2025-09-16 15:04:11,571 basehttp "GET /dashboard/client/ HTTP/1.1" 500 93044
INFO 2025-09-16 15:04:19,664 autoreload Watching for file changes with StatReloader
ERROR 2025-09-16 15:04:25,579 log Internal Server Error: /dashboard/client/
Traceback (most recent call last):
  File "/Users/artem/Desktop/LR5/СosmetologyCenter/venv/lib/python3.13/site-packages/django/core/handlers/exception.py", line 55, in inner
    response = get_response(request)
  File "/Users/artem/Desktop/LR5/СosmetologyCenter/venv/lib/python3.13/site-packages/django/core/handlers/base.py", line 197, in _get_response
    response = wrapped_callback(request, *callback_args, **callback_kwargs)
  File "/Users/artem/Desktop/LR5/СosmetologyCenter/venv/lib/python3.13/site-packages/django/views/generic/base.py", line 104, in view
    return self.dispatch(request, *args, **kwargs)
           ~~~~~~~~~~~~~^^^^^^^^^^^^^^^^^^^^^^^^^^
  File "/Users/artem/Desktop/LR5/СosmetologyCenter/venv/lib/python3.13/site-packages/django/contrib/auth/mixins.py", line 73, in dispatch
    return super().dispatch(request, *args, **kwargs)
           ~~~~~~~~~~~~~~~~^^^^^^^^^^^^^^^^^^^^^^^^^^
  File "/Users/artem/Desktop/LR5/СosmetologyCenter/venv/lib/python3.13/site-packages/django/views/generic/base.py", line 143, in dispatch
    return handler(request, *args, **kwargs)
  File "/Users/artem/Desktop/LR5/СosmetologyCenter/venv/lib/python3.13/site-packages/django/views/generic/base.py", line 226, in get
    context = self.get_context_data(**kwargs)
  File "/Users/artem/Desktop/LR5/СosmetologyCenter/core/views.py", line 256, in get_context_data
    client=self.request.user.client
           ^^^^^^^^^^^^^^^^^^^^^^^^
  File "/Users/artem/Desktop/LR5/СosmetologyCenter/venv/lib/python3.13/site-packages/django/utils/functional.py", line 253, in inner
    return func(_wrapped, *args)
  File "/Users/artem/Desktop/LR5/СosmetologyCenter/venv/lib/python3.13/site-packages/django/db/models/fields/related_descriptors.py", line 531, in __get__
    raise self.RelatedObjectDoesNotExist(
    ...<2 lines>...
    )
django.contrib.auth.models.User.client.RelatedObjectDoesNotExist: User has no client.
ERROR 2025-09-16 15:04:25,582 basehttp "GET /dashboard/client/ HTTP/1.1" 500 93181
DEBUG 2025-09-16 15:04:30,546 views Получение последних новостей для главной страницы
INFO 2025-09-16 15:04:30,547 views Начало формирования контекста для главной страницы
DEBUG 2025-09-16 15:04:30,547 views Запрос курсов валют
DEBUG 2025-09-16 15:04:33,795 views Данные о курсах валют успешно получены
INFO 2025-09-16 15:04:33,796 views Контекст для главной страницы успешно сформирован
INFO 2025-09-16 15:04:33,834 basehttp "GET / HTTP/1.1" 200 18891
INFO 2025-09-16 15:04:33,889 basehttp "GET /media/partners/LaRoche-Posay.png HTTP/1.1" 200 3828
INFO 2025-09-16 15:04:33,893 basehttp "GET /media/news/1-GettyImages-73096824-67ee7409bb789_NwYwV8X.webp HTTP/1.1" 200 23108
INFO 2025-09-16 15:04:33,899 basehttp "GET /media/partners/skintech.png HTTP/1.1" 200 3607
INFO 2025-09-16 15:04:33,901 basehttp "GET /media/partners/SkinCeuticals.png HTTP/1.1" 200 2448
INFO 2025-09-16 15:04:33,903 basehttp "GET /media/news/1483444335_0-0-3840-2160_1920x0_80_0_0_d78397da469ce01dd2656c4ccb408168_dfm7Pro.jpg HTTP/1.1" 200 123825
INFO 2025-09-16 15:04:33,907 basehttp "GET /media/partners/obagi_logo.jpg HTTP/1.1" 200 53405
INFO 2025-09-16 15:04:33,910 basehttp "GET /media/news/Screenshot_2025-05-26_at_16.53.50.png HTTP/1.1" 200 983608
INFO 2025-09-16 15:04:36,805 basehttp "POST /logout/ HTTP/1.1" 302 0
DEBUG 2025-09-16 15:04:36,808 views Получение последних новостей для главной страницы
INFO 2025-09-16 15:04:36,809 views Начало формирования контекста для главной страницы
DEBUG 2025-09-16 15:04:36,809 views Запрос курсов валют
DEBUG 2025-09-16 15:04:40,720 views Данные о курсах валют успешно получены
INFO 2025-09-16 15:04:40,721 views Контекст для главной страницы успешно сформирован
INFO 2025-09-16 15:04:40,732 basehttp "GET / HTTP/1.1" 200 17707
INFO 2025-09-16 15:05:03,302 basehttp "GET /admin/ HTTP/1.1" 302 0
INFO 2025-09-16 15:05:03,320 basehttp "GET /admin/login/?next=/admin/ HTTP/1.1" 200 4173
INFO 2025-09-16 15:05:18,360 basehttp "POST /admin/login/?next=/admin/ HTTP/1.1" 302 0
INFO 2025-09-16 15:05:18,376 basehttp "GET /admin/ HTTP/1.1" 200 21614
INFO 2025-09-16 15:05:33,440 basehttp "GET /admin/auth/user/ HTTP/1.1" 200 25805
INFO 2025-09-16 15:05:33,461 basehttp "GET /admin/jsi18n/ HTTP/1.1" 200 3342
INFO 2025-09-16 15:05:36,462 basehttp "GET /admin/auth/user/41/change/ HTTP/1.1" 200 36283
INFO 2025-09-16 15:05:36,479 basehttp "GET /admin/jsi18n/ HTTP/1.1" 200 3342
INFO 2025-09-16 15:05:42,117 basehttp "GET /accounts/login/ HTTP/1.1" 302 0
INFO 2025-09-16 15:05:42,125 basehttp "GET /dashboard/ HTTP/1.1" 302 0
DEBUG 2025-09-16 15:05:42,128 views Получение последних новостей для главной страницы
INFO 2025-09-16 15:05:42,128 views Начало формирования контекста для главной страницы
DEBUG 2025-09-16 15:05:42,129 views Запрос курсов валют
DEBUG 2025-09-16 15:05:42,650 views Данные о курсах валют успешно получены
INFO 2025-09-16 15:05:42,651 views Контекст для главной страницы успешно сформирован
INFO 2025-09-16 15:05:42,665 basehttp "GET / HTTP/1.1" 200 18891
ERROR 2025-09-16 15:05:45,094 log Internal Server Error: /cart/
Traceback (most recent call last):
  File "/Users/artem/Desktop/LR5/СosmetologyCenter/venv/lib/python3.13/site-packages/django/core/handlers/exception.py", line 55, in inner
    response = get_response(request)
  File "/Users/artem/Desktop/LR5/СosmetologyCenter/venv/lib/python3.13/site-packages/django/core/handlers/base.py", line 197, in _get_response
    response = wrapped_callback(request, *callback_args, **callback_kwargs)
  File "/Users/artem/Desktop/LR5/СosmetologyCenter/venv/lib/python3.13/site-packages/django/views/generic/base.py", line 104, in view
    return self.dispatch(request, *args, **kwargs)
           ~~~~~~~~~~~~~^^^^^^^^^^^^^^^^^^^^^^^^^^
  File "/Users/artem/Desktop/LR5/СosmetologyCenter/venv/lib/python3.13/site-packages/django/contrib/auth/mixins.py", line 73, in dispatch
    return super().dispatch(request, *args, **kwargs)
           ~~~~~~~~~~~~~~~~^^^^^^^^^^^^^^^^^^^^^^^^^^
  File "/Users/artem/Desktop/LR5/СosmetologyCenter/venv/lib/python3.13/site-packages/django/views/generic/base.py", line 143, in dispatch
    return handler(request, *args, **kwargs)
  File "/Users/artem/Desktop/LR5/СosmetologyCenter/venv/lib/python3.13/site-packages/django/views/generic/base.py", line 226, in get
    context = self.get_context_data(**kwargs)
  File "/Users/artem/Desktop/LR5/СosmetologyCenter/core/views.py", line 342, in get_context_data
    cart = Cart.objects.filter(client=self.request.user.client, is_checked_out=False).first()
                                      ^^^^^^^^^^^^^^^^^^^^^^^^
  File "/Users/artem/Desktop/LR5/СosmetologyCenter/venv/lib/python3.13/site-packages/django/utils/functional.py", line 253, in inner
    return func(_wrapped, *args)
  File "/Users/artem/Desktop/LR5/СosmetologyCenter/venv/lib/python3.13/site-packages/django/db/models/fields/related_descriptors.py", line 531, in __get__
    raise self.RelatedObjectDoesNotExist(
    ...<2 lines>...
    )
django.contrib.auth.models.User.client.RelatedObjectDoesNotExist: User has no client.
ERROR 2025-09-16 15:05:45,096 basehttp "GET /cart/ HTTP/1.1" 500 92842
INFO 2025-09-16 15:05:48,389 basehttp "POST /logout/ HTTP/1.1" 302 0
DEBUG 2025-09-16 15:05:48,392 views Получение последних новостей для главной страницы
INFO 2025-09-16 15:05:48,392 views Начало формирования контекста для главной страницы
DEBUG 2025-09-16 15:05:48,393 views Запрос курсов валют
DEBUG 2025-09-16 15:05:48,760 views Данные о курсах валют успешно получены
INFO 2025-09-16 15:05:48,760 views Контекст для главной страницы успешно сформирован
INFO 2025-09-16 15:05:48,770 basehttp "GET / HTTP/1.1" 200 17707
INFO 2025-09-16 15:05:49,748 basehttp "GET /cart/ HTTP/1.1" 302 0
INFO 2025-09-16 15:05:49,758 basehttp "GET /accounts/login/?next=/cart/ HTTP/1.1" 200 3757
INFO 2025-09-16 15:06:02,594 basehttp "POST /accounts/login/?next=/cart/ HTTP/1.1" 302 0
INFO 2025-09-16 15:06:02,602 basehttp "GET /cart/ HTTP/1.1" 200 4445
INFO 2025-09-16 15:06:05,499 basehttp "GET /dashboard/client/ HTTP/1.1" 200 23123
INFO 2025-09-16 15:06:17,042 basehttp "GET /cart/ HTTP/1.1" 200 4445
INFO 2025-09-16 15:06:18,281 basehttp "GET /services/ HTTP/1.1" 200 15458
INFO 2025-09-16 15:06:20,825 basehttp "GET /service/58/ HTTP/1.1" 200 6313
INFO 2025-09-16 15:06:25,109 basehttp "GET /service/59/ HTTP/1.1" 200 6555
INFO 2025-09-16 15:06:31,577 basehttp "POST /cart/add/59/ HTTP/1.1" 302 0
INFO 2025-09-16 15:06:31,587 basehttp "GET /cart/ HTTP/1.1" 200 6355
INFO 2025-09-16 15:11:26,441 basehttp "GET /cart/ HTTP/1.1" 200 6423
INFO 2025-09-16 15:11:36,697 basehttp "GET /dashboard/client/ HTTP/1.1" 200 23191
INFO 2025-09-16 15:11:56,012 basehttp "GET /dashboard/client/ HTTP/1.1" 200 23191
INFO 2025-09-16 15:11:59,021 basehttp "GET /cart/ HTTP/1.1" 200 6423
INFO 2025-09-16 15:13:01,297 basehttp "GET /cart/ HTTP/1.1" 200 4195
INFO 2025-09-16 15:13:11,072 basehttp "GET /about/ HTTP/1.1" 200 4793
INFO 2025-09-16 15:13:11,107 basehttp "GET /media/company/logo1.png HTTP/1.1" 200 1055654
INFO 2025-09-16 15:13:18,902 basehttp "GET /statistics/ HTTP/1.1" 200 42739
INFO 2025-09-16 15:13:32,949 basehttp "GET /dashboard/client/ HTTP/1.1" 200 20963
INFO 2025-09-16 15:13:39,687 basehttp "GET /cart/ HTTP/1.1" 200 4195
INFO 2025-09-16 15:13:47,042 basehttp "POST /cart/remove/13/ HTTP/1.1" 302 0
INFO 2025-09-16 15:13:47,051 basehttp "GET /cart/ HTTP/1.1" 200 2285
INFO 2025-09-16 15:14:00,820 basehttp "GET /cart/ HTTP/1.1" 200 2285
INFO 2025-09-16 15:14:03,348 basehttp "GET /dashboard/client/ HTTP/1.1" 200 20963
INFO 2025-09-16 15:14:15,751 basehttp "GET /dashboard/client/ HTTP/1.1" 200 23191
INFO 2025-09-16 15:17:00,305 basehttp "GET /admin/auth/user/ HTTP/1.1" 302 0
INFO 2025-09-16 15:17:00,317 basehttp "GET /admin/login/?next=/admin/auth/user/ HTTP/1.1" 200 3964
INFO 2025-09-16 15:17:19,617 basehttp "POST /admin/login/?next=/admin/auth/user/ HTTP/1.1" 302 0
INFO 2025-09-16 15:17:19,640 basehttp "GET /admin/auth/user/ HTTP/1.1" 200 25805
INFO 2025-09-16 15:17:19,656 basehttp "GET /admin/jsi18n/ HTTP/1.1" 200 3342
INFO 2025-09-16 15:17:30,022 basehttp "GET /admin/login/?next=/admin/auth/user/ HTTP/1.1" 302 0
INFO 2025-09-16 15:17:30,037 basehttp "GET /admin/ HTTP/1.1" 200 21614
INFO 2025-09-16 15:17:50,490 basehttp "GET /admin/core/service/ HTTP/1.1" 200 21107
INFO 2025-09-16 15:17:50,507 basehttp "GET /admin/jsi18n/ HTTP/1.1" 200 3342
INFO 2025-09-16 15:17:51,914 basehttp "GET /admin/ HTTP/1.1" 200 21614
INFO 2025-09-16 15:17:54,493 basehttp "GET /admin/core/appointment/ HTTP/1.1" 200 25659
INFO 2025-09-16 15:17:54,506 basehttp "GET /admin/jsi18n/ HTTP/1.1" 200 3342
INFO 2025-09-16 15:17:59,864 basehttp "GET /admin/core/appointment/59/change/ HTTP/1.1" 200 25364
INFO 2025-09-16 15:17:59,881 basehttp "GET /admin/jsi18n/ HTTP/1.1" 200 3342
INFO 2025-09-16 15:18:02,995 basehttp "GET /admin/core/appointment/59/delete/ HTTP/1.1" 200 16178
INFO 2025-09-16 15:18:05,131 basehttp "POST /admin/core/appointment/59/delete/ HTTP/1.1" 302 0
INFO 2025-09-16 15:18:05,168 basehttp "GET /admin/core/appointment/ HTTP/1.1" 200 25462
INFO 2025-09-16 15:18:05,186 basehttp "GET /admin/jsi18n/ HTTP/1.1" 200 3342
INFO 2025-09-16 15:18:23,945 basehttp "GET /admin/core/appointment/58/change/ HTTP/1.1" 200 25313
INFO 2025-09-16 15:18:23,963 basehttp "GET /admin/jsi18n/ HTTP/1.1" 200 3342
INFO 2025-09-16 15:18:25,815 basehttp "GET /admin/core/appointment/58/delete/ HTTP/1.1" 200 16127
INFO 2025-09-16 15:18:27,432 basehttp "POST /admin/core/appointment/58/delete/ HTTP/1.1" 302 0
INFO 2025-09-16 15:18:27,466 basehttp "GET /admin/core/appointment/ HTTP/1.1" 200 25031
INFO 2025-09-16 15:18:27,480 basehttp "GET /admin/jsi18n/ HTTP/1.1" 200 3342
INFO 2025-09-16 15:18:32,161 basehttp "GET /admin/core/appointment/50/change/ HTTP/1.1" 200 25313
INFO 2025-09-16 15:18:32,176 basehttp "GET /admin/jsi18n/ HTTP/1.1" 200 3342
INFO 2025-09-16 15:18:33,918 basehttp "GET /admin/core/appointment/50/delete/ HTTP/1.1" 200 16127
INFO 2025-09-16 15:18:35,363 basehttp "POST /admin/core/appointment/50/delete/ HTTP/1.1" 302 0
INFO 2025-09-16 15:18:35,395 basehttp "GET /admin/core/appointment/ HTTP/1.1" 200 24617
INFO 2025-09-16 15:18:35,410 basehttp "GET /admin/jsi18n/ HTTP/1.1" 200 3342
ERROR 2025-09-16 15:18:42,360 log Internal Server Error: /dashboard/client/
Traceback (most recent call last):
  File "/Users/artem/Desktop/LR5/СosmetologyCenter/venv/lib/python3.13/site-packages/django/core/handlers/exception.py", line 55, in inner
    response = get_response(request)
  File "/Users/artem/Desktop/LR5/СosmetologyCenter/venv/lib/python3.13/site-packages/django/core/handlers/base.py", line 197, in _get_response
    response = wrapped_callback(request, *callback_args, **callback_kwargs)
  File "/Users/artem/Desktop/LR5/СosmetologyCenter/venv/lib/python3.13/site-packages/django/views/generic/base.py", line 104, in view
    return self.dispatch(request, *args, **kwargs)
           ~~~~~~~~~~~~~^^^^^^^^^^^^^^^^^^^^^^^^^^
  File "/Users/artem/Desktop/LR5/СosmetologyCenter/venv/lib/python3.13/site-packages/django/contrib/auth/mixins.py", line 73, in dispatch
    return super().dispatch(request, *args, **kwargs)
           ~~~~~~~~~~~~~~~~^^^^^^^^^^^^^^^^^^^^^^^^^^
  File "/Users/artem/Desktop/LR5/СosmetologyCenter/venv/lib/python3.13/site-packages/django/views/generic/base.py", line 143, in dispatch
    return handler(request, *args, **kwargs)
  File "/Users/artem/Desktop/LR5/СosmetologyCenter/venv/lib/python3.13/site-packages/django/views/generic/base.py", line 226, in get
    context = self.get_context_data(**kwargs)
  File "/Users/artem/Desktop/LR5/СosmetologyCenter/core/views.py", line 256, in get_context_data
    client=self.request.user.client
           ^^^^^^^^^^^^^^^^^^^^^^^^
  File "/Users/artem/Desktop/LR5/СosmetologyCenter/venv/lib/python3.13/site-packages/django/utils/functional.py", line 253, in inner
    return func(_wrapped, *args)
  File "/Users/artem/Desktop/LR5/СosmetologyCenter/venv/lib/python3.13/site-packages/django/db/models/fields/related_descriptors.py", line 531, in __get__
    raise self.RelatedObjectDoesNotExist(
    ...<2 lines>...
    )
django.contrib.auth.models.User.client.RelatedObjectDoesNotExist: User has no client.
ERROR 2025-09-16 15:18:42,362 basehttp "GET /dashboard/client/ HTTP/1.1" 500 93181
ERROR 2025-09-16 15:18:44,057 log Internal Server Error: /dashboard/client/
Traceback (most recent call last):
  File "/Users/artem/Desktop/LR5/СosmetologyCenter/venv/lib/python3.13/site-packages/django/core/handlers/exception.py", line 55, in inner
    response = get_response(request)
  File "/Users/artem/Desktop/LR5/СosmetologyCenter/venv/lib/python3.13/site-packages/django/core/handlers/base.py", line 197, in _get_response
    response = wrapped_callback(request, *callback_args, **callback_kwargs)
  File "/Users/artem/Desktop/LR5/СosmetologyCenter/venv/lib/python3.13/site-packages/django/views/generic/base.py", line 104, in view
    return self.dispatch(request, *args, **kwargs)
           ~~~~~~~~~~~~~^^^^^^^^^^^^^^^^^^^^^^^^^^
  File "/Users/artem/Desktop/LR5/СosmetologyCenter/venv/lib/python3.13/site-packages/django/contrib/auth/mixins.py", line 73, in dispatch
    return super().dispatch(request, *args, **kwargs)
           ~~~~~~~~~~~~~~~~^^^^^^^^^^^^^^^^^^^^^^^^^^
  File "/Users/artem/Desktop/LR5/СosmetologyCenter/venv/lib/python3.13/site-packages/django/views/generic/base.py", line 143, in dispatch
    return handler(request, *args, **kwargs)
  File "/Users/artem/Desktop/LR5/СosmetologyCenter/venv/lib/python3.13/site-packages/django/views/generic/base.py", line 226, in get
    context = self.get_context_data(**kwargs)
  File "/Users/artem/Desktop/LR5/СosmetologyCenter/core/views.py", line 256, in get_context_data
    client=self.request.user.client
           ^^^^^^^^^^^^^^^^^^^^^^^^
  File "/Users/artem/Desktop/LR5/СosmetologyCenter/venv/lib/python3.13/site-packages/django/utils/functional.py", line 253, in inner
    return func(_wrapped, *args)
  File "/Users/artem/Desktop/LR5/СosmetologyCenter/venv/lib/python3.13/site-packages/django/db/models/fields/related_descriptors.py", line 531, in __get__
    raise self.RelatedObjectDoesNotExist(
    ...<2 lines>...
    )
django.contrib.auth.models.User.client.RelatedObjectDoesNotExist: User has no client.
ERROR 2025-09-16 15:18:44,059 basehttp "GET /dashboard/client/ HTTP/1.1" 500 93181
DEBUG 2025-09-16 15:18:49,260 views Получение последних новостей для главной страницы
INFO 2025-09-16 15:18:49,260 views Начало формирования контекста для главной страницы
DEBUG 2025-09-16 15:18:49,261 views Запрос курсов валют
DEBUG 2025-09-16 15:18:49,986 views Данные о курсах валют успешно получены
INFO 2025-09-16 15:18:49,987 views Контекст для главной страницы успешно сформирован
INFO 2025-09-16 15:18:49,999 basehttp "GET / HTTP/1.1" 200 18959
INFO 2025-09-16 15:18:50,051 basehttp "GET /media/partners/SkinCeuticals.png HTTP/1.1" 200 2448
INFO 2025-09-16 15:18:50,055 basehttp "GET /media/news/1-GettyImages-73096824-67ee7409bb789_NwYwV8X.webp HTTP/1.1" 200 23108
INFO 2025-09-16 15:18:50,060 basehttp "GET /media/partners/LaRoche-Posay.png HTTP/1.1" 200 3828
INFO 2025-09-16 15:18:50,063 basehttp "GET /media/partners/skintech.png HTTP/1.1" 200 3607
INFO 2025-09-16 15:18:50,068 basehttp "GET /media/partners/obagi_logo.jpg HTTP/1.1" 200 53405
INFO 2025-09-16 15:18:50,069 basehttp "GET /media/news/1483444335_0-0-3840-2160_1920x0_80_0_0_d78397da469ce01dd2656c4ccb408168_dfm7Pro.jpg HTTP/1.1" 200 123825
INFO 2025-09-16 15:18:50,075 basehttp "GET /media/news/Screenshot_2025-05-26_at_16.53.50.png HTTP/1.1" 200 983608
ERROR 2025-09-16 15:18:52,865 log Internal Server Error: /cart/
Traceback (most recent call last):
  File "/Users/artem/Desktop/LR5/СosmetologyCenter/venv/lib/python3.13/site-packages/django/core/handlers/exception.py", line 55, in inner
    response = get_response(request)
  File "/Users/artem/Desktop/LR5/СosmetologyCenter/venv/lib/python3.13/site-packages/django/core/handlers/base.py", line 197, in _get_response
    response = wrapped_callback(request, *callback_args, **callback_kwargs)
  File "/Users/artem/Desktop/LR5/СosmetologyCenter/venv/lib/python3.13/site-packages/django/views/generic/base.py", line 104, in view
    return self.dispatch(request, *args, **kwargs)
           ~~~~~~~~~~~~~^^^^^^^^^^^^^^^^^^^^^^^^^^
  File "/Users/artem/Desktop/LR5/СosmetologyCenter/venv/lib/python3.13/site-packages/django/contrib/auth/mixins.py", line 73, in dispatch
    return super().dispatch(request, *args, **kwargs)
           ~~~~~~~~~~~~~~~~^^^^^^^^^^^^^^^^^^^^^^^^^^
  File "/Users/artem/Desktop/LR5/СosmetologyCenter/venv/lib/python3.13/site-packages/django/views/generic/base.py", line 143, in dispatch
    return handler(request, *args, **kwargs)
  File "/Users/artem/Desktop/LR5/СosmetologyCenter/venv/lib/python3.13/site-packages/django/views/generic/base.py", line 226, in get
    context = self.get_context_data(**kwargs)
  File "/Users/artem/Desktop/LR5/СosmetologyCenter/core/views.py", line 342, in get_context_data
    cart = Cart.objects.filter(client=self.request.user.client, is_checked_out=False).first()
                                      ^^^^^^^^^^^^^^^^^^^^^^^^
  File "/Users/artem/Desktop/LR5/СosmetologyCenter/venv/lib/python3.13/site-packages/django/utils/functional.py", line 253, in inner
    return func(_wrapped, *args)
  File "/Users/artem/Desktop/LR5/СosmetologyCenter/venv/lib/python3.13/site-packages/django/db/models/fields/related_descriptors.py", line 531, in __get__
    raise self.RelatedObjectDoesNotExist(
    ...<2 lines>...
    )
django.contrib.auth.models.User.client.RelatedObjectDoesNotExist: User has no client.
ERROR 2025-09-16 15:18:52,867 basehttp "GET /cart/ HTTP/1.1" 500 92842
INFO 2025-09-16 15:18:56,596 basehttp "POST /logout/ HTTP/1.1" 302 0
DEBUG 2025-09-16 15:18:56,599 views Получение последних новостей для главной страницы
INFO 2025-09-16 15:18:56,599 views Начало формирования контекста для главной страницы
DEBUG 2025-09-16 15:18:56,600 views Запрос курсов валют
DEBUG 2025-09-16 15:18:57,270 views Данные о курсах валют успешно получены
INFO 2025-09-16 15:18:57,270 views Контекст для главной страницы успешно сформирован
INFO 2025-09-16 15:18:57,281 basehttp "GET / HTTP/1.1" 200 17775
INFO 2025-09-16 15:18:58,726 basehttp "GET /accounts/login/ HTTP/1.1" 200 3825
INFO 2025-09-16 15:19:12,338 basehttp "GET /admin/core/appointment/50/delete/ HTTP/1.1" 302 0
INFO 2025-09-16 15:19:12,347 basehttp "GET /admin/login/?next=/admin/core/appointment/50/delete/ HTTP/1.1" 200 4227
INFO 2025-09-16 15:19:22,382 basehttp "POST /admin/login/?next=/admin/core/appointment/50/delete/ HTTP/1.1" 302 0
INFO 2025-09-16 15:19:22,388 basehttp "GET /admin/core/appointment/50/delete/ HTTP/1.1" 302 0
INFO 2025-09-16 15:19:22,398 basehttp "GET /admin/ HTTP/1.1" 200 21888
INFO 2025-09-16 15:19:22,411 basehttp "GET /static/admin/img/icon-alert.svg HTTP/1.1" 200 504
INFO 2025-09-16 15:19:31,684 basehttp "GET /admin/auth/user/ HTTP/1.1" 200 25805
INFO 2025-09-16 15:19:31,704 basehttp "GET /admin/jsi18n/ HTTP/1.1" 200 3342
INFO 2025-09-16 15:19:34,643 basehttp "GET /admin/auth/user/41/change/ HTTP/1.1" 200 36283
INFO 2025-09-16 15:19:34,659 basehttp "GET /admin/jsi18n/ HTTP/1.1" 200 3342
WARNING 2025-09-16 15:19:54,877 log Forbidden (CSRF token from POST incorrect.): /accounts/login/
WARNING 2025-09-16 15:19:54,878 basehttp "POST /accounts/login/ HTTP/1.1" 403 2503
INFO 2025-09-16 15:19:59,901 basehttp "GET /accounts/login/ HTTP/1.1" 302 0
INFO 2025-09-16 15:19:59,911 basehttp "GET /dashboard/ HTTP/1.1" 302 0
DEBUG 2025-09-16 15:19:59,917 views Получение последних новостей для главной страницы
INFO 2025-09-16 15:19:59,917 views Начало формирования контекста для главной страницы
DEBUG 2025-09-16 15:19:59,917 views Запрос курсов валют
INFO 2025-09-16 15:20:02,676 basehttp "GET /accounts/login/ HTTP/1.1" 302 0
INFO 2025-09-16 15:20:02,684 basehttp "GET /dashboard/ HTTP/1.1" 302 0
DEBUG 2025-09-16 15:20:02,688 views Получение последних новостей для главной страницы
INFO 2025-09-16 15:20:02,688 views Начало формирования контекста для главной страницы
DEBUG 2025-09-16 15:20:02,689 views Запрос курсов валют
DEBUG 2025-09-16 15:20:02,775 views Данные о курсах валют успешно получены
INFO 2025-09-16 15:20:02,775 views Контекст для главной страницы успешно сформирован
INFO 2025-09-16 15:20:02,790 basehttp "GET / HTTP/1.1" 200 18959
INFO 2025-09-16 15:20:02,790 basehttp - Broken pipe from ('127.0.0.1', 50826)
DEBUG 2025-09-16 15:20:03,131 views Данные о курсах валют успешно получены
INFO 2025-09-16 15:20:03,132 views Контекст для главной страницы успешно сформирован
INFO 2025-09-16 15:20:03,145 basehttp "GET / HTTP/1.1" 200 18959
INFO 2025-09-16 15:20:05,647 basehttp "POST /logout/ HTTP/1.1" 302 0
DEBUG 2025-09-16 15:20:05,651 views Получение последних новостей для главной страницы
INFO 2025-09-16 15:20:05,651 views Начало формирования контекста для главной страницы
DEBUG 2025-09-16 15:20:05,651 views Запрос курсов валют
DEBUG 2025-09-16 15:20:06,624 views Данные о курсах валют успешно получены
INFO 2025-09-16 15:20:06,625 views Контекст для главной страницы успешно сформирован
INFO 2025-09-16 15:20:06,637 basehttp "GET / HTTP/1.1" 200 17775
INFO 2025-09-16 15:20:08,075 basehttp "GET /accounts/login/ HTTP/1.1" 200 3825
INFO 2025-09-16 15:20:14,152 basehttp "POST /accounts/login/ HTTP/1.1" 302 0
INFO 2025-09-16 15:20:14,157 basehttp "GET /dashboard/ HTTP/1.1" 302 0
INFO 2025-09-16 15:20:14,166 basehttp "GET /dashboard/client/ HTTP/1.1" 200 18010
INFO 2025-09-16 15:20:20,217 basehttp "GET /cart/ HTTP/1.1" 200 4513
