INFO 2025-05-26 19:32:47,184 autoreload Watching for file changes with StatReloader
INFO 2025-05-26 19:32:50,351 autoreload /Users/artem/Desktop/LR5/СosmetologyCenter/core/models.py changed, reloading.
INFO 2025-05-26 19:32:50,524 autoreload Watching for file changes with StatReloader
INFO 2025-05-26 19:32:53,729 autoreload /Users/artem/Desktop/LR5/СosmetologyCenter/core/models.py changed, reloading.
INFO 2025-05-26 19:32:53,931 autoreload Watching for file changes with StatReloader
INFO 2025-05-26 19:38:54,778 autoreload Watching for file changes with StatReloader
INFO 2025-05-26 19:38:59,288 basehttp "GET /admin/ HTTP/1.1" 200 18191
INFO 2025-05-26 19:39:00,971 basehttp "GET /admin/core/cabinet/ HTTP/1.1" 200 13816
INFO 2025-05-26 19:39:00,997 basehttp "GET /admin/jsi18n/ HTTP/1.1" 200 3342
INFO 2025-05-26 19:39:06,386 basehttp "GET /admin/core/ HTTP/1.1" 200 13225
INFO 2025-05-26 19:39:08,993 basehttp "GET /admin/core/cabinet/add/ HTTP/1.1" 200 15249
INFO 2025-05-26 19:39:09,014 basehttp "GET /admin/jsi18n/ HTTP/1.1" 200 3342
INFO 2025-05-26 19:41:29,550 basehttp "GET /admin/core/cabinet/ HTTP/1.1" 200 13816
INFO 2025-05-26 19:41:29,574 basehttp "GET /admin/jsi18n/ HTTP/1.1" 200 3342
INFO 2025-05-26 19:41:30,767 basehttp "GET /admin/core/ HTTP/1.1" 200 13225
INFO 2025-05-26 19:41:33,796 basehttp "GET /admin/core/service/ HTTP/1.1" 200 18978
INFO 2025-05-26 19:41:33,814 basehttp "GET /admin/jsi18n/ HTTP/1.1" 200 3342
INFO 2025-05-26 19:41:35,741 basehttp "GET /admin/core/service/64/change/ HTTP/1.1" 200 17975
INFO 2025-05-26 19:41:35,760 basehttp "GET /admin/jsi18n/ HTTP/1.1" 200 3342
INFO 2025-05-26 19:41:41,888 basehttp "GET /admin/ HTTP/1.1" 200 18191
INFO 2025-05-26 19:41:51,952 basehttp "GET /admin/ HTTP/1.1" 200 18191
INFO 2025-05-26 19:41:53,184 basehttp "GET /admin/ HTTP/1.1" 200 18191
INFO 2025-05-26 19:41:53,826 basehttp "GET /admin/ HTTP/1.1" 200 18191
INFO 2025-05-26 19:41:57,602 basehttp "GET /admin/core/cabinet/ HTTP/1.1" 200 13816
INFO 2025-05-26 19:41:57,622 basehttp "GET /admin/jsi18n/ HTTP/1.1" 200 3342
INFO 2025-05-26 19:41:59,602 basehttp "GET /admin/core/cabinet/add/ HTTP/1.1" 200 15249
INFO 2025-05-26 19:41:59,620 basehttp "GET /admin/jsi18n/ HTTP/1.1" 200 3342
INFO 2025-05-26 19:43:20,613 basehttp "POST /admin/core/cabinet/add/ HTTP/1.1" 302 0
INFO 2025-05-26 19:43:20,628 basehttp "GET /admin/core/cabinet/ HTTP/1.1" 200 15332
INFO 2025-05-26 19:43:20,645 basehttp "GET /admin/jsi18n/ HTTP/1.1" 200 3342
INFO 2025-05-26 19:43:24,022 basehttp "GET /admin/core/cabinet/add/ HTTP/1.1" 200 15249
INFO 2025-05-26 19:43:24,040 basehttp "GET /admin/jsi18n/ HTTP/1.1" 200 3342
INFO 2025-05-26 19:44:14,189 basehttp "POST /admin/core/cabinet/add/ HTTP/1.1" 302 0
INFO 2025-05-26 19:44:14,203 basehttp "GET /admin/core/cabinet/ HTTP/1.1" 200 15621
INFO 2025-05-26 19:44:14,225 basehttp "GET /admin/jsi18n/ HTTP/1.1" 200 3342
INFO 2025-05-26 19:44:16,611 basehttp "GET /admin/core/cabinet/add/ HTTP/1.1" 200 15249
INFO 2025-05-26 19:44:16,629 basehttp "GET /admin/jsi18n/ HTTP/1.1" 200 3342
INFO 2025-05-26 19:44:38,033 basehttp "POST /admin/core/cabinet/add/ HTTP/1.1" 302 0
INFO 2025-05-26 19:44:38,053 basehttp "GET /admin/core/cabinet/ HTTP/1.1" 200 15909
INFO 2025-05-26 19:44:38,066 basehttp "GET /admin/jsi18n/ HTTP/1.1" 200 3342
INFO 2025-05-26 19:44:52,477 basehttp "GET /admin/core/cabinet/add/ HTTP/1.1" 200 15249
INFO 2025-05-26 19:44:52,503 basehttp "GET /admin/jsi18n/ HTTP/1.1" 200 3342
INFO 2025-05-26 19:45:43,397 basehttp "POST /admin/core/cabinet/add/ HTTP/1.1" 302 0
INFO 2025-05-26 19:45:43,416 basehttp "GET /admin/core/cabinet/ HTTP/1.1" 200 16197
INFO 2025-05-26 19:45:43,434 basehttp "GET /admin/jsi18n/ HTTP/1.1" 200 3342
INFO 2025-05-26 19:45:50,318 basehttp "GET /admin/core/cabinet/add/ HTTP/1.1" 200 15249
INFO 2025-05-26 19:45:50,330 basehttp "GET /admin/jsi18n/ HTTP/1.1" 200 3342
INFO 2025-05-26 19:46:14,339 basehttp "POST /admin/core/cabinet/add/ HTTP/1.1" 302 0
INFO 2025-05-26 19:46:14,353 basehttp "GET /admin/core/cabinet/ HTTP/1.1" 200 16485
INFO 2025-05-26 19:46:14,370 basehttp "GET /admin/jsi18n/ HTTP/1.1" 200 3342
INFO 2025-05-26 19:51:37,939 basehttp "GET /admin/core/cabinet/add/ HTTP/1.1" 200 15249
INFO 2025-05-26 19:51:37,956 basehttp "GET /admin/jsi18n/ HTTP/1.1" 200 3342
INFO 2025-05-26 19:51:50,056 basehttp "POST /admin/core/cabinet/add/ HTTP/1.1" 302 0
INFO 2025-05-26 19:51:50,071 basehttp "GET /admin/core/cabinet/ HTTP/1.1" 200 16773
INFO 2025-05-26 19:51:50,087 basehttp "GET /admin/jsi18n/ HTTP/1.1" 200 3342
INFO 2025-05-26 19:52:00,661 basehttp "GET /admin/core/cabinet/17/change/ HTTP/1.1" 200 15665
INFO 2025-05-26 19:52:00,680 basehttp "GET /admin/jsi18n/ HTTP/1.1" 200 3342
INFO 2025-05-26 19:52:03,530 basehttp "GET /admin/core/cabinet/ HTTP/1.1" 200 16561
INFO 2025-05-26 19:52:03,549 basehttp "GET /admin/jsi18n/ HTTP/1.1" 200 3342
INFO 2025-05-26 19:52:05,543 basehttp "GET /admin/core/cabinet/15/change/ HTTP/1.1" 200 15665
INFO 2025-05-26 19:52:05,560 basehttp "GET /admin/jsi18n/ HTTP/1.1" 200 3342
INFO 2025-05-26 19:52:07,861 basehttp "GET /admin/core/cabinet/ HTTP/1.1" 200 16561
INFO 2025-05-26 19:52:07,879 basehttp "GET /admin/jsi18n/ HTTP/1.1" 200 3342
INFO 2025-05-26 19:55:09,569 basehttp "GET /admin/core/cabinet/add/ HTTP/1.1" 200 15249
INFO 2025-05-26 19:55:09,594 basehttp "GET /admin/jsi18n/ HTTP/1.1" 200 3342
INFO 2025-05-26 19:55:17,729 basehttp "POST /admin/core/cabinet/add/ HTTP/1.1" 302 0
INFO 2025-05-26 19:55:17,745 basehttp "GET /admin/core/cabinet/ HTTP/1.1" 200 17061
INFO 2025-05-26 19:55:17,762 basehttp "GET /admin/jsi18n/ HTTP/1.1" 200 3342
INFO 2025-05-26 19:56:33,221 basehttp "GET /admin/core/ HTTP/1.1" 200 13225
INFO 2025-05-26 19:56:36,558 basehttp "GET /admin/core/employee/ HTTP/1.1" 200 13823
INFO 2025-05-26 19:56:36,580 basehttp "GET /admin/jsi18n/ HTTP/1.1" 200 3342
INFO 2025-05-26 19:56:38,825 basehttp "GET /admin/core/employee/add/ HTTP/1.1" 200 17776
INFO 2025-05-26 19:56:38,842 basehttp "GET /admin/jsi18n/ HTTP/1.1" 200 3342
INFO 2025-05-26 19:56:43,373 basehttp "GET /admin/ HTTP/1.1" 200 18435
INFO 2025-05-26 19:56:43,393 basehttp "GET /static/admin/img/icon-deletelink.svg HTTP/1.1" 304 0
INFO 2025-05-26 19:56:51,438 basehttp "GET /admin/core/doctor/ HTTP/1.1" 200 14134
INFO 2025-05-26 19:56:51,458 basehttp "GET /admin/jsi18n/ HTTP/1.1" 200 3342
INFO 2025-05-26 19:56:53,202 basehttp "GET /admin/core/doctor/add/ HTTP/1.1" 200 27352
INFO 2025-05-26 19:56:53,224 basehttp "GET /admin/jsi18n/ HTTP/1.1" 200 3342
INFO 2025-05-26 19:57:49,708 basehttp "GET /admin/core/cabinet/12/change/?_to_field=id HTTP/1.1" 200 15722
INFO 2025-05-26 19:57:49,729 basehttp "GET /admin/jsi18n/ HTTP/1.1" 200 3342
INFO 2025-05-26 19:57:54,183 basehttp "GET /admin/core/doctor/add/ HTTP/1.1" 200 27352
INFO 2025-05-26 19:58:33,857 basehttp "POST /admin/core/doctor/add/ HTTP/1.1" 200 28167
INFO 2025-05-26 19:58:33,869 basehttp "GET /admin/jsi18n/ HTTP/1.1" 200 3342
INFO 2025-05-26 19:58:50,238 basehttp "GET /admin/auth/user/add/?_to_field=id&_popup=1 HTTP/1.1" 200 8107
INFO 2025-05-26 19:58:50,257 basehttp "GET /admin/jsi18n/ HTTP/1.1" 200 3342
INFO 2025-05-26 19:58:50,263 basehttp "GET /static/admin/js/unusable_password_field.js HTTP/1.1" 200 1480
INFO 2025-05-26 19:58:50,263 basehttp "GET /static/admin/css/unusable_password_field.css HTTP/1.1" 200 663
INFO 2025-05-26 19:59:14,714 basehttp "POST /admin/auth/user/add/?_to_field=id&_popup=1 HTTP/1.1" 200 8381
INFO 2025-05-26 19:59:14,728 basehttp "GET /admin/jsi18n/ HTTP/1.1" 200 3342
INFO 2025-05-26 19:59:31,910 basehttp "POST /admin/auth/user/add/?_to_field=id&_popup=1 HTTP/1.1" 200 325
INFO 2025-05-26 19:59:31,922 basehttp "GET /static/admin/js/popup_response.js HTTP/1.1" 200 532
INFO 2025-05-26 20:00:05,943 basehttp "POST /admin/core/doctor/add/ HTTP/1.1" 200 27804
INFO 2025-05-26 20:00:05,956 basehttp "GET /admin/jsi18n/ HTTP/1.1" 200 3342
INFO 2025-05-26 20:00:37,374 basehttp "POST /admin/core/doctor/add/ HTTP/1.1" 302 0
INFO 2025-05-26 20:00:37,390 basehttp "GET /admin/core/doctor/ HTTP/1.1" 200 16142
INFO 2025-05-26 20:00:37,407 basehttp "GET /admin/jsi18n/ HTTP/1.1" 200 3342
INFO 2025-05-26 20:00:40,927 basehttp "GET /admin/core/doctor/1/change/ HTTP/1.1" 200 27843
INFO 2025-05-26 20:00:40,946 basehttp "GET /admin/jsi18n/ HTTP/1.1" 200 3342
INFO 2025-05-26 20:01:02,601 basehttp "GET /admin/ HTTP/1.1" 200 18508
INFO 2025-05-26 20:01:16,608 basehttp "GET /doctors/ HTTP/1.1" 200 4486
INFO 2025-05-26 20:01:16,627 basehttp "GET /static/css/style.css HTTP/1.1" 304 0
INFO 2025-05-26 20:01:20,747 basehttp "GET /doctors/1/ HTTP/1.1" 200 6961
INFO 2025-05-26 20:02:02,350 basehttp "GET /admin/core/doctor/ HTTP/1.1" 200 15906
INFO 2025-05-26 20:02:02,370 basehttp "GET /admin/jsi18n/ HTTP/1.1" 200 3342
INFO 2025-05-26 20:02:05,346 basehttp "GET /admin/core/doctor/1/change/ HTTP/1.1" 200 27843
INFO 2025-05-26 20:02:05,366 basehttp "GET /admin/jsi18n/ HTTP/1.1" 200 3342
INFO 2025-05-26 20:02:12,994 basehttp "GET /admin/core/ HTTP/1.1" 200 13225
INFO 2025-05-26 20:02:14,734 basehttp "GET /admin/core/specialization/ HTTP/1.1" 200 17368
INFO 2025-05-26 20:02:14,752 basehttp "GET /admin/jsi18n/ HTTP/1.1" 200 3342
INFO 2025-05-26 20:02:15,615 basehttp "GET /admin/core/specialization/16/change/ HTTP/1.1" 200 15920
INFO 2025-05-26 20:02:15,632 basehttp "GET /admin/jsi18n/ HTTP/1.1" 200 3342
INFO 2025-05-26 20:02:37,528 basehttp "GET /admin/core/ HTTP/1.1" 200 13225
INFO 2025-05-26 20:02:40,453 basehttp "GET /admin/core/specialization/ HTTP/1.1" 200 17368
INFO 2025-05-26 20:02:40,473 basehttp "GET /admin/jsi18n/ HTTP/1.1" 200 3342
INFO 2025-05-26 20:02:42,318 basehttp "GET /admin/core/specialization/12/change/ HTTP/1.1" 200 15949
INFO 2025-05-26 20:02:42,336 basehttp "GET /admin/jsi18n/ HTTP/1.1" 200 3342
INFO 2025-05-26 20:02:49,118 basehttp "GET /admin/core/specialization/ HTTP/1.1" 200 17368
INFO 2025-05-26 20:02:49,138 basehttp "GET /admin/jsi18n/ HTTP/1.1" 200 3342
INFO 2025-05-26 20:02:50,667 basehttp "GET /admin/core/specialization/13/change/ HTTP/1.1" 200 15892
INFO 2025-05-26 20:02:50,687 basehttp "GET /admin/jsi18n/ HTTP/1.1" 200 3342
INFO 2025-05-26 20:02:53,896 basehttp "GET /admin/core/specialization/ HTTP/1.1" 200 17368
INFO 2025-05-26 20:02:53,910 basehttp "GET /admin/jsi18n/ HTTP/1.1" 200 3342
INFO 2025-05-26 20:02:55,329 basehttp "GET /admin/core/specialization/14/change/ HTTP/1.1" 200 15994
INFO 2025-05-26 20:02:55,348 basehttp "GET /admin/jsi18n/ HTTP/1.1" 200 3342
INFO 2025-05-26 20:03:00,351 basehttp "GET /admin/core/specialization/ HTTP/1.1" 200 17368
INFO 2025-05-26 20:03:00,368 basehttp "GET /admin/jsi18n/ HTTP/1.1" 200 3342
INFO 2025-05-26 20:03:01,750 basehttp "GET /admin/core/specialization/15/change/ HTTP/1.1" 200 15956
INFO 2025-05-26 20:03:01,769 basehttp "GET /admin/jsi18n/ HTTP/1.1" 200 3342
INFO 2025-05-26 20:03:06,001 basehttp "GET /admin/core/specialization/ HTTP/1.1" 200 17368
INFO 2025-05-26 20:03:06,607 basehttp "GET /admin/core/specialization/14/change/ HTTP/1.1" 200 15994
INFO 2025-05-26 20:03:07,671 basehttp "GET /admin/core/specialization/ HTTP/1.1" 200 17368
INFO 2025-05-26 20:03:09,432 basehttp "GET /admin/core/ HTTP/1.1" 200 13225
INFO 2025-05-26 20:03:12,953 basehttp "GET /admin/core/doctor/ HTTP/1.1" 200 15906
INFO 2025-05-26 20:03:12,972 basehttp "GET /admin/jsi18n/ HTTP/1.1" 200 3342
INFO 2025-05-26 20:03:17,902 basehttp "GET /admin/ HTTP/1.1" 200 18508
INFO 2025-05-26 20:03:19,739 basehttp "GET /admin/core/specialization/ HTTP/1.1" 200 17368
INFO 2025-05-26 20:03:19,759 basehttp "GET /admin/jsi18n/ HTTP/1.1" 200 3342
INFO 2025-05-26 20:03:21,084 basehttp "GET /admin/core/specialization/15/change/ HTTP/1.1" 200 15956
INFO 2025-05-26 20:03:21,103 basehttp "GET /admin/jsi18n/ HTTP/1.1" 200 3342
INFO 2025-05-26 20:03:24,687 basehttp "GET /admin/ HTTP/1.1" 200 18508
INFO 2025-05-26 20:03:28,821 basehttp "GET /admin/core/service/ HTTP/1.1" 200 18978
INFO 2025-05-26 20:03:28,839 basehttp "GET /admin/jsi18n/ HTTP/1.1" 200 3342
INFO 2025-05-26 20:03:30,601 basehttp "GET /admin/ HTTP/1.1" 200 18508
INFO 2025-05-26 20:03:32,835 basehttp "GET /admin/core/doctor/ HTTP/1.1" 200 15906
INFO 2025-05-26 20:03:32,854 basehttp "GET /admin/jsi18n/ HTTP/1.1" 200 3342
INFO 2025-05-26 20:03:33,911 basehttp "GET /admin/core/doctor/1/change/ HTTP/1.1" 200 27843
INFO 2025-05-26 20:03:33,931 basehttp "GET /admin/jsi18n/ HTTP/1.1" 200 3342
INFO 2025-05-26 20:04:02,090 basehttp "GET /doctors/1/ HTTP/1.1" 200 6961
INFO 2025-05-26 20:04:06,579 basehttp "GET /doctors/1/ HTTP/1.1" 200 6961
INFO 2025-05-26 20:04:07,256 basehttp "GET /doctors/1/ HTTP/1.1" 200 6961
INFO 2025-05-26 20:04:10,613 basehttp "POST /admin/core/doctor/1/change/ HTTP/1.1" 302 0
INFO 2025-05-26 20:04:10,628 basehttp "GET /admin/core/doctor/ HTTP/1.1" 200 16144
INFO 2025-05-26 20:04:10,646 basehttp "GET /admin/jsi18n/ HTTP/1.1" 200 3342
INFO 2025-05-26 20:04:13,995 basehttp "GET /doctors/1/ HTTP/1.1" 200 6972
INFO 2025-05-26 20:04:15,029 basehttp "GET /doctors/1/ HTTP/1.1" 200 6972
INFO 2025-05-26 20:04:18,549 basehttp "GET /doctors/ HTTP/1.1" 200 4497
INFO 2025-05-26 20:04:19,583 basehttp "GET /doctors/1/ HTTP/1.1" 200 6972
INFO 2025-05-26 20:04:22,849 basehttp "GET /admin/core/doctor/1/change/ HTTP/1.1" 200 27843
INFO 2025-05-26 20:04:22,866 basehttp "GET /admin/jsi18n/ HTTP/1.1" 200 3342
INFO 2025-05-26 20:04:45,556 basehttp "POST /admin/core/doctor/1/change/ HTTP/1.1" 302 0
INFO 2025-05-26 20:04:45,565 basehttp "GET /admin/core/doctor/ HTTP/1.1" 200 16144
INFO 2025-05-26 20:04:45,576 basehttp "GET /admin/jsi18n/ HTTP/1.1" 200 3342
INFO 2025-05-26 20:04:48,645 basehttp "GET /doctors/1/ HTTP/1.1" 200 7238
INFO 2025-05-26 20:04:48,661 basehttp "GET /media/doctors/doctor1_2K4NaIP.jpeg HTTP/1.1" 200 5680
INFO 2025-05-26 20:04:52,336 basehttp "GET /services/ HTTP/1.1" 200 14538
INFO 2025-05-26 20:04:53,401 basehttp "GET /doctors/ HTTP/1.1" 200 4635
INFO 2025-05-26 20:04:53,420 basehttp "GET /media/doctors/doctor1_2K4NaIP.jpeg HTTP/1.1" 304 0
INFO 2025-05-26 20:05:03,836 basehttp "GET /admin/core/doctor/1/change/ HTTP/1.1" 200 28120
INFO 2025-05-26 20:05:03,853 basehttp "GET /admin/jsi18n/ HTTP/1.1" 200 3342
INFO 2025-05-26 20:05:15,751 basehttp "POST /admin/core/doctor/1/change/ HTTP/1.1" 200 28403
INFO 2025-05-26 20:05:15,768 basehttp "GET /admin/jsi18n/ HTTP/1.1" 200 3342
INFO 2025-05-26 20:05:42,046 basehttp "POST /admin/core/doctor/1/change/ HTTP/1.1" 302 0
INFO 2025-05-26 20:05:42,063 basehttp "GET /admin/core/doctor/ HTTP/1.1" 200 16144
INFO 2025-05-26 20:05:42,082 basehttp "GET /admin/jsi18n/ HTTP/1.1" 200 3342
INFO 2025-05-26 20:05:43,569 basehttp "GET /admin/core/doctor/1/change/ HTTP/1.1" 200 27843
INFO 2025-05-26 20:05:43,588 basehttp "GET /admin/jsi18n/ HTTP/1.1" 200 3342
INFO 2025-05-26 20:05:48,612 basehttp "GET /doctors/ HTTP/1.1" 200 4497
INFO 2025-05-26 20:06:04,264 basehttp "GET /admin/core/ HTTP/1.1" 200 13225
INFO 2025-05-26 20:06:05,955 basehttp "GET /admin/core/doctor/ HTTP/1.1" 200 15906
INFO 2025-05-26 20:06:05,975 basehttp "GET /admin/jsi18n/ HTTP/1.1" 200 3342
INFO 2025-05-26 20:06:07,534 basehttp "GET /admin/core/doctor/add/ HTTP/1.1" 200 27388
INFO 2025-05-26 20:06:07,553 basehttp "GET /admin/jsi18n/ HTTP/1.1" 200 3342
INFO 2025-05-26 20:07:40,192 basehttp "GET /admin/core/cabinet/13/change/?_to_field=id HTTP/1.1" 200 15727
INFO 2025-05-26 20:07:40,211 basehttp "GET /admin/jsi18n/ HTTP/1.1" 200 3342
INFO 2025-05-26 20:07:45,258 basehttp "POST /admin/core/cabinet/13/change/?_to_field=id HTTP/1.1" 302 0
INFO 2025-05-26 20:07:45,273 basehttp "GET /admin/core/cabinet/ HTTP/1.1" 200 17063
INFO 2025-05-26 20:07:45,289 basehttp "GET /admin/jsi18n/ HTTP/1.1" 200 3342
INFO 2025-05-26 20:07:50,207 basehttp "GET /admin/core/cabinet/13/change/?_to_field=id HTTP/1.1" 200 15727
INFO 2025-05-26 20:07:51,470 basehttp "GET /admin/core/doctor/add/ HTTP/1.1" 200 27388
INFO 2025-05-26 20:07:56,542 basehttp "GET /admin/core/cabinet/16/change/?_to_field=id HTTP/1.1" 200 15733
INFO 2025-05-26 20:07:56,560 basehttp "GET /admin/jsi18n/ HTTP/1.1" 200 3342
INFO 2025-05-26 20:08:02,162 basehttp "GET /admin/core/cabinet/ HTTP/1.1" 200 16849
INFO 2025-05-26 20:08:02,181 basehttp "GET /admin/jsi18n/ HTTP/1.1" 200 3342
INFO 2025-05-26 20:08:04,511 basehttp "GET /admin/core/ HTTP/1.1" 200 13225
INFO 2025-05-26 20:08:05,677 basehttp "GET /admin/ HTTP/1.1" 200 18635
INFO 2025-05-26 20:08:07,269 basehttp "GET /admin/core/ HTTP/1.1" 200 13225
INFO 2025-05-26 20:08:09,325 basehttp "GET /admin/core/doctor/ HTTP/1.1" 200 15906
INFO 2025-05-26 20:08:09,344 basehttp "GET /admin/jsi18n/ HTTP/1.1" 200 3342
INFO 2025-05-26 20:08:11,938 basehttp "GET /admin/core/doctor/add/ HTTP/1.1" 200 27388
INFO 2025-05-26 20:08:11,957 basehttp "GET /admin/jsi18n/ HTTP/1.1" 200 3342
INFO 2025-05-26 20:08:17,456 basehttp "GET /admin/auth/user/add/?_to_field=id&_popup=1 HTTP/1.1" 200 8107
INFO 2025-05-26 20:08:17,471 basehttp "GET /admin/jsi18n/ HTTP/1.1" 200 3342
INFO 2025-05-26 20:08:25,909 basehttp "POST /admin/auth/user/add/?_to_field=id&_popup=1 HTTP/1.1" 200 325
INFO 2025-05-26 20:09:24,945 basehttp "GET /admin/core/cabinet/15/change/?_to_field=id HTTP/1.1" 200 15714
INFO 2025-05-26 20:09:24,964 basehttp "GET /admin/jsi18n/ HTTP/1.1" 200 3342
INFO 2025-05-26 20:09:30,668 basehttp "GET /admin/core/cabinet/ HTTP/1.1" 200 16849
INFO 2025-05-26 20:09:30,687 basehttp "GET /admin/jsi18n/ HTTP/1.1" 200 3342
INFO 2025-05-26 20:09:34,213 basehttp "GET /admin/core/cabinet/15/change/?_to_field=id HTTP/1.1" 200 15714
INFO 2025-05-26 20:09:34,983 basehttp "GET /admin/core/doctor/add/ HTTP/1.1" 200 27424
INFO 2025-05-26 20:09:55,153 basehttp "GET /admin/core/ HTTP/1.1" 200 13225
INFO 2025-05-26 20:09:57,914 basehttp "GET /admin/core/doctor/ HTTP/1.1" 200 15906
INFO 2025-05-26 20:09:57,932 basehttp "GET /admin/jsi18n/ HTTP/1.1" 200 3342
INFO 2025-05-26 20:09:59,467 basehttp "GET /admin/ HTTP/1.1" 200 18614
INFO 2025-05-26 20:10:02,597 basehttp "GET /admin/core/specialization/ HTTP/1.1" 200 17368
INFO 2025-05-26 20:10:02,616 basehttp "GET /admin/jsi18n/ HTTP/1.1" 200 3342
INFO 2025-05-26 20:10:05,032 basehttp "GET /admin/core/specialization/18/change/ HTTP/1.1" 200 15953
INFO 2025-05-26 20:10:05,051 basehttp "GET /admin/jsi18n/ HTTP/1.1" 200 3342
INFO 2025-05-26 20:10:08,383 basehttp "GET /admin/core/specialization/ HTTP/1.1" 200 17368
INFO 2025-05-26 20:10:08,402 basehttp "GET /admin/jsi18n/ HTTP/1.1" 200 3342
INFO 2025-05-26 20:10:09,512 basehttp "GET /admin/core/specialization/14/change/ HTTP/1.1" 200 15994
INFO 2025-05-26 20:10:09,531 basehttp "GET /admin/jsi18n/ HTTP/1.1" 200 3342
INFO 2025-05-26 20:10:11,551 basehttp "GET /admin/core/specialization/ HTTP/1.1" 200 17368
INFO 2025-05-26 20:10:11,570 basehttp "GET /admin/jsi18n/ HTTP/1.1" 200 3342
INFO 2025-05-26 20:10:12,832 basehttp "GET /admin/core/specialization/13/change/ HTTP/1.1" 200 15892
INFO 2025-05-26 20:10:12,850 basehttp "GET /admin/jsi18n/ HTTP/1.1" 200 3342
INFO 2025-05-26 20:10:14,150 basehttp "GET /admin/core/specialization/ HTTP/1.1" 200 17368
INFO 2025-05-26 20:10:14,169 basehttp "GET /admin/jsi18n/ HTTP/1.1" 200 3342
INFO 2025-05-26 20:10:15,100 basehttp "GET /admin/core/specialization/12/change/ HTTP/1.1" 200 15949
INFO 2025-05-26 20:10:15,120 basehttp "GET /admin/jsi18n/ HTTP/1.1" 200 3342
INFO 2025-05-26 20:10:17,217 basehttp "GET /admin/core/specialization/ HTTP/1.1" 200 17368
INFO 2025-05-26 20:10:17,235 basehttp "GET /admin/jsi18n/ HTTP/1.1" 200 3342
INFO 2025-05-26 20:10:18,297 basehttp "GET /admin/core/specialization/17/change/ HTTP/1.1" 200 15964
INFO 2025-05-26 20:10:18,315 basehttp "GET /admin/jsi18n/ HTTP/1.1" 200 3342
INFO 2025-05-26 20:10:27,380 basehttp "GET /admin/core/ HTTP/1.1" 200 13225
INFO 2025-05-26 20:10:37,482 basehttp "GET /admin/core/doctor/ HTTP/1.1" 200 15906
INFO 2025-05-26 20:10:37,501 basehttp "GET /admin/jsi18n/ HTTP/1.1" 200 3342
INFO 2025-05-26 20:10:39,582 basehttp "GET /admin/core/doctor/add/ HTTP/1.1" 200 27424
INFO 2025-05-26 20:10:39,601 basehttp "GET /admin/jsi18n/ HTTP/1.1" 200 3342
INFO 2025-05-26 20:12:15,603 basehttp "GET /admin/core/cabinet/14/change/?_to_field=id HTTP/1.1" 200 15709
INFO 2025-05-26 20:12:15,622 basehttp "GET /admin/jsi18n/ HTTP/1.1" 200 3342
INFO 2025-05-26 20:12:21,512 basehttp "GET /admin/core/doctor/add/ HTTP/1.1" 200 27424
INFO 2025-05-26 20:12:24,284 basehttp "GET /admin/core/cabinet/13/change/?_to_field=id HTTP/1.1" 200 15727
INFO 2025-05-26 20:12:24,295 basehttp "GET /admin/jsi18n/ HTTP/1.1" 200 3342
INFO 2025-05-26 20:12:27,196 basehttp "GET /admin/core/doctor/add/ HTTP/1.1" 200 27424
INFO 2025-05-26 20:12:31,635 basehttp "GET /admin/core/cabinet/17/change/?_to_field=id HTTP/1.1" 200 15714
INFO 2025-05-26 20:12:31,654 basehttp "GET /admin/jsi18n/ HTTP/1.1" 200 3342
INFO 2025-05-26 20:12:35,764 basehttp "GET /admin/core/doctor/add/ HTTP/1.1" 200 27424
INFO 2025-05-26 20:12:40,104 basehttp "GET /admin/core/cabinet/18/change/?_to_field=id HTTP/1.1" 200 15761
INFO 2025-05-26 20:12:40,122 basehttp "GET /admin/jsi18n/ HTTP/1.1" 200 3342
INFO 2025-05-26 20:12:42,911 basehttp "GET /admin/core/doctor/add/ HTTP/1.1" 200 27424
INFO 2025-05-26 20:12:47,270 basehttp "GET /admin/core/cabinet/13/change/?_to_field=id HTTP/1.1" 200 15727
INFO 2025-05-26 20:12:47,290 basehttp "GET /admin/jsi18n/ HTTP/1.1" 200 3342
INFO 2025-05-26 20:12:55,282 basehttp "GET /admin/core/doctor/add/ HTTP/1.1" 200 27424
INFO 2025-05-26 20:13:00,752 basehttp "GET /admin/core/cabinet/12/change/?_to_field=id HTTP/1.1" 200 15722
INFO 2025-05-26 20:13:00,773 basehttp "GET /admin/jsi18n/ HTTP/1.1" 200 3342
INFO 2025-05-26 20:13:04,329 basehttp "GET /admin/core/doctor/add/ HTTP/1.1" 200 27424
INFO 2025-05-26 20:13:07,255 basehttp "GET /admin/core/cabinet/14/change/?_to_field=id HTTP/1.1" 200 15709
INFO 2025-05-26 20:13:07,274 basehttp "GET /admin/jsi18n/ HTTP/1.1" 200 3342
INFO 2025-05-26 20:13:09,514 basehttp "GET /admin/core/doctor/add/ HTTP/1.1" 200 27424
INFO 2025-05-26 20:13:12,036 basehttp "GET /admin/core/cabinet/15/change/?_to_field=id HTTP/1.1" 200 15714
INFO 2025-05-26 20:13:12,054 basehttp "GET /admin/jsi18n/ HTTP/1.1" 200 3342
INFO 2025-05-26 20:13:17,897 basehttp "GET /admin/core/doctor/add/ HTTP/1.1" 200 27424
INFO 2025-05-26 20:13:48,350 basehttp "POST /admin/core/doctor/add/ HTTP/1.1" 302 0
INFO 2025-05-26 20:13:48,367 basehttp "GET /admin/core/doctor/ HTTP/1.1" 200 16525
INFO 2025-05-26 20:13:48,384 basehttp "GET /admin/jsi18n/ HTTP/1.1" 200 3342
INFO 2025-05-26 20:13:56,697 basehttp "GET /doctors/ HTTP/1.1" 200 5517
INFO 2025-05-26 20:13:58,349 basehttp "GET /doctors/2/ HTTP/1.1" 200 6977
INFO 2025-05-26 20:14:09,870 basehttp "GET /admin/core/ HTTP/1.1" 200 13225
INFO 2025-05-26 20:14:11,675 basehttp "GET /admin/core/specialization/ HTTP/1.1" 200 17368
INFO 2025-05-26 20:14:11,695 basehttp "GET /admin/jsi18n/ HTTP/1.1" 200 3342
INFO 2025-05-26 20:14:14,694 basehttp "GET /admin/core/specialization/19/change/ HTTP/1.1" 200 15875
INFO 2025-05-26 20:14:14,713 basehttp "GET /admin/jsi18n/ HTTP/1.1" 200 3342
INFO 2025-05-26 20:14:18,069 basehttp "GET /admin/core/specialization/ HTTP/1.1" 200 17368
INFO 2025-05-26 20:14:19,307 basehttp "GET /admin/core/specialization/18/change/ HTTP/1.1" 200 15953
INFO 2025-05-26 20:14:19,326 basehttp "GET /admin/jsi18n/ HTTP/1.1" 200 3342
INFO 2025-05-26 20:14:21,296 basehttp "GET /admin/core/specialization/ HTTP/1.1" 200 17368
INFO 2025-05-26 20:14:22,624 basehttp "GET /admin/core/specialization/17/change/ HTTP/1.1" 200 15964
INFO 2025-05-26 20:14:22,641 basehttp "GET /admin/jsi18n/ HTTP/1.1" 200 3342
INFO 2025-05-26 20:14:26,741 basehttp "GET /admin/core/specialization/ HTTP/1.1" 200 17368
INFO 2025-05-26 20:14:27,361 basehttp "GET /admin/core/ HTTP/1.1" 200 13225
INFO 2025-05-26 20:14:33,022 basehttp "GET /admin/core/doctor/ HTTP/1.1" 200 16306
INFO 2025-05-26 20:14:33,042 basehttp "GET /admin/jsi18n/ HTTP/1.1" 200 3342
INFO 2025-05-26 20:14:35,753 basehttp "GET /admin/core/doctor/2/change/ HTTP/1.1" 200 27811
INFO 2025-05-26 20:14:35,772 basehttp "GET /admin/jsi18n/ HTTP/1.1" 200 3342
INFO 2025-05-26 20:14:52,185 basehttp "POST /admin/core/doctor/2/change/ HTTP/1.1" 302 0
INFO 2025-05-26 20:14:52,200 basehttp "GET /admin/core/doctor/ HTTP/1.1" 200 16527
INFO 2025-05-26 20:14:52,218 basehttp "GET /admin/jsi18n/ HTTP/1.1" 200 3342
INFO 2025-05-26 20:14:56,032 basehttp "GET /doctors/2/ HTTP/1.1" 200 6984
INFO 2025-05-26 20:15:35,375 basehttp "GET /admin/core/ HTTP/1.1" 200 13225
INFO 2025-05-26 20:15:37,940 basehttp "GET /admin/core/specialization/ HTTP/1.1" 200 17368
INFO 2025-05-26 20:15:37,959 basehttp "GET /admin/jsi18n/ HTTP/1.1" 200 3342
INFO 2025-05-26 20:15:40,193 basehttp "GET /admin/core/specialization/19/change/ HTTP/1.1" 200 15875
INFO 2025-05-26 20:15:40,211 basehttp "GET /admin/jsi18n/ HTTP/1.1" 200 3342
INFO 2025-05-26 20:15:54,257 basehttp "GET /admin/core/ HTTP/1.1" 200 13225
INFO 2025-05-26 20:16:10,260 basehttp "GET /admin/core/specialization/ HTTP/1.1" 200 17368
INFO 2025-05-26 20:16:10,281 basehttp "GET /admin/jsi18n/ HTTP/1.1" 200 3342
INFO 2025-05-26 20:16:12,127 basehttp "GET /admin/core/specialization/19/change/ HTTP/1.1" 200 15875
INFO 2025-05-26 20:16:12,146 basehttp "GET /admin/jsi18n/ HTTP/1.1" 200 3342
INFO 2025-05-26 20:16:17,212 basehttp "GET /admin/core/specialization/ HTTP/1.1" 200 17368
INFO 2025-05-26 20:16:18,093 basehttp "GET /admin/core/ HTTP/1.1" 200 13225
INFO 2025-05-26 20:16:21,374 basehttp "GET /admin/core/doctor/ HTTP/1.1" 200 16306
INFO 2025-05-26 20:16:21,390 basehttp "GET /admin/jsi18n/ HTTP/1.1" 200 3342
INFO 2025-05-26 20:16:22,952 basehttp "GET /admin/core/doctor/add/ HTTP/1.1" 200 27424
INFO 2025-05-26 20:16:22,971 basehttp "GET /admin/jsi18n/ HTTP/1.1" 200 3342
INFO 2025-05-26 20:16:54,310 basehttp "GET /admin/core/cabinet/12/change/?_to_field=id HTTP/1.1" 200 15722
INFO 2025-05-26 20:16:54,330 basehttp "GET /admin/jsi18n/ HTTP/1.1" 200 3342
INFO 2025-05-26 20:16:56,554 basehttp "GET /admin/core/doctor/add/ HTTP/1.1" 200 27424
INFO 2025-05-26 20:16:59,497 basehttp "GET /admin/core/cabinet/18/change/?_to_field=id HTTP/1.1" 200 15761
INFO 2025-05-26 20:16:59,517 basehttp "GET /admin/jsi18n/ HTTP/1.1" 200 3342
INFO 2025-05-26 20:17:02,822 basehttp "GET /admin/core/doctor/add/ HTTP/1.1" 200 27424
INFO 2025-05-26 20:17:05,457 basehttp "GET /admin/core/cabinet/17/change/?_to_field=id HTTP/1.1" 200 15714
INFO 2025-05-26 20:17:05,475 basehttp "GET /admin/jsi18n/ HTTP/1.1" 200 3342
INFO 2025-05-26 20:17:07,624 basehttp "GET /admin/core/doctor/add/ HTTP/1.1" 200 27424
INFO 2025-05-26 20:17:10,961 basehttp "GET /admin/core/cabinet/16/change/?_to_field=id HTTP/1.1" 200 15733
INFO 2025-05-26 20:17:10,980 basehttp "GET /admin/jsi18n/ HTTP/1.1" 200 3342
INFO 2025-05-26 20:17:15,557 basehttp "GET /admin/core/doctor/add/ HTTP/1.1" 200 27424
INFO 2025-05-26 20:17:18,145 basehttp "GET /admin/core/cabinet/15/change/?_to_field=id HTTP/1.1" 200 15714
INFO 2025-05-26 20:17:18,164 basehttp "GET /admin/jsi18n/ HTTP/1.1" 200 3342
INFO 2025-05-26 20:17:21,821 basehttp "GET /admin/core/doctor/add/ HTTP/1.1" 200 27424
INFO 2025-05-26 20:17:25,312 basehttp "GET /admin/core/cabinet/14/change/?_to_field=id HTTP/1.1" 200 15709
INFO 2025-05-26 20:17:25,331 basehttp "GET /admin/jsi18n/ HTTP/1.1" 200 3342
INFO 2025-05-26 20:17:27,638 basehttp "GET /admin/core/doctor/add/ HTTP/1.1" 200 27424
INFO 2025-05-26 20:17:30,096 basehttp "GET /admin/core/cabinet/13/change/?_to_field=id HTTP/1.1" 200 15727
INFO 2025-05-26 20:17:30,114 basehttp "GET /admin/jsi18n/ HTTP/1.1" 200 3342
INFO 2025-05-26 20:17:32,037 basehttp "GET /admin/core/doctor/add/ HTTP/1.1" 200 27424
INFO 2025-05-26 20:17:34,694 basehttp "GET /admin/core/cabinet/12/change/?_to_field=id HTTP/1.1" 200 15722
INFO 2025-05-26 20:17:34,712 basehttp "GET /admin/jsi18n/ HTTP/1.1" 200 3342
INFO 2025-05-26 20:17:37,271 basehttp "GET /admin/core/doctor/add/ HTTP/1.1" 200 27424
INFO 2025-05-26 20:17:40,767 basehttp "GET /admin/core/cabinet/18/change/?_to_field=id HTTP/1.1" 200 15761
INFO 2025-05-26 20:17:40,786 basehttp "GET /admin/jsi18n/ HTTP/1.1" 200 3342
INFO 2025-05-26 20:17:44,606 basehttp "GET /admin/core/doctor/add/ HTTP/1.1" 200 27424
INFO 2025-05-26 20:19:30,878 basehttp "GET /admin/auth/user/add/?_to_field=id&_popup=1 HTTP/1.1" 200 8107
INFO 2025-05-26 20:19:30,892 basehttp "GET /static/admin/css/unusable_password_field.css HTTP/1.1" 304 0
INFO 2025-05-26 20:19:30,894 basehttp "GET /static/admin/js/unusable_password_field.js HTTP/1.1" 304 0
INFO 2025-05-26 20:19:30,895 basehttp "GET /admin/jsi18n/ HTTP/1.1" 200 3342
INFO 2025-05-26 20:19:44,315 basehttp "POST /admin/auth/user/add/?_to_field=id&_popup=1 HTTP/1.1" 200 324
INFO 2025-05-26 20:19:44,328 basehttp "GET /static/admin/js/popup_response.js HTTP/1.1" 304 0
INFO 2025-05-26 20:19:47,260 basehttp "POST /admin/core/doctor/add/ HTTP/1.1" 302 0
INFO 2025-05-26 20:19:47,276 basehttp "GET /admin/core/doctor/ HTTP/1.1" 200 16930
INFO 2025-05-26 20:19:47,293 basehttp "GET /admin/jsi18n/ HTTP/1.1" 200 3342
INFO 2025-05-26 20:19:49,781 basehttp "GET /admin/core/doctor/3/change/ HTTP/1.1" 200 27878
INFO 2025-05-26 20:19:49,801 basehttp "GET /admin/jsi18n/ HTTP/1.1" 200 3342
INFO 2025-05-26 20:19:54,545 basehttp "POST /admin/core/doctor/3/change/ HTTP/1.1" 302 0
INFO 2025-05-26 20:19:54,561 basehttp "GET /admin/core/doctor/ HTTP/1.1" 200 16932
INFO 2025-05-26 20:19:54,578 basehttp "GET /admin/jsi18n/ HTTP/1.1" 200 3342
INFO 2025-05-26 20:20:02,779 basehttp "GET /admin/core/doctor/3/change/ HTTP/1.1" 200 27878
INFO 2025-05-26 20:20:02,798 basehttp "GET /admin/jsi18n/ HTTP/1.1" 200 3342
INFO 2025-05-26 20:20:08,336 basehttp "GET /static/admin/img/calendar-icons.svg HTTP/1.1" 200 2455
INFO 2025-05-26 20:20:11,762 basehttp "POST /admin/core/doctor/3/change/ HTTP/1.1" 302 0
INFO 2025-05-26 20:20:11,777 basehttp "GET /admin/core/doctor/ HTTP/1.1" 200 16932
INFO 2025-05-26 20:20:11,795 basehttp "GET /admin/jsi18n/ HTTP/1.1" 200 3342
INFO 2025-05-26 20:20:14,662 basehttp "GET /doctors/2/ HTTP/1.1" 200 6984
INFO 2025-05-26 20:20:15,603 basehttp "GET /doctors/2/ HTTP/1.1" 200 6984
INFO 2025-05-26 20:20:16,479 basehttp "GET /doctors/2/ HTTP/1.1" 200 6984
INFO 2025-05-26 20:20:18,364 basehttp "GET /doctors/ HTTP/1.1" 200 6566
INFO 2025-05-26 20:20:29,883 basehttp "GET /doctors/3/ HTTP/1.1" 200 10076
INFO 2025-05-26 20:22:24,311 basehttp "GET /admin/core/doctor/1/change/ HTTP/1.1" 200 27914
INFO 2025-05-26 20:22:24,326 basehttp "GET /admin/jsi18n/ HTTP/1.1" 200 3342
INFO 2025-05-26 20:22:30,583 basehttp "POST /admin/core/doctor/1/change/ HTTP/1.1" 302 0
INFO 2025-05-26 20:22:30,599 basehttp "GET /admin/core/doctor/ HTTP/1.1" 200 16884
INFO 2025-05-26 20:22:30,620 basehttp "GET /admin/jsi18n/ HTTP/1.1" 200 3342
INFO 2025-05-26 20:22:32,053 basehttp "GET /admin/core/doctor/3/change/ HTTP/1.1" 200 27878
INFO 2025-05-26 20:22:32,072 basehttp "GET /admin/jsi18n/ HTTP/1.1" 200 3342
INFO 2025-05-26 20:22:43,546 basehttp "POST /admin/core/doctor/3/change/ HTTP/1.1" 302 0
INFO 2025-05-26 20:22:43,562 basehttp "GET /admin/core/doctor/ HTTP/1.1" 200 16884
INFO 2025-05-26 20:22:43,579 basehttp "GET /admin/jsi18n/ HTTP/1.1" 200 3342
INFO 2025-05-26 20:22:47,986 basehttp "GET /admin/core/doctor/add/ HTTP/1.1" 200 27459
INFO 2025-05-26 20:22:48,005 basehttp "GET /admin/jsi18n/ HTTP/1.1" 200 3342
INFO 2025-05-26 20:23:37,110 basehttp "GET /admin/auth/user/add/?_to_field=id&_popup=1 HTTP/1.1" 200 8107
INFO 2025-05-26 20:23:37,135 basehttp "GET /admin/jsi18n/ HTTP/1.1" 200 3342
INFO 2025-05-26 20:23:43,773 basehttp "POST /admin/auth/user/add/?_to_field=id&_popup=1 HTTP/1.1" 200 325
INFO 2025-05-26 20:24:20,424 basehttp "GET /admin/core/cabinet/13/change/?_to_field=id HTTP/1.1" 200 15727
INFO 2025-05-26 20:24:20,444 basehttp "GET /admin/jsi18n/ HTTP/1.1" 200 3342
INFO 2025-05-26 20:24:24,321 basehttp "GET /admin/core/doctor/add/ HTTP/1.1" 200 27495
INFO 2025-05-26 20:24:27,260 basehttp "GET /admin/core/cabinet/15/change/?_to_field=id HTTP/1.1" 200 15714
INFO 2025-05-26 20:24:27,279 basehttp "GET /admin/jsi18n/ HTTP/1.1" 200 3342
INFO 2025-05-26 20:24:29,551 basehttp "GET /admin/core/doctor/add/ HTTP/1.1" 200 27495
INFO 2025-05-26 20:24:32,080 basehttp "GET /admin/core/cabinet/17/change/?_to_field=id HTTP/1.1" 200 15714
INFO 2025-05-26 20:24:32,100 basehttp "GET /admin/jsi18n/ HTTP/1.1" 200 3342
INFO 2025-05-26 20:24:35,303 basehttp "GET /admin/core/doctor/add/ HTTP/1.1" 200 27495
INFO 2025-05-26 20:25:07,833 basehttp "POST /admin/core/doctor/add/ HTTP/1.1" 200 27860
INFO 2025-05-26 20:25:07,851 basehttp "GET /admin/jsi18n/ HTTP/1.1" 200 3342
INFO 2025-05-26 20:25:17,121 basehttp "POST /admin/core/doctor/add/ HTTP/1.1" 302 0
INFO 2025-05-26 20:25:17,137 basehttp "GET /admin/core/doctor/ HTTP/1.1" 200 17305
INFO 2025-05-26 20:25:17,154 basehttp "GET /admin/jsi18n/ HTTP/1.1" 200 3342
INFO 2025-05-26 20:25:26,341 basehttp "GET /admin/core/ HTTP/1.1" 200 13225
INFO 2025-05-26 20:25:28,215 basehttp "GET /admin/core/specialization/ HTTP/1.1" 200 17368
INFO 2025-05-26 20:25:28,234 basehttp "GET /admin/jsi18n/ HTTP/1.1" 200 3342
INFO 2025-05-26 20:25:30,942 basehttp "GET /admin/core/ HTTP/1.1" 200 13225
INFO 2025-05-26 20:25:35,381 basehttp "GET /admin/core/specialization/ HTTP/1.1" 200 17368
INFO 2025-05-26 20:25:35,399 basehttp "GET /admin/jsi18n/ HTTP/1.1" 200 3342
INFO 2025-05-26 20:25:37,965 basehttp "GET /admin/core/specialization/18/change/ HTTP/1.1" 200 15953
INFO 2025-05-26 20:25:37,985 basehttp "GET /admin/jsi18n/ HTTP/1.1" 200 3342
INFO 2025-05-26 20:25:40,010 basehttp "GET /admin/core/specialization/ HTTP/1.1" 200 17368
INFO 2025-05-26 20:25:40,994 basehttp "GET /admin/core/specialization/13/change/ HTTP/1.1" 200 15892
INFO 2025-05-26 20:25:41,013 basehttp "GET /admin/jsi18n/ HTTP/1.1" 200 3342
INFO 2025-05-26 20:25:46,046 basehttp "GET /admin/core/specialization/ HTTP/1.1" 200 17368
INFO 2025-05-26 20:25:46,450 basehttp "GET /admin/core/ HTTP/1.1" 200 13225
INFO 2025-05-26 20:25:48,463 basehttp "GET /admin/core/doctor/ HTTP/1.1" 200 17078
INFO 2025-05-26 20:25:48,482 basehttp "GET /admin/jsi18n/ HTTP/1.1" 200 3342
INFO 2025-05-26 20:25:50,690 basehttp "GET /admin/core/doctor/4/change/ HTTP/1.1" 200 27923
INFO 2025-05-26 20:25:50,709 basehttp "GET /admin/jsi18n/ HTTP/1.1" 200 3342
INFO 2025-05-26 20:26:00,637 basehttp "POST /admin/core/doctor/4/change/ HTTP/1.1" 302 0
INFO 2025-05-26 20:26:00,651 basehttp "GET /admin/core/doctor/ HTTP/1.1" 200 17307
INFO 2025-05-26 20:26:00,666 basehttp "GET /admin/jsi18n/ HTTP/1.1" 200 3342
INFO 2025-05-26 20:26:04,507 basehttp "GET /doctors/ HTTP/1.1" 200 7571
INFO 2025-05-26 20:26:13,333 basehttp "GET /statistics/ HTTP/1.1" 200 7121
INFO 2025-05-26 20:26:23,896 basehttp "GET /set-timezone/ HTTP/1.1" 200 39116
INFO 2025-05-26 20:26:25,055 basehttp "GET /about/ HTTP/1.1" 200 4290
INFO 2025-05-26 20:26:25,906 basehttp "GET /services/ HTTP/1.1" 200 14538
DEBUG 2025-05-26 20:26:26,907 views Получение последних новостей для главной страницы
INFO 2025-05-26 20:26:26,907 views Начало формирования контекста для главной страницы
DEBUG 2025-05-26 20:26:26,908 views Запрос данных о погоде
DEBUG 2025-05-26 20:26:27,085 views Данные о погоде успешно получены
DEBUG 2025-05-26 20:26:27,085 views Запрос курсов валют
DEBUG 2025-05-26 20:26:27,361 views Данные о курсах валют успешно получены
INFO 2025-05-26 20:26:27,363 views Контекст для главной страницы успешно сформирован
INFO 2025-05-26 20:26:27,375 basehttp "GET / HTTP/1.1" 200 13343
INFO 2025-05-26 20:26:27,403 basehttp "GET /static/img/hero-image.jpg HTTP/1.1" 304 0
INFO 2025-05-26 20:26:27,408 basehttp "GET /media/news/1483444335_0-0-3840-2160_1920x0_80_0_0_d78397da469ce01dd2656c4ccb408168_dfm7Pro.jpg HTTP/1.1" 304 0
INFO 2025-05-26 20:26:27,409 basehttp "GET /media/news/1483444335_0-0-3840-2160_1920x0_80_0_0_d78397da469ce01dd2656c4ccb408168_dfm7Pro_bhBlxXg.jpg HTTP/1.1" 304 0
INFO 2025-05-26 20:26:27,412 basehttp "GET /media/news/Screenshot_2025-05-26_at_16.53.50.png HTTP/1.1" 304 0
INFO 2025-05-26 20:26:35,218 basehttp "GET /admin/core/ HTTP/1.1" 200 13225
INFO 2025-05-26 20:26:40,815 basehttp "GET /admin/core/news/ HTTP/1.1" 200 16242
INFO 2025-05-26 20:26:40,834 basehttp "GET /admin/jsi18n/ HTTP/1.1" 200 3342
INFO 2025-05-26 20:26:42,602 basehttp "GET /admin/core/news/7/change/ HTTP/1.1" 200 20012
INFO 2025-05-26 20:26:42,620 basehttp "GET /admin/jsi18n/ HTTP/1.1" 200 3342
INFO 2025-05-26 20:26:56,218 basehttp "POST /admin/core/news/7/change/ HTTP/1.1" 302 0
INFO 2025-05-26 20:26:56,235 basehttp "GET /admin/core/news/ HTTP/1.1" 200 16445
INFO 2025-05-26 20:26:56,261 basehttp "GET /admin/jsi18n/ HTTP/1.1" 200 3342
DEBUG 2025-05-26 20:26:59,470 views Получение последних новостей для главной страницы
INFO 2025-05-26 20:26:59,471 views Начало формирования контекста для главной страницы
DEBUG 2025-05-26 20:26:59,471 views Запрос данных о погоде
DEBUG 2025-05-26 20:26:59,472 views Данные о погоде успешно получены
DEBUG 2025-05-26 20:26:59,472 views Запрос курсов валют
DEBUG 2025-05-26 20:26:59,654 views Данные о курсах валют успешно получены
INFO 2025-05-26 20:26:59,654 views Контекст для главной страницы успешно сформирован
INFO 2025-05-26 20:26:59,664 basehttp "GET / HTTP/1.1" 200 13301
INFO 2025-05-26 20:26:59,688 basehttp "GET /media/news/1-GettyImages-73096824-67ee7409bb789_NwYwV8X.webp HTTP/1.1" 200 23108
DEBUG 2025-05-26 20:32:11,278 views Получение последних новостей для главной страницы
INFO 2025-05-26 20:32:11,278 views Начало формирования контекста для главной страницы
DEBUG 2025-05-26 20:32:11,279 views Запрос данных о погоде
DEBUG 2025-05-26 20:32:11,280 views Данные о погоде успешно получены
DEBUG 2025-05-26 20:32:11,280 views Запрос курсов валют
DEBUG 2025-05-26 20:32:11,433 views Данные о курсах валют успешно получены
INFO 2025-05-26 20:32:11,434 views Контекст для главной страницы успешно сформирован
INFO 2025-05-26 20:32:11,453 basehttp "GET / HTTP/1.1" 200 13301
INFO 2025-05-26 20:32:11,487 basehttp "GET /media/news/1-GettyImages-73096824-67ee7409bb789_NwYwV8X.webp HTTP/1.1" 304 0
DEBUG 2025-05-26 20:33:54,091 views Получение последних новостей для главной страницы
INFO 2025-05-26 20:33:54,092 views Начало формирования контекста для главной страницы
DEBUG 2025-05-26 20:33:54,093 views Запрос данных о погоде
DEBUG 2025-05-26 20:33:54,093 views Данные о погоде успешно получены
DEBUG 2025-05-26 20:33:54,093 views Запрос курсов валют
DEBUG 2025-05-26 20:33:54,271 views Данные о курсах валют успешно получены
INFO 2025-05-26 20:33:54,272 views Контекст для главной страницы успешно сформирован
INFO 2025-05-26 20:33:54,288 basehttp "GET / HTTP/1.1" 200 13315
INFO 2025-05-26 20:33:54,314 basehttp "GET /static/img/FotoJet%20(65)-1200.jpg.webp HTTP/1.1" 200 105892
INFO 2025-05-26 20:33:54,316 basehttp "GET /media/news/1-GettyImages-73096824-67ee7409bb789_NwYwV8X.webp HTTP/1.1" 304 0
DEBUG 2025-05-26 20:34:00,002 views Получение последних новостей для главной страницы
INFO 2025-05-26 20:34:00,003 views Начало формирования контекста для главной страницы
DEBUG 2025-05-26 20:34:00,003 views Запрос данных о погоде
DEBUG 2025-05-26 20:34:00,004 views Данные о погоде успешно получены
DEBUG 2025-05-26 20:34:00,004 views Запрос курсов валют
DEBUG 2025-05-26 20:34:00,123 views Данные о курсах валют успешно получены
INFO 2025-05-26 20:34:00,124 views Контекст для главной страницы успешно сформирован
INFO 2025-05-26 20:34:00,129 basehttp "GET / HTTP/1.1" 200 13315
INFO 2025-05-26 20:34:04,531 basehttp "GET /set-timezone/ HTTP/1.1" 200 39116
INFO 2025-05-26 20:34:05,334 basehttp "GET /about/ HTTP/1.1" 200 4290
INFO 2025-05-26 20:34:06,262 basehttp "GET /services/ HTTP/1.1" 200 14538
INFO 2025-05-26 20:34:11,371 basehttp "GET /services/ HTTP/1.1" 200 14538
INFO 2025-05-26 20:34:12,527 basehttp "GET /about/ HTTP/1.1" 200 4290
INFO 2025-05-26 20:34:13,231 basehttp "GET /services/ HTTP/1.1" 200 14538
INFO 2025-05-26 20:34:14,143 basehttp "GET /doctors/ HTTP/1.1" 200 7571
INFO 2025-05-26 20:34:20,295 basehttp "GET /services/ HTTP/1.1" 200 14538
INFO 2025-05-26 20:34:27,628 basehttp "GET /vacancies/ HTTP/1.1" 200 13639
INFO 2025-05-26 20:34:28,998 basehttp "GET /statistics/ HTTP/1.1" 200 7121
INFO 2025-05-26 20:34:30,658 basehttp "GET /privacy/ HTTP/1.1" 200 5131
INFO 2025-05-26 20:34:33,598 basehttp "GET /doctors/ HTTP/1.1" 200 7571
INFO 2025-05-26 20:34:40,908 basehttp "GET /admin/core/ HTTP/1.1" 200 13225
INFO 2025-05-26 20:34:42,776 basehttp "GET /admin/core/specialization/ HTTP/1.1" 200 17368
INFO 2025-05-26 20:34:42,800 basehttp "GET /admin/jsi18n/ HTTP/1.1" 200 3342
INFO 2025-05-26 20:34:44,269 basehttp "GET /admin/core/specialization/12/change/ HTTP/1.1" 200 15949
INFO 2025-05-26 20:34:44,295 basehttp "GET /admin/jsi18n/ HTTP/1.1" 200 3342
INFO 2025-05-26 20:34:46,763 basehttp "GET /admin/core/specialization/ HTTP/1.1" 200 17368
INFO 2025-05-26 20:34:48,364 basehttp "GET /admin/core/specialization/13/change/ HTTP/1.1" 200 15892
INFO 2025-05-26 20:34:48,382 basehttp "GET /admin/jsi18n/ HTTP/1.1" 200 3342
INFO 2025-05-26 20:34:50,214 basehttp "GET /admin/core/specialization/ HTTP/1.1" 200 17368
INFO 2025-05-26 20:34:51,850 basehttp "GET /admin/core/specialization/14/change/ HTTP/1.1" 200 15994
INFO 2025-05-26 20:34:51,869 basehttp "GET /admin/jsi18n/ HTTP/1.1" 200 3342
INFO 2025-05-26 20:34:56,697 basehttp "GET /doctors/1/ HTTP/1.1" 200 6930
INFO 2025-05-26 20:35:08,819 basehttp "GET /admin/core/ HTTP/1.1" 200 13225
INFO 2025-05-26 20:35:11,435 basehttp "GET /admin/core/doctor/ HTTP/1.1" 200 17078
INFO 2025-05-26 20:35:11,454 basehttp "GET /admin/jsi18n/ HTTP/1.1" 200 3342
INFO 2025-05-26 20:35:14,383 basehttp "GET /admin/core/doctor/add/ HTTP/1.1" 200 27495
INFO 2025-05-26 20:35:14,403 basehttp "GET /admin/jsi18n/ HTTP/1.1" 200 3342
INFO 2025-05-26 20:35:22,783 basehttp "GET /admin/core/cabinet/18/change/?_to_field=id HTTP/1.1" 200 15761
INFO 2025-05-26 20:35:22,802 basehttp "GET /admin/jsi18n/ HTTP/1.1" 200 3342
INFO 2025-05-26 20:35:24,952 basehttp "GET /admin/core/doctor/add/ HTTP/1.1" 200 27495
INFO 2025-05-26 20:35:33,399 basehttp "GET /admin/core/doctor/ HTTP/1.1" 200 17078
INFO 2025-05-26 20:35:35,331 basehttp "GET /admin/core/ HTTP/1.1" 200 13225
INFO 2025-05-26 20:35:36,917 basehttp "GET /admin/core/specialization/ HTTP/1.1" 200 17368
INFO 2025-05-26 20:35:36,936 basehttp "GET /admin/jsi18n/ HTTP/1.1" 200 3342
INFO 2025-05-26 20:35:40,015 basehttp "GET /admin/core/specialization/14/change/ HTTP/1.1" 200 15994
INFO 2025-05-26 20:35:40,033 basehttp "GET /admin/jsi18n/ HTTP/1.1" 200 3342
INFO 2025-05-26 20:35:42,199 basehttp "GET /admin/core/specialization/ HTTP/1.1" 200 17368
INFO 2025-05-26 20:35:50,778 basehttp "GET /admin/core/ HTTP/1.1" 200 13225
INFO 2025-05-26 20:35:54,200 basehttp "GET /admin/core/doctor/ HTTP/1.1" 200 17078
INFO 2025-05-26 20:35:54,219 basehttp "GET /admin/jsi18n/ HTTP/1.1" 200 3342
INFO 2025-05-26 20:35:56,533 basehttp "GET /admin/core/doctor/add/ HTTP/1.1" 200 27495
INFO 2025-05-26 20:35:56,552 basehttp "GET /admin/jsi18n/ HTTP/1.1" 200 3342
INFO 2025-05-26 20:36:09,218 basehttp "GET /admin/core/cabinet/17/change/?_to_field=id HTTP/1.1" 200 15714
INFO 2025-05-26 20:36:09,238 basehttp "GET /admin/jsi18n/ HTTP/1.1" 200 3342
INFO 2025-05-26 20:36:11,059 basehttp "GET /admin/core/doctor/add/ HTTP/1.1" 200 27495
INFO 2025-05-26 20:36:14,404 basehttp "GET /admin/core/cabinet/16/change/?_to_field=id HTTP/1.1" 200 15733
INFO 2025-05-26 20:36:14,423 basehttp "GET /admin/jsi18n/ HTTP/1.1" 200 3342
INFO 2025-05-26 20:36:15,910 basehttp "GET /admin/core/doctor/add/ HTTP/1.1" 200 27495
INFO 2025-05-26 20:36:18,435 basehttp "GET /admin/core/cabinet/15/change/?_to_field=id HTTP/1.1" 200 15714
INFO 2025-05-26 20:36:18,453 basehttp "GET /admin/jsi18n/ HTTP/1.1" 200 3342
INFO 2025-05-26 20:36:20,928 basehttp "GET /admin/core/doctor/add/ HTTP/1.1" 200 27495
INFO 2025-05-26 20:36:23,201 basehttp "GET /admin/core/cabinet/14/change/?_to_field=id HTTP/1.1" 200 15709
INFO 2025-05-26 20:36:23,220 basehttp "GET /admin/jsi18n/ HTTP/1.1" 200 3342
INFO 2025-05-26 20:36:27,468 basehttp "POST /admin/core/cabinet/14/change/?_to_field=id HTTP/1.1" 302 0
INFO 2025-05-26 20:36:27,484 basehttp "GET /admin/core/cabinet/ HTTP/1.1" 200 17063
INFO 2025-05-26 20:36:27,500 basehttp "GET /admin/jsi18n/ HTTP/1.1" 200 3342
INFO 2025-05-26 20:36:29,734 basehttp "GET /admin/core/cabinet/14/change/?_to_field=id HTTP/1.1" 200 15709
INFO 2025-05-26 20:36:32,030 basehttp "GET /admin/core/doctor/add/ HTTP/1.1" 200 27495
INFO 2025-05-26 20:37:54,992 basehttp "GET /admin/auth/user/add/?_to_field=id&_popup=1 HTTP/1.1" 200 8107
INFO 2025-05-26 20:37:55,013 basehttp "GET /admin/jsi18n/ HTTP/1.1" 200 3342
INFO 2025-05-26 20:38:05,370 basehttp "POST /admin/auth/user/add/?_to_field=id&_popup=1 HTTP/1.1" 200 326
INFO 2025-05-26 20:38:28,038 basehttp "POST /admin/core/doctor/add/ HTTP/1.1" 302 0
INFO 2025-05-26 20:38:28,053 basehttp "GET /admin/core/doctor/ HTTP/1.1" 200 17684
INFO 2025-05-26 20:38:28,070 basehttp "GET /admin/jsi18n/ HTTP/1.1" 200 3342
INFO 2025-05-26 20:38:37,434 basehttp "GET /doctors/ HTTP/1.1" 200 8578
INFO 2025-05-26 20:38:43,426 basehttp "GET /admin/core/doctor/add/ HTTP/1.1" 200 27532
INFO 2025-05-26 20:38:43,441 basehttp "GET /admin/jsi18n/ HTTP/1.1" 200 3342
INFO 2025-05-26 20:39:29,134 basehttp "GET /admin/auth/user/add/?_to_field=id&_popup=1 HTTP/1.1" 200 8107
INFO 2025-05-26 20:39:29,147 basehttp "GET /static/admin/css/unusable_password_field.css HTTP/1.1" 304 0
INFO 2025-05-26 20:39:29,149 basehttp "GET /admin/jsi18n/ HTTP/1.1" 200 3342
INFO 2025-05-26 20:39:29,157 basehttp "GET /static/admin/js/unusable_password_field.js HTTP/1.1" 304 0
INFO 2025-05-26 20:39:37,589 basehttp "POST /admin/auth/user/add/?_to_field=id&_popup=1 HTTP/1.1" 200 323
INFO 2025-05-26 20:39:37,603 basehttp "GET /static/admin/js/popup_response.js HTTP/1.1" 304 0
INFO 2025-05-26 20:40:02,794 basehttp "GET /admin/core/cabinet/add/?_to_field=id&_popup=1 HTTP/1.1" 200 5045
INFO 2025-05-26 20:40:02,808 basehttp "GET /admin/jsi18n/ HTTP/1.1" 200 3342
INFO 2025-05-26 20:40:11,093 basehttp "GET /admin/core/cabinet/12/change/?_to_field=id HTTP/1.1" 200 15722
INFO 2025-05-26 20:40:11,112 basehttp "GET /admin/jsi18n/ HTTP/1.1" 200 3342
INFO 2025-05-26 20:40:13,384 basehttp "GET /admin/core/doctor/add/ HTTP/1.1" 200 27566
INFO 2025-05-26 20:40:20,724 basehttp "GET /admin/core/cabinet/16/change/?_to_field=id HTTP/1.1" 200 15733
INFO 2025-05-26 20:40:20,743 basehttp "GET /admin/jsi18n/ HTTP/1.1" 200 3342
INFO 2025-05-26 20:40:24,921 basehttp "POST /admin/core/cabinet/16/change/?_to_field=id HTTP/1.1" 302 0
INFO 2025-05-26 20:40:24,936 basehttp "GET /admin/core/cabinet/ HTTP/1.1" 200 17063
INFO 2025-05-26 20:40:24,952 basehttp "GET /admin/jsi18n/ HTTP/1.1" 200 3342
INFO 2025-05-26 20:40:26,343 basehttp "GET /admin/core/cabinet/16/change/?_to_field=id HTTP/1.1" 200 15733
INFO 2025-05-26 20:40:27,195 basehttp "GET /admin/core/doctor/add/ HTTP/1.1" 200 27566
INFO 2025-05-26 20:41:04,436 basehttp "POST /admin/core/doctor/add/ HTTP/1.1" 302 0
INFO 2025-05-26 20:41:04,453 basehttp "GET /admin/core/doctor/ HTTP/1.1" 200 18051
INFO 2025-05-26 20:41:04,470 basehttp "GET /admin/jsi18n/ HTTP/1.1" 200 3342
INFO 2025-05-26 20:41:08,757 basehttp "GET /admin/core/ HTTP/1.1" 200 13225
INFO 2025-05-26 20:41:10,212 basehttp "GET /admin/core/specialization/ HTTP/1.1" 200 17368
INFO 2025-05-26 20:41:10,231 basehttp "GET /admin/jsi18n/ HTTP/1.1" 200 3342
INFO 2025-05-26 20:41:12,828 basehttp "GET /admin/core/specialization/12/change/ HTTP/1.1" 200 15949
INFO 2025-05-26 20:41:12,846 basehttp "GET /admin/jsi18n/ HTTP/1.1" 200 3342
INFO 2025-05-26 20:41:12,967 basehttp "POST /admin/core/specialization/12/change/ HTTP/1.1" 302 0
INFO 2025-05-26 20:41:12,976 basehttp "GET /admin/core/specialization/add/ HTTP/1.1" 200 15582
INFO 2025-05-26 20:41:12,992 basehttp "GET /admin/jsi18n/ HTTP/1.1" 200 3342
INFO 2025-05-26 20:41:14,624 basehttp "GET /admin/core/specialization/12/change/ HTTP/1.1" 200 15949
INFO 2025-05-26 20:41:23,013 basehttp "GET /admin/core/specialization/ HTTP/1.1" 200 17368
INFO 2025-05-26 20:41:24,045 basehttp "GET /admin/core/specialization/13/change/ HTTP/1.1" 200 15892
INFO 2025-05-26 20:41:24,064 basehttp "GET /admin/jsi18n/ HTTP/1.1" 200 3342
INFO 2025-05-26 20:41:26,245 basehttp "GET /admin/core/specialization/ HTTP/1.1" 200 17368
INFO 2025-05-26 20:41:27,578 basehttp "GET /admin/core/specialization/14/change/ HTTP/1.1" 200 15994
INFO 2025-05-26 20:41:27,597 basehttp "GET /admin/jsi18n/ HTTP/1.1" 200 3342
INFO 2025-05-26 20:41:29,227 basehttp "GET /admin/core/specialization/ HTTP/1.1" 200 17368
INFO 2025-05-26 20:41:30,295 basehttp "GET /admin/core/specialization/15/change/ HTTP/1.1" 200 15956
INFO 2025-05-26 20:41:30,313 basehttp "GET /admin/jsi18n/ HTTP/1.1" 200 3342
INFO 2025-05-26 20:41:32,347 basehttp "GET /admin/core/specialization/ HTTP/1.1" 200 17368
INFO 2025-05-26 20:41:33,393 basehttp "GET /admin/core/specialization/16/change/ HTTP/1.1" 200 15920
INFO 2025-05-26 20:41:33,410 basehttp "GET /admin/jsi18n/ HTTP/1.1" 200 3342
INFO 2025-05-26 20:41:35,626 basehttp "GET /admin/core/specialization/ HTTP/1.1" 200 17368
INFO 2025-05-26 20:41:37,111 basehttp "GET /admin/core/specialization/14/change/ HTTP/1.1" 200 15994
INFO 2025-05-26 20:41:37,128 basehttp "GET /admin/jsi18n/ HTTP/1.1" 200 3342
INFO 2025-05-26 20:41:40,214 basehttp "GET /admin/core/specialization/ HTTP/1.1" 200 17368
INFO 2025-05-26 20:41:41,195 basehttp "GET /admin/core/specialization/15/change/ HTTP/1.1" 200 15956
INFO 2025-05-26 20:41:41,214 basehttp "GET /admin/jsi18n/ HTTP/1.1" 200 3342
INFO 2025-05-26 20:41:43,446 basehttp "GET /admin/core/specialization/ HTTP/1.1" 200 17368
INFO 2025-05-26 20:41:46,726 basehttp "GET /admin/core/ HTTP/1.1" 200 13225
INFO 2025-05-26 20:41:50,186 basehttp "GET /admin/core/doctor/ HTTP/1.1" 200 17844
INFO 2025-05-26 20:41:50,206 basehttp "GET /admin/jsi18n/ HTTP/1.1" 200 3342
INFO 2025-05-26 20:41:51,461 basehttp "GET /admin/core/doctor/6/change/ HTTP/1.1" 200 27921
INFO 2025-05-26 20:41:51,480 basehttp "GET /admin/jsi18n/ HTTP/1.1" 200 3342
INFO 2025-05-26 20:42:13,613 basehttp "POST /admin/core/doctor/6/change/ HTTP/1.1" 302 0
INFO 2025-05-26 20:42:13,629 basehttp "GET /admin/core/doctor/ HTTP/1.1" 200 18053
INFO 2025-05-26 20:42:13,645 basehttp "GET /admin/jsi18n/ HTTP/1.1" 200 3342
INFO 2025-05-26 20:42:17,322 basehttp "GET /doctors/ HTTP/1.1" 200 9702
INFO 2025-05-26 20:42:17,336 basehttp "GET /static/css/style.css HTTP/1.1" 304 0
INFO 2025-05-26 20:42:17,338 basehttp "GET /media/doctors/doctor9_wUzUnei.jpeg HTTP/1.1" 200 7639
INFO 2025-05-26 20:43:19,218 basehttp "GET /admin/core/doctor/6/change/ HTTP/1.1" 200 28198
INFO 2025-05-26 20:43:19,237 basehttp "GET /admin/jsi18n/ HTTP/1.1" 200 3342
INFO 2025-05-26 20:43:28,453 basehttp "POST /admin/core/doctor/6/change/ HTTP/1.1" 302 0
INFO 2025-05-26 20:43:28,467 basehttp "GET /admin/core/doctor/ HTTP/1.1" 200 18053
INFO 2025-05-26 20:43:28,482 basehttp "GET /admin/jsi18n/ HTTP/1.1" 200 3342
INFO 2025-05-26 20:43:32,058 basehttp "GET /doctors/ HTTP/1.1" 200 9593
INFO 2025-05-26 20:43:38,850 basehttp "GET /statistics/ HTTP/1.1" 200 7121
INFO 2025-05-26 20:45:13,845 basehttp "GET /admin/core/doctor/6/change/ HTTP/1.1" 200 27921
INFO 2025-05-26 20:45:13,867 basehttp "GET /admin/jsi18n/ HTTP/1.1" 200 3342
INFO 2025-05-26 20:45:16,287 basehttp "GET /admin/core/doctor/ HTTP/1.1" 200 17844
INFO 2025-05-26 20:45:18,565 basehttp "GET /admin/core/doctor/2/change/ HTTP/1.1" 200 27953
INFO 2025-05-26 20:45:18,584 basehttp "GET /admin/jsi18n/ HTTP/1.1" 200 3342
INFO 2025-05-26 20:45:59,623 basehttp "POST /admin/core/doctor/2/change/ HTTP/1.1" 302 0
INFO 2025-05-26 20:45:59,640 basehttp "GET /admin/core/doctor/ HTTP/1.1" 200 18065
INFO 2025-05-26 20:45:59,656 basehttp "GET /admin/jsi18n/ HTTP/1.1" 200 3342
INFO 2025-05-26 20:46:01,685 basehttp "GET /admin/core/doctor/6/change/ HTTP/1.1" 200 27921
INFO 2025-05-26 20:46:01,703 basehttp "GET /admin/jsi18n/ HTTP/1.1" 200 3342
INFO 2025-05-26 20:46:50,236 basehttp "POST /admin/core/doctor/6/change/ HTTP/1.1" 302 0
INFO 2025-05-26 20:46:50,255 basehttp "GET /admin/core/doctor/ HTTP/1.1" 200 18053
INFO 2025-05-26 20:46:50,272 basehttp "GET /admin/jsi18n/ HTTP/1.1" 200 3342
INFO 2025-05-26 20:46:55,736 basehttp "GET /statistics/ HTTP/1.1" 200 7121
INFO 2025-05-26 20:46:56,720 basehttp "GET /doctors/ HTTP/1.1" 200 9871
INFO 2025-05-26 20:46:56,743 basehttp "GET /media/doctors/2d394f680c1bf633d300eee67dd58b90.jpg HTTP/1.1" 200 24328
INFO 2025-05-26 20:46:56,743 basehttp "GET /media/doctors/360_F_118225354_9E9LrO7Y8YHqpoV7jCiSnygQAD4LyJAx.jpg HTTP/1.1" 200 25942
INFO 2025-05-26 20:52:10,005 basehttp "GET /admin/core/doctor/5/change/ HTTP/1.1" 200 27945
INFO 2025-05-26 20:52:10,039 basehttp "GET /admin/jsi18n/ HTTP/1.1" 200 3342
INFO 2025-05-26 20:53:34,905 basehttp "POST /admin/core/doctor/5/change/ HTTP/1.1" 302 0
INFO 2025-05-26 20:53:34,918 basehttp "GET /admin/core/doctor/ HTTP/1.1" 200 18061
INFO 2025-05-26 20:53:34,936 basehttp "GET /admin/jsi18n/ HTTP/1.1" 200 3342
INFO 2025-05-26 20:53:38,749 basehttp "GET /admin/core/doctor/4/change/ HTTP/1.1" 200 27994
INFO 2025-05-26 20:53:38,769 basehttp "GET /admin/jsi18n/ HTTP/1.1" 200 3342
INFO 2025-05-26 20:54:06,584 basehttp "POST /admin/core/doctor/4/change/ HTTP/1.1" 302 0
INFO 2025-05-26 20:54:06,601 basehttp "GET /admin/core/doctor/ HTTP/1.1" 200 18073
INFO 2025-05-26 20:54:06,618 basehttp "GET /admin/jsi18n/ HTTP/1.1" 200 3342
INFO 2025-05-26 20:54:12,020 basehttp "GET /admin/core/doctor/3/change/ HTTP/1.1" 200 27977
INFO 2025-05-26 20:54:12,040 basehttp "GET /admin/jsi18n/ HTTP/1.1" 200 3342
INFO 2025-05-26 20:54:25,002 basehttp "POST /admin/core/doctor/3/change/ HTTP/1.1" 302 0
INFO 2025-05-26 20:54:25,017 basehttp "GET /admin/core/doctor/ HTTP/1.1" 200 18065
INFO 2025-05-26 20:54:25,034 basehttp "GET /admin/jsi18n/ HTTP/1.1" 200 3342
INFO 2025-05-26 20:54:28,117 basehttp "GET /admin/core/doctor/1/change/ HTTP/1.1" 200 27937
INFO 2025-05-26 20:54:28,134 basehttp "GET /admin/jsi18n/ HTTP/1.1" 200 3342
INFO 2025-05-26 20:54:45,673 basehttp "POST /admin/core/doctor/1/change/ HTTP/1.1" 302 0
INFO 2025-05-26 20:54:45,687 basehttp "GET /admin/core/doctor/ HTTP/1.1" 200 18061
INFO 2025-05-26 20:54:45,702 basehttp "GET /admin/jsi18n/ HTTP/1.1" 200 3342
INFO 2025-05-26 20:54:49,402 basehttp "GET /doctors/ HTTP/1.1" 200 10423
INFO 2025-05-26 20:54:49,424 basehttp "GET /media/doctors/2d394f680c1bf633d300eee67dd58b90.jpg HTTP/1.1" 304 0
INFO 2025-05-26 20:54:49,427 basehttp "GET /media/doctors/Screenshot_2025-05-26_at_23.51.39.png HTTP/1.1" 200 945687
INFO 2025-05-26 20:54:49,441 basehttp "GET /media/doctors/360_F_118225354_9E9LrO7Y8YHqpoV7jCiSnygQAD4LyJAx.jpg HTTP/1.1" 304 0
INFO 2025-05-26 20:54:49,448 basehttp "GET /media/doctors/Screenshot_2025-05-26_at_23.51.08.png HTTP/1.1" 200 289583
INFO 2025-05-26 20:54:49,449 basehttp "GET /media/doctors/Screenshot_2025-05-26_at_23.50.23.png HTTP/1.1" 200 342535
INFO 2025-05-26 20:54:49,453 basehttp "GET /media/doctors/Screenshot_2025-05-26_at_23.50.42.png HTTP/1.1" 200 663399
INFO 2025-05-26 20:54:55,853 basehttp "GET /doctors/1/ HTTP/1.1" 200 7192
INFO 2025-05-26 20:54:55,870 basehttp "GET /media/doctors/Screenshot_2025-05-26_at_23.51.39.png HTTP/1.1" 304 0
INFO 2025-05-26 20:55:03,987 basehttp "GET /doctors/ HTTP/1.1" 200 10423
INFO 2025-05-26 20:55:04,012 basehttp "GET /media/doctors/Screenshot_2025-05-26_at_23.50.42.png HTTP/1.1" 304 0
INFO 2025-05-26 20:55:04,014 basehttp "GET /media/doctors/Screenshot_2025-05-26_at_23.51.39.png HTTP/1.1" 304 0
INFO 2025-05-26 20:55:04,016 basehttp "GET /media/doctors/Screenshot_2025-05-26_at_23.51.08.png HTTP/1.1" 304 0
INFO 2025-05-26 20:55:04,018 basehttp "GET /media/doctors/Screenshot_2025-05-26_at_23.50.23.png HTTP/1.1" 304 0
INFO 2025-05-26 20:55:04,723 basehttp "GET /privacy/ HTTP/1.1" 200 5131
INFO 2025-05-26 20:55:05,347 basehttp "GET /promocodes/ HTTP/1.1" 200 4576
INFO 2025-05-26 20:55:09,797 basehttp "GET /promocodes/ HTTP/1.1" 200 4576
INFO 2025-05-26 20:55:10,515 basehttp "GET /vacancies/ HTTP/1.1" 200 13639
INFO 2025-05-26 20:55:36,008 basehttp "GET /admin/core/ HTTP/1.1" 200 13225
INFO 2025-05-26 20:55:36,992 basehttp "GET /admin/ HTTP/1.1" 200 18621
INFO 2025-05-26 20:55:44,127 basehttp "GET /admin/core/vacancy/ HTTP/1.1" 200 18364
INFO 2025-05-26 20:55:44,144 basehttp "GET /admin/jsi18n/ HTTP/1.1" 200 3342
INFO 2025-05-26 20:55:46,556 basehttp "GET /admin/core/ HTTP/1.1" 200 13225
INFO 2025-05-26 20:55:49,126 basehttp "GET /admin/core/glossaryterm/ HTTP/1.1" 200 17813
INFO 2025-05-26 20:55:49,145 basehttp "GET /admin/jsi18n/ HTTP/1.1" 200 3342
INFO 2025-05-26 20:55:51,188 basehttp "GET /admin/core/ HTTP/1.1" 200 13225
INFO 2025-05-26 20:55:55,087 basehttp "GET /admin/core/employee/ HTTP/1.1" 200 13823
INFO 2025-05-26 20:55:55,106 basehttp "GET /admin/jsi18n/ HTTP/1.1" 200 3342
INFO 2025-05-26 20:55:58,094 basehttp "GET /admin/core/employee/add/ HTTP/1.1" 200 17776
INFO 2025-05-26 20:55:58,113 basehttp "GET /admin/jsi18n/ HTTP/1.1" 200 3342
INFO 2025-05-26 20:56:01,111 basehttp "GET /admin/ HTTP/1.1" 200 18621
DEBUG 2025-05-26 20:56:11,548 views Получение последних новостей для главной страницы
INFO 2025-05-26 20:56:11,548 views Начало формирования контекста для главной страницы
DEBUG 2025-05-26 20:56:11,549 views Запрос данных о погоде
DEBUG 2025-05-26 20:56:11,681 views Данные о погоде успешно получены
DEBUG 2025-05-26 20:56:11,681 views Запрос курсов валют
DEBUG 2025-05-26 20:56:11,891 views Данные о курсах валют успешно получены
INFO 2025-05-26 20:56:11,892 views Контекст для главной страницы успешно сформирован
INFO 2025-05-26 20:56:11,904 basehttp "GET / HTTP/1.1" 200 13315
INFO 2025-05-26 20:56:11,932 basehttp "GET /static/img/FotoJet%20(65)-1200.jpg.webp HTTP/1.1" 304 0
INFO 2025-05-26 20:56:11,934 basehttp "GET /media/news/1-GettyImages-73096824-67ee7409bb789_NwYwV8X.webp HTTP/1.1" 304 0
DEBUG 2025-05-26 20:56:21,881 views Получение последних новостей для главной страницы
INFO 2025-05-26 20:56:21,881 views Начало формирования контекста для главной страницы
DEBUG 2025-05-26 20:56:21,881 views Запрос данных о погоде
DEBUG 2025-05-26 20:56:21,881 views Данные о погоде успешно получены
DEBUG 2025-05-26 20:56:21,882 views Запрос курсов валют
DEBUG 2025-05-26 20:56:21,999 views Данные о курсах валют успешно получены
INFO 2025-05-26 20:56:21,999 views Контекст для главной страницы успешно сформирован
INFO 2025-05-26 20:56:22,006 basehttp "GET / HTTP/1.1" 200 13315
INFO 2025-05-26 20:56:24,054 basehttp "POST /logout/ HTTP/1.1" 302 0
DEBUG 2025-05-26 20:56:24,057 views Получение последних новостей для главной страницы
INFO 2025-05-26 20:56:24,057 views Начало формирования контекста для главной страницы
DEBUG 2025-05-26 20:56:24,057 views Запрос данных о погоде
DEBUG 2025-05-26 20:56:24,057 views Данные о погоде успешно получены
DEBUG 2025-05-26 20:56:24,057 views Запрос курсов валют
DEBUG 2025-05-26 20:56:24,174 views Данные о курсах валют успешно получены
INFO 2025-05-26 20:56:24,174 views Контекст для главной страницы успешно сформирован
INFO 2025-05-26 20:56:24,181 basehttp "GET / HTTP/1.1" 200 12339
DEBUG 2025-05-26 20:56:25,975 views Получение последних новостей для главной страницы
INFO 2025-05-26 20:56:25,976 views Начало формирования контекста для главной страницы
DEBUG 2025-05-26 20:56:25,977 views Запрос данных о погоде
DEBUG 2025-05-26 20:56:25,977 views Данные о погоде успешно получены
DEBUG 2025-05-26 20:56:25,977 views Запрос курсов валют
DEBUG 2025-05-26 20:56:26,101 views Данные о курсах валют успешно получены
INFO 2025-05-26 20:56:26,102 views Контекст для главной страницы успешно сформирован
INFO 2025-05-26 20:56:26,110 basehttp "GET / HTTP/1.1" 200 12339
INFO 2025-05-26 20:56:28,784 basehttp "GET /accounts/login/ HTTP/1.1" 200 3128
INFO 2025-05-26 20:56:30,135 basehttp "GET /signup/ HTTP/1.1" 200 4976
INFO 2025-05-26 20:57:53,005 basehttp "POST /signup/ HTTP/1.1" 200 5538
INFO 2025-05-26 20:58:32,711 basehttp "POST /signup/ HTTP/1.1" 200 5286
INFO 2025-05-26 20:58:54,068 basehttp "POST /signup/ HTTP/1.1" 302 0
INFO 2025-05-26 20:58:54,073 basehttp "GET /dashboard/ HTTP/1.1" 302 0
DEBUG 2025-05-26 20:58:54,076 views Получение последних новостей для главной страницы
INFO 2025-05-26 20:58:54,076 views Начало формирования контекста для главной страницы
DEBUG 2025-05-26 20:58:54,076 views Запрос данных о погоде
DEBUG 2025-05-26 20:58:54,076 views Данные о погоде успешно получены
DEBUG 2025-05-26 20:58:54,076 views Запрос курсов валют
DEBUG 2025-05-26 20:58:54,196 views Данные о курсах валют успешно получены
INFO 2025-05-26 20:58:54,196 views Контекст для главной страницы успешно сформирован
INFO 2025-05-26 20:58:54,202 basehttp "GET / HTTP/1.1" 200 12339
INFO 2025-05-26 20:58:54,225 basehttp "GET /media/news/Screenshot_2025-05-26_at_16.53.50.png HTTP/1.1" 304 0
INFO 2025-05-26 20:58:54,225 basehttp "GET /static/img/FotoJet%20(65)-1200.jpg.webp HTTP/1.1" 304 0
INFO 2025-05-26 20:59:02,550 basehttp "GET /statistics/ HTTP/1.1" 200 6436
INFO 2025-05-26 20:59:04,619 basehttp "GET /about/ HTTP/1.1" 200 3314
INFO 2025-05-26 20:59:06,506 basehttp "GET /accounts/login/ HTTP/1.1" 200 3128
INFO 2025-05-26 20:59:17,395 basehttp "POST /accounts/login/ HTTP/1.1" 302 0
INFO 2025-05-26 20:59:17,401 basehttp "GET /dashboard/ HTTP/1.1" 302 0
INFO 2025-05-26 20:59:17,407 basehttp "GET /dashboard/client/ HTTP/1.1" 200 5062
INFO 2025-05-26 20:59:26,562 basehttp "GET /update-profile/ HTTP/1.1" 200 5209
INFO 2025-05-26 20:59:31,741 basehttp "GET /dashboard/client/ HTTP/1.1" 200 5062
INFO 2025-05-26 20:59:35,960 basehttp "GET /services/ HTTP/1.1" 200 14829
INFO 2025-05-26 20:59:38,764 basehttp "GET /services/?search=&order_by= HTTP/1.1" 200 14829
INFO 2025-05-26 20:59:42,178 basehttp "GET /promocodes/ HTTP/1.1" 200 4867
INFO 2025-05-26 20:59:42,869 basehttp "GET /privacy/ HTTP/1.1" 200 5422
INFO 2025-05-26 20:59:43,843 basehttp "GET /vacancies/ HTTP/1.1" 200 13930
INFO 2025-05-26 20:59:44,714 basehttp "GET /statistics/ HTTP/1.1" 200 7703
INFO 2025-05-26 20:59:46,174 basehttp "GET /about/ HTTP/1.1" 200 4581
INFO 2025-05-26 20:59:46,919 basehttp "GET /services/ HTTP/1.1" 200 14829
INFO 2025-05-26 20:59:47,642 basehttp "GET /doctors/ HTTP/1.1" 200 10714
INFO 2025-05-26 20:59:47,678 basehttp "GET /media/doctors/2d394f680c1bf633d300eee67dd58b90.jpg HTTP/1.1" 200 24328
INFO 2025-05-26 20:59:47,681 basehttp "GET /media/doctors/360_F_118225354_9E9LrO7Y8YHqpoV7jCiSnygQAD4LyJAx.jpg HTTP/1.1" 200 25942
INFO 2025-05-26 20:59:47,692 basehttp "GET /media/doctors/Screenshot_2025-05-26_at_23.50.23.png HTTP/1.1" 200 342535
INFO 2025-05-26 20:59:47,695 basehttp "GET /media/doctors/Screenshot_2025-05-26_at_23.51.08.png HTTP/1.1" 200 289583
INFO 2025-05-26 20:59:47,699 basehttp "GET /media/doctors/Screenshot_2025-05-26_at_23.50.42.png HTTP/1.1" 200 663399
INFO 2025-05-26 20:59:47,700 basehttp "GET /media/doctors/Screenshot_2025-05-26_at_23.51.39.png HTTP/1.1" 200 945687
INFO 2025-05-26 20:59:49,396 basehttp "GET /services/ HTTP/1.1" 200 14829
INFO 2025-05-26 20:59:50,927 basehttp "GET /service/53/ HTTP/1.1" 200 5812
INFO 2025-05-26 21:00:39,568 basehttp "POST /service/53/book/ HTTP/1.1" 302 0
INFO 2025-05-26 21:00:39,578 basehttp "GET /dashboard/client/ HTTP/1.1" 200 6445
INFO 2025-05-26 21:00:46,449 basehttp "GET /statistics/ HTTP/1.1" 200 7703
INFO 2025-05-26 21:02:03,633 basehttp "GET /statistics/ HTTP/1.1" 200 7703
INFO 2025-05-26 21:02:04,444 basehttp "GET /vacancies/ HTTP/1.1" 200 13930
INFO 2025-05-26 21:02:05,351 basehttp "GET /services/ HTTP/1.1" 200 14829
INFO 2025-05-26 21:02:05,991 basehttp "GET /about/ HTTP/1.1" 200 4581
INFO 2025-05-26 21:02:06,664 basehttp "GET /set-timezone/ HTTP/1.1" 200 39407
INFO 2025-05-26 21:02:09,800 basehttp "POST /set-timezone/ HTTP/1.1" 302 0
DEBUG 2025-05-26 21:02:09,806 views Получение последних новостей для главной страницы
INFO 2025-05-26 21:02:09,806 views Начало формирования контекста для главной страницы
DEBUG 2025-05-26 21:02:09,807 views Запрос данных о погоде
DEBUG 2025-05-26 21:02:09,807 views Данные о погоде успешно получены
DEBUG 2025-05-26 21:02:09,807 views Запрос курсов валют
DEBUG 2025-05-26 21:02:09,931 views Данные о курсах валют успешно получены
INFO 2025-05-26 21:02:09,932 views Контекст для главной страницы успешно сформирован
INFO 2025-05-26 21:02:09,943 basehttp "GET / HTTP/1.1" 200 14063
INFO 2025-05-26 21:02:09,975 basehttp "GET /static/img/FotoJet%20(65)-1200.jpg.webp HTTP/1.1" 304 0
INFO 2025-05-26 21:02:09,979 basehttp "GET /media/news/1-GettyImages-73096824-67ee7409bb789_NwYwV8X.webp HTTP/1.1" 200 23108
INFO 2025-05-26 21:02:09,984 basehttp "GET /media/news/1483444335_0-0-3840-2160_1920x0_80_0_0_d78397da469ce01dd2656c4ccb408168_dfm7Pro.jpg HTTP/1.1" 200 123825
INFO 2025-05-26 21:02:09,988 basehttp "GET /media/news/Screenshot_2025-05-26_at_16.53.50.png HTTP/1.1" 200 983608
INFO 2025-05-26 21:02:11,328 basehttp "GET /about/ HTTP/1.1" 200 4581
INFO 2025-05-26 21:02:12,032 basehttp "GET /services/ HTTP/1.1" 200 14829
INFO 2025-05-26 21:02:12,728 basehttp "GET /doctors/ HTTP/1.1" 200 10714
INFO 2025-05-26 21:02:12,752 basehttp "GET /media/doctors/Screenshot_2025-05-26_at_23.51.39.png HTTP/1.1" 304 0
INFO 2025-05-26 21:02:12,758 basehttp "GET /media/doctors/2d394f680c1bf633d300eee67dd58b90.jpg HTTP/1.1" 304 0
INFO 2025-05-26 21:02:12,759 basehttp "GET /media/doctors/Screenshot_2025-05-26_at_23.50.23.png HTTP/1.1" 304 0
INFO 2025-05-26 21:02:12,761 basehttp "GET /media/doctors/Screenshot_2025-05-26_at_23.51.08.png HTTP/1.1" 304 0
INFO 2025-05-26 21:02:12,762 basehttp "GET /media/doctors/360_F_118225354_9E9LrO7Y8YHqpoV7jCiSnygQAD4LyJAx.jpg HTTP/1.1" 304 0
INFO 2025-05-26 21:02:12,763 basehttp "GET /media/doctors/Screenshot_2025-05-26_at_23.50.42.png HTTP/1.1" 304 0
INFO 2025-05-26 21:02:13,388 basehttp "GET /privacy/ HTTP/1.1" 200 5422
INFO 2025-05-26 21:02:14,481 basehttp "GET /promocodes/ HTTP/1.1" 200 4867
INFO 2025-05-26 21:02:15,398 basehttp "GET /vacancies/ HTTP/1.1" 200 13930
INFO 2025-05-26 21:02:16,536 basehttp "GET /statistics/ HTTP/1.1" 200 7703
INFO 2025-05-26 21:03:28,620 basehttp "GET /admin/core/employee/ HTTP/1.1" 302 0
INFO 2025-05-26 21:03:28,638 basehttp "GET /admin/login/?next=/admin/core/employee/ HTTP/1.1" 200 3713
INFO 2025-05-26 21:03:30,928 basehttp "GET /admin/ HTTP/1.1" 302 0
INFO 2025-05-26 21:03:30,939 basehttp "GET /admin/login/?next=/admin/ HTTP/1.1" 200 3685
INFO 2025-05-26 21:03:44,938 basehttp "POST /admin/login/?next=/admin/ HTTP/1.1" 302 0
INFO 2025-05-26 21:03:44,949 basehttp "GET /admin/ HTTP/1.1" 200 18621
INFO 2025-05-26 21:03:49,337 basehttp "GET /admin/core/employee/ HTTP/1.1" 200 13823
INFO 2025-05-26 21:03:49,361 basehttp "GET /admin/jsi18n/ HTTP/1.1" 200 3342
INFO 2025-05-26 21:03:56,002 basehttp "GET /admin/core/ HTTP/1.1" 200 13225
INFO 2025-05-26 21:04:16,486 basehttp "GET /privacy/ HTTP/1.1" 200 5131
INFO 2025-05-26 21:04:17,616 basehttp "GET /vacancies/ HTTP/1.1" 200 13639
INFO 2025-05-26 21:04:20,267 basehttp "GET /about/ HTTP/1.1" 200 4290
INFO 2025-05-26 21:04:20,898 basehttp "GET /services/ HTTP/1.1" 200 14538
INFO 2025-05-26 21:04:21,671 basehttp "GET /doctors/ HTTP/1.1" 200 10423
INFO 2025-05-26 21:04:21,708 basehttp "GET /media/doctors/2d394f680c1bf633d300eee67dd58b90.jpg HTTP/1.1" 200 24328
INFO 2025-05-26 21:04:21,710 basehttp "GET /media/doctors/360_F_118225354_9E9LrO7Y8YHqpoV7jCiSnygQAD4LyJAx.jpg HTTP/1.1" 200 25942
INFO 2025-05-26 21:04:21,721 basehttp "GET /media/doctors/Screenshot_2025-05-26_at_23.50.23.png HTTP/1.1" 200 342535
INFO 2025-05-26 21:04:21,724 basehttp "GET /media/doctors/Screenshot_2025-05-26_at_23.51.08.png HTTP/1.1" 200 289583
INFO 2025-05-26 21:04:21,727 basehttp "GET /media/doctors/Screenshot_2025-05-26_at_23.50.42.png HTTP/1.1" 200 663399
INFO 2025-05-26 21:04:21,729 basehttp "GET /media/doctors/Screenshot_2025-05-26_at_23.51.39.png HTTP/1.1" 200 945687
INFO 2025-05-26 21:04:22,395 basehttp "GET /privacy/ HTTP/1.1" 200 5131
INFO 2025-05-26 21:04:23,079 basehttp "GET /vacancies/ HTTP/1.1" 200 13639
INFO 2025-05-26 21:04:23,763 basehttp "GET /promocodes/ HTTP/1.1" 200 4576
INFO 2025-05-26 21:04:33,042 basehttp "GET /admin/core/userprofile/ HTTP/1.1" 200 15324
INFO 2025-05-26 21:04:33,061 basehttp "GET /admin/jsi18n/ HTTP/1.1" 200 3342
INFO 2025-05-26 21:04:35,356 basehttp "GET /admin/core/ HTTP/1.1" 200 13225
INFO 2025-05-26 21:04:36,806 basehttp "GET /admin/core/employee/ HTTP/1.1" 200 13823
INFO 2025-05-26 21:04:36,824 basehttp "GET /admin/jsi18n/ HTTP/1.1" 200 3342
INFO 2025-05-26 21:04:38,123 basehttp "GET /admin/core/ HTTP/1.1" 200 13225
INFO 2025-05-26 21:04:48,957 basehttp "GET /admin/core/employee/add/ HTTP/1.1" 200 17776
INFO 2025-05-26 21:04:48,978 basehttp "GET /admin/jsi18n/ HTTP/1.1" 200 3342
INFO 2025-05-26 21:04:51,453 basehttp "GET /admin/core/ HTTP/1.1" 200 13225
INFO 2025-05-26 21:05:21,869 basehttp "GET /admin/core/employee/ HTTP/1.1" 200 13823
INFO 2025-05-26 21:05:21,890 basehttp "GET /admin/jsi18n/ HTTP/1.1" 200 3342
INFO 2025-05-26 21:05:23,583 basehttp "GET /admin/core/employee/add/ HTTP/1.1" 200 17776
INFO 2025-05-26 21:05:23,601 basehttp "GET /admin/jsi18n/ HTTP/1.1" 200 3342
INFO 2025-05-26 21:06:11,510 basehttp "GET /vacancies/ HTTP/1.1" 200 13639
INFO 2025-05-26 21:06:47,297 basehttp "POST /admin/core/employee/add/ HTTP/1.1" 200 18274
INFO 2025-05-26 21:06:47,316 basehttp "GET /admin/jsi18n/ HTTP/1.1" 200 3342
INFO 2025-05-26 21:07:33,998 basehttp "POST /admin/core/employee/add/ HTTP/1.1" 302 0
INFO 2025-05-26 21:07:34,016 basehttp "GET /admin/core/employee/ HTTP/1.1" 200 15341
INFO 2025-05-26 21:07:34,034 basehttp "GET /admin/jsi18n/ HTTP/1.1" 200 3342
INFO 2025-05-26 21:07:38,946 basehttp "GET /doctors/ HTTP/1.1" 200 10423
INFO 2025-05-26 21:07:38,976 basehttp "GET /media/doctors/Screenshot_2025-05-26_at_23.50.23.png HTTP/1.1" 304 0
INFO 2025-05-26 21:07:38,979 basehttp "GET /media/doctors/360_F_118225354_9E9LrO7Y8YHqpoV7jCiSnygQAD4LyJAx.jpg HTTP/1.1" 304 0
INFO 2025-05-26 21:07:38,979 basehttp "GET /media/doctors/Screenshot_2025-05-26_at_23.51.08.png HTTP/1.1" 304 0
INFO 2025-05-26 21:07:38,979 basehttp "GET /media/doctors/2d394f680c1bf633d300eee67dd58b90.jpg HTTP/1.1" 304 0
INFO 2025-05-26 21:07:38,980 basehttp "GET /media/doctors/Screenshot_2025-05-26_at_23.50.42.png HTTP/1.1" 304 0
INFO 2025-05-26 21:07:38,981 basehttp "GET /media/doctors/Screenshot_2025-05-26_at_23.51.39.png HTTP/1.1" 304 0
INFO 2025-05-26 21:07:44,150 basehttp "GET /vacancies/ HTTP/1.1" 200 13639
INFO 2025-05-26 21:07:46,328 basehttp "GET /services/ HTTP/1.1" 200 14538
INFO 2025-05-26 21:07:47,168 basehttp "GET /about/ HTTP/1.1" 200 4290
INFO 2025-05-26 21:07:48,009 basehttp "GET /doctors/ HTTP/1.1" 200 10423
INFO 2025-05-26 21:07:48,649 basehttp "GET /privacy/ HTTP/1.1" 200 5131
ERROR 2025-05-26 21:12:19,128 log Internal Server Error: /contacts/
Traceback (most recent call last):
  File "/Users/artem/Desktop/LR5/СosmetologyCenter/venv/lib/python3.13/site-packages/django/core/handlers/exception.py", line 55, in inner
    response = get_response(request)
  File "/Users/artem/Desktop/LR5/СosmetologyCenter/venv/lib/python3.13/site-packages/django/core/handlers/base.py", line 220, in _get_response
    response = response.render()
  File "/Users/artem/Desktop/LR5/СosmetologyCenter/venv/lib/python3.13/site-packages/django/template/response.py", line 114, in render
    self.content = self.rendered_content
                   ^^^^^^^^^^^^^^^^^^^^^
  File "/Users/artem/Desktop/LR5/СosmetologyCenter/venv/lib/python3.13/site-packages/django/template/response.py", line 90, in rendered_content
    template = self.resolve_template(self.template_name)
  File "/Users/artem/Desktop/LR5/СosmetologyCenter/venv/lib/python3.13/site-packages/django/template/response.py", line 72, in resolve_template
    return select_template(template, using=self.using)
  File "/Users/artem/Desktop/LR5/СosmetologyCenter/venv/lib/python3.13/site-packages/django/template/loader.py", line 47, in select_template
    raise TemplateDoesNotExist(", ".join(template_name_list), chain=chain)
django.template.exceptions.TemplateDoesNotExist: core/contacts.html, core/employee_list.html
ERROR 2025-05-26 21:12:19,132 basehttp "GET /contacts/ HTTP/1.1" 500 81723
WARNING 2025-05-26 21:12:19,422 log Not Found: /favicon.ico
WARNING 2025-05-26 21:12:19,422 basehttp "GET /favicon.ico HTTP/1.1" 404 10684
INFO 2025-05-26 21:13:03,759 basehttp "GET /doctors/ HTTP/1.1" 200 10423
INFO 2025-05-26 21:13:03,783 basehttp "GET /media/doctors/Screenshot_2025-05-26_at_23.51.08.png HTTP/1.1" 304 0
INFO 2025-05-26 21:13:03,785 basehttp "GET /media/doctors/Screenshot_2025-05-26_at_23.50.42.png HTTP/1.1" 304 0
INFO 2025-05-26 21:13:03,785 basehttp "GET /media/doctors/2d394f680c1bf633d300eee67dd58b90.jpg HTTP/1.1" 304 0
INFO 2025-05-26 21:13:03,786 basehttp "GET /media/doctors/360_F_118225354_9E9LrO7Y8YHqpoV7jCiSnygQAD4LyJAx.jpg HTTP/1.1" 304 0
INFO 2025-05-26 21:13:03,786 basehttp "GET /media/doctors/Screenshot_2025-05-26_at_23.50.23.png HTTP/1.1" 304 0
INFO 2025-05-26 21:13:03,787 basehttp "GET /media/doctors/Screenshot_2025-05-26_at_23.51.39.png HTTP/1.1" 304 0
INFO 2025-05-26 21:15:55,329 autoreload /Users/artem/Desktop/LR5/СosmetologyCenter/core/views.py changed, reloading.
INFO 2025-05-26 21:15:55,801 autoreload Watching for file changes with StatReloader
INFO 2025-05-26 21:18:08,736 basehttp "GET /doctors/ HTTP/1.1" 200 11594
INFO 2025-05-26 21:18:08,755 basehttp "GET /media/doctors/2d394f680c1bf633d300eee67dd58b90.jpg HTTP/1.1" 304 0
INFO 2025-05-26 21:18:08,762 basehttp "GET /media/doctors/Screenshot_2025-05-26_at_23.51.39.png HTTP/1.1" 304 0
INFO 2025-05-26 21:18:08,763 basehttp "GET /media/doctors/Screenshot_2025-05-26_at_23.51.08.png HTTP/1.1" 304 0
INFO 2025-05-26 21:18:08,763 basehttp "GET /media/doctors/Screenshot_2025-05-26_at_23.50.42.png HTTP/1.1" 304 0
INFO 2025-05-26 21:18:08,768 basehttp "GET /media/doctors/Screenshot_2025-05-26_at_23.50.23.png HTTP/1.1" 304 0
INFO 2025-05-26 21:18:08,768 basehttp "GET /media/doctors/360_F_118225354_9E9LrO7Y8YHqpoV7jCiSnygQAD4LyJAx.jpg HTTP/1.1" 304 0
INFO 2025-05-26 21:18:08,776 basehttp "GET /media/employees/Screenshot_2025-05-27_at_00.07.15.png HTTP/1.1" 200 989257
INFO 2025-05-26 21:18:10,665 basehttp "GET /doctors/ HTTP/1.1" 200 11594
INFO 2025-05-26 21:18:18,147 basehttp "GET /doctors/ HTTP/1.1" 200 11594
INFO 2025-05-26 21:18:18,870 basehttp "GET /privacy/ HTTP/1.1" 200 5131
INFO 2025-05-26 21:18:19,558 basehttp "GET /doctors/ HTTP/1.1" 200 11594
INFO 2025-05-26 21:19:00,827 basehttp "GET /doctors/ HTTP/1.1" 200 11594
INFO 2025-05-26 21:19:01,711 basehttp "GET /doctors/ HTTP/1.1" 200 11594
INFO 2025-05-26 21:19:02,358 basehttp "GET /doctors/ HTTP/1.1" 200 11594
INFO 2025-05-26 21:19:02,891 basehttp "GET /doctors/ HTTP/1.1" 200 11594
INFO 2025-05-26 21:19:40,269 basehttp "GET /doctors/ HTTP/1.1" 200 11594
INFO 2025-05-26 21:19:40,288 basehttp "GET /media/employees/Screenshot_2025-05-27_at_00.07.15.png HTTP/1.1" 304 0
INFO 2025-05-26 21:19:41,212 basehttp "GET /doctors/ HTTP/1.1" 200 11594
INFO 2025-05-26 21:21:03,103 basehttp "GET /doctors/ HTTP/1.1" 200 11615
INFO 2025-05-26 21:21:03,129 basehttp "GET /media/doctors/Screenshot_2025-05-26_at_23.51.39.png HTTP/1.1" 304 0
INFO 2025-05-26 21:21:03,130 basehttp "GET /media/doctors/Screenshot_2025-05-26_at_23.51.08.png HTTP/1.1" 304 0
INFO 2025-05-26 21:21:03,133 basehttp "GET /media/doctors/Screenshot_2025-05-26_at_23.50.23.png HTTP/1.1" 304 0
INFO 2025-05-26 21:21:03,134 basehttp "GET /media/employees/Screenshot_2025-05-27_at_00.07.15.png HTTP/1.1" 304 0
INFO 2025-05-26 21:21:03,135 basehttp "GET /media/doctors/Screenshot_2025-05-26_at_23.50.42.png HTTP/1.1" 304 0
INFO 2025-05-26 21:21:04,954 basehttp "GET /doctors/ HTTP/1.1" 200 11615
INFO 2025-05-26 21:21:09,077 basehttp "GET /services/ HTTP/1.1" 200 14559
INFO 2025-05-26 21:21:10,702 basehttp "GET /about/ HTTP/1.1" 200 4311
INFO 2025-05-26 21:21:11,547 basehttp "GET /services/ HTTP/1.1" 200 14559
INFO 2025-05-26 21:21:12,738 basehttp "GET /doctors/ HTTP/1.1" 200 11615
INFO 2025-05-26 21:21:17,419 basehttp "GET /privacy/ HTTP/1.1" 200 5152
INFO 2025-05-26 21:21:18,265 basehttp "GET /promocodes/ HTTP/1.1" 200 4597
INFO 2025-05-26 21:21:19,029 basehttp "GET /vacancies/ HTTP/1.1" 200 13660
INFO 2025-05-26 21:21:23,312 basehttp "GET /statistics/ HTTP/1.1" 200 7433
INFO 2025-05-26 21:21:39,191 basehttp "POST /logout/ HTTP/1.1" 302 0
DEBUG 2025-05-26 21:21:39,193 views Получение последних новостей для главной страницы
INFO 2025-05-26 21:21:39,194 views Начало формирования контекста для главной страницы
DEBUG 2025-05-26 21:21:39,195 views Запрос данных о погоде
DEBUG 2025-05-26 21:21:39,342 views Данные о погоде успешно получены
DEBUG 2025-05-26 21:21:39,343 views Запрос курсов валют
DEBUG 2025-05-26 21:21:39,542 views Данные о курсах валют успешно получены
INFO 2025-05-26 21:21:39,543 views Контекст для главной страницы успешно сформирован
INFO 2025-05-26 21:21:39,556 basehttp "GET / HTTP/1.1" 200 12360
INFO 2025-05-26 21:21:39,585 basehttp "GET /static/img/FotoJet%20(65)-1200.jpg.webp HTTP/1.1" 304 0
INFO 2025-05-26 21:21:39,587 basehttp "GET /media/news/1-GettyImages-73096824-67ee7409bb789_NwYwV8X.webp HTTP/1.1" 200 23108
INFO 2025-05-26 21:21:39,589 basehttp "GET /media/news/1483444335_0-0-3840-2160_1920x0_80_0_0_d78397da469ce01dd2656c4ccb408168_dfm7Pro.jpg HTTP/1.1" 200 123825
INFO 2025-05-26 21:21:39,594 basehttp "GET /media/news/Screenshot_2025-05-26_at_16.53.50.png HTTP/1.1" 200 983608
INFO 2025-05-26 21:21:45,320 basehttp "GET /services/ HTTP/1.1" 200 13583
INFO 2025-05-26 21:21:46,715 basehttp "GET /about/ HTTP/1.1" 200 3335
INFO 2025-05-26 21:21:48,814 basehttp "GET /privacy/ HTTP/1.1" 200 4176
INFO 2025-05-26 21:21:49,851 basehttp "GET /promocodes/ HTTP/1.1" 200 3621
INFO 2025-05-26 21:21:50,833 basehttp "GET /vacancies/ HTTP/1.1" 200 12684
INFO 2025-05-26 21:21:53,776 basehttp "GET /accounts/login/ HTTP/1.1" 200 3149
INFO 2025-05-26 21:22:08,859 basehttp "POST /accounts/login/ HTTP/1.1" 302 0
INFO 2025-05-26 21:22:08,865 basehttp "GET /dashboard/ HTTP/1.1" 302 0
INFO 2025-05-26 21:22:08,874 basehttp "GET /dashboard/client/ HTTP/1.1" 200 6466
INFO 2025-05-26 21:22:16,628 basehttp "GET /update-profile/ HTTP/1.1" 200 5230
INFO 2025-05-26 21:22:38,809 basehttp "GET /update-profile/ HTTP/1.1" 200 5230
INFO 2025-05-26 21:22:44,760 basehttp "GET /dashboard/client/ HTTP/1.1" 200 6466
INFO 2025-05-26 21:22:45,831 basehttp "GET /delete-account/ HTTP/1.1" 200 4375
INFO 2025-05-26 21:22:49,860 basehttp "POST /delete-account/ HTTP/1.1" 302 0
DEBUG 2025-05-26 21:22:49,865 views Получение последних новостей для главной страницы
INFO 2025-05-26 21:22:49,865 views Начало формирования контекста для главной страницы
DEBUG 2025-05-26 21:22:49,865 views Запрос данных о погоде
DEBUG 2025-05-26 21:22:49,866 views Данные о погоде успешно получены
DEBUG 2025-05-26 21:22:49,866 views Запрос курсов валют
DEBUG 2025-05-26 21:22:50,068 views Данные о курсах валют успешно получены
INFO 2025-05-26 21:22:50,069 views Контекст для главной страницы успешно сформирован
INFO 2025-05-26 21:22:50,078 basehttp "GET / HTTP/1.1" 200 12360
INFO 2025-05-26 21:22:50,113 basehttp "GET /media/news/1-GettyImages-73096824-67ee7409bb789_NwYwV8X.webp HTTP/1.1" 200 23108
INFO 2025-05-26 21:22:50,115 basehttp "GET /media/news/1483444335_0-0-3840-2160_1920x0_80_0_0_d78397da469ce01dd2656c4ccb408168_dfm7Pro.jpg HTTP/1.1" 200 123825
INFO 2025-05-26 21:22:50,119 basehttp "GET /media/news/Screenshot_2025-05-26_at_16.53.50.png HTTP/1.1" 200 983608
INFO 2025-05-26 21:22:52,056 basehttp "GET /accounts/login/ HTTP/1.1" 200 3149
INFO 2025-05-26 21:22:53,012 basehttp "GET /signup/ HTTP/1.1" 200 4997
INFO 2025-05-26 21:24:18,471 basehttp "POST /signup/ HTTP/1.1" 200 5325
INFO 2025-05-26 21:24:47,345 basehttp "POST /signup/ HTTP/1.1" 200 5323
INFO 2025-05-26 21:25:06,098 basehttp "POST /signup/ HTTP/1.1" 302 0
INFO 2025-05-26 21:25:06,104 basehttp "GET /dashboard/ HTTP/1.1" 302 0
DEBUG 2025-05-26 21:25:06,106 views Получение последних новостей для главной страницы
INFO 2025-05-26 21:25:06,106 views Начало формирования контекста для главной страницы
DEBUG 2025-05-26 21:25:06,107 views Запрос данных о погоде
DEBUG 2025-05-26 21:25:06,107 views Данные о погоде успешно получены
DEBUG 2025-05-26 21:25:06,107 views Запрос курсов валют
DEBUG 2025-05-26 21:25:06,219 views Данные о курсах валют успешно получены
INFO 2025-05-26 21:25:06,219 views Контекст для главной страницы успешно сформирован
INFO 2025-05-26 21:25:06,224 basehttp "GET / HTTP/1.1" 200 12360
INFO 2025-05-26 21:25:19,740 basehttp "GET /vacancies/ HTTP/1.1" 200 12684
INFO 2025-05-26 21:25:22,854 basehttp "GET /accounts/login/ HTTP/1.1" 200 3149
INFO 2025-05-26 21:25:28,236 basehttp "POST /accounts/login/ HTTP/1.1" 200 3306
INFO 2025-05-26 21:25:53,793 basehttp "POST /accounts/login/ HTTP/1.1" 200 3306
INFO 2025-05-26 21:25:53,808 basehttp "GET /static/css/style.css HTTP/1.1" 304 0
INFO 2025-05-26 21:25:57,641 basehttp "GET /admin/core/ HTTP/1.1" 302 0
INFO 2025-05-26 21:25:57,658 basehttp "GET /admin/login/?next=/admin/core/ HTTP/1.1" 200 4183
INFO 2025-05-26 21:26:06,779 basehttp "POST /admin/login/?next=/admin/core/ HTTP/1.1" 302 0
INFO 2025-05-26 21:26:06,790 basehttp "GET /admin/core/ HTTP/1.1" 200 13225
INFO 2025-05-26 21:26:11,783 basehttp "GET /admin/core/client/ HTTP/1.1" 200 15806
INFO 2025-05-26 21:26:11,807 basehttp "GET /admin/jsi18n/ HTTP/1.1" 200 3342
INFO 2025-05-26 21:26:17,998 basehttp "GET /admin/core/client/26/change/ HTTP/1.1" 200 18236
INFO 2025-05-26 21:26:18,021 basehttp "GET /admin/jsi18n/ HTTP/1.1" 200 3342
INFO 2025-05-26 21:26:22,289 basehttp "GET /admin/core/client/26/delete/ HTTP/1.1" 200 13772
INFO 2025-05-26 21:26:22,301 basehttp "GET /static/admin/js/cancel.js HTTP/1.1" 304 0
INFO 2025-05-26 21:26:23,881 basehttp "POST /admin/core/client/26/delete/ HTTP/1.1" 302 0
INFO 2025-05-26 21:26:23,895 basehttp "GET /admin/core/client/ HTTP/1.1" 200 14301
INFO 2025-05-26 21:26:23,910 basehttp "GET /admin/jsi18n/ HTTP/1.1" 200 3342
INFO 2025-05-26 21:26:27,808 basehttp "GET /signup/ HTTP/1.1" 200 5973
INFO 2025-05-26 21:28:01,439 basehttp "POST /signup/ HTTP/1.1" 200 6321
INFO 2025-05-26 21:28:21,963 basehttp "POST /signup/ HTTP/1.1" 302 0
INFO 2025-05-26 21:28:21,969 basehttp "GET /dashboard/ HTTP/1.1" 302 0
DEBUG 2025-05-26 21:28:21,971 views Получение последних новостей для главной страницы
INFO 2025-05-26 21:28:21,971 views Начало формирования контекста для главной страницы
DEBUG 2025-05-26 21:28:21,972 views Запрос данных о погоде
DEBUG 2025-05-26 21:28:21,972 views Данные о погоде успешно получены
DEBUG 2025-05-26 21:28:21,972 views Запрос курсов валют
DEBUG 2025-05-26 21:28:22,099 views Данные о курсах валют успешно получены
INFO 2025-05-26 21:28:22,099 views Контекст для главной страницы успешно сформирован
INFO 2025-05-26 21:28:22,105 basehttp "GET / HTTP/1.1" 200 12360
INFO 2025-05-26 21:28:22,131 basehttp "GET /static/img/FotoJet%20(65)-1200.jpg.webp HTTP/1.1" 304 0
INFO 2025-05-26 21:28:22,138 basehttp "GET /media/news/1-GettyImages-73096824-67ee7409bb789_NwYwV8X.webp HTTP/1.1" 200 23108
INFO 2025-05-26 21:28:22,141 basehttp "GET /media/news/1483444335_0-0-3840-2160_1920x0_80_0_0_d78397da469ce01dd2656c4ccb408168_dfm7Pro.jpg HTTP/1.1" 200 123825
INFO 2025-05-26 21:28:22,155 basehttp "GET /media/news/Screenshot_2025-05-26_at_16.53.50.png HTTP/1.1" 200 983608
INFO 2025-05-26 21:28:24,530 basehttp "GET /accounts/login/ HTTP/1.1" 200 3149
INFO 2025-05-26 21:28:39,001 basehttp "POST /accounts/login/ HTTP/1.1" 302 0
INFO 2025-05-26 21:28:39,006 basehttp "GET /dashboard/ HTTP/1.1" 302 0
INFO 2025-05-26 21:28:39,011 basehttp "GET /dashboard/client/ HTTP/1.1" 200 5095
INFO 2025-05-26 21:28:45,064 basehttp "GET /services/ HTTP/1.1" 200 14862
INFO 2025-05-26 21:28:47,704 basehttp "GET /service/54/ HTTP/1.1" 200 5930
INFO 2025-05-26 21:29:29,108 basehttp "POST /service/54/book/ HTTP/1.1" 302 0
INFO 2025-05-26 21:29:29,117 basehttp "GET /dashboard/client/ HTTP/1.1" 200 6467
INFO 2025-05-26 21:29:33,488 basehttp "GET /services/ HTTP/1.1" 200 14862
INFO 2025-05-26 21:29:37,104 basehttp "GET /service/58/ HTTP/1.1" 200 5550
INFO 2025-05-26 21:29:51,237 basehttp "GET /service/57/ HTTP/1.1" 200 6349
INFO 2025-05-26 21:30:09,974 basehttp "POST /service/57/book/ HTTP/1.1" 302 0
INFO 2025-05-26 21:30:09,985 basehttp "GET /dashboard/client/ HTTP/1.1" 200 7992
INFO 2025-05-26 21:30:20,490 basehttp "GET /promocodes/ HTTP/1.1" 200 4900
INFO 2025-05-26 21:30:38,937 basehttp "GET /set-timezone/ HTTP/1.1" 200 39440
INFO 2025-05-26 21:30:39,569 basehttp "GET /about/ HTTP/1.1" 200 4614
INFO 2025-05-26 21:30:40,399 basehttp "GET /services/ HTTP/1.1" 200 14862
INFO 2025-05-26 21:30:41,575 basehttp "GET /doctors/ HTTP/1.1" 200 11918
INFO 2025-05-26 21:30:41,614 basehttp "GET /media/doctors/2d394f680c1bf633d300eee67dd58b90.jpg HTTP/1.1" 200 24328
INFO 2025-05-26 21:30:41,622 basehttp "GET /media/doctors/360_F_118225354_9E9LrO7Y8YHqpoV7jCiSnygQAD4LyJAx.jpg HTTP/1.1" 200 25942
INFO 2025-05-26 21:30:41,632 basehttp "GET /media/doctors/Screenshot_2025-05-26_at_23.50.23.png HTTP/1.1" 200 342535
INFO 2025-05-26 21:30:41,633 basehttp "GET /media/doctors/Screenshot_2025-05-26_at_23.51.08.png HTTP/1.1" 200 289583
INFO 2025-05-26 21:30:41,638 basehttp "GET /media/doctors/Screenshot_2025-05-26_at_23.50.42.png HTTP/1.1" 200 663399
INFO 2025-05-26 21:30:41,642 basehttp "GET /media/doctors/Screenshot_2025-05-26_at_23.51.39.png HTTP/1.1" 200 945687
INFO 2025-05-26 21:30:41,645 basehttp "GET /media/employees/Screenshot_2025-05-27_at_00.07.15.png HTTP/1.1" 200 989257
INFO 2025-05-26 21:30:42,395 basehttp "GET /privacy/ HTTP/1.1" 200 5455
INFO 2025-05-26 21:30:44,006 basehttp "GET /services/ HTTP/1.1" 200 14862
INFO 2025-05-26 21:30:48,246 basehttp "GET /statistics/ HTTP/1.1" 200 7748
INFO 2025-05-26 21:30:51,196 basehttp "GET /set-timezone/ HTTP/1.1" 200 39440
INFO 2025-05-26 21:30:51,949 basehttp "GET /about/ HTTP/1.1" 200 4614
INFO 2025-05-26 21:30:52,614 basehttp "GET /services/ HTTP/1.1" 200 14862
INFO 2025-05-26 21:30:57,060 basehttp "GET /dashboard/client/ HTTP/1.1" 200 7992
INFO 2025-05-26 21:31:00,557 basehttp "GET /update-profile/ HTTP/1.1" 200 5247
INFO 2025-05-26 21:31:02,674 basehttp "GET /dashboard/client/ HTTP/1.1" 200 7992
INFO 2025-05-26 21:31:06,026 basehttp "GET /services/ HTTP/1.1" 200 14862
INFO 2025-05-26 21:31:07,739 basehttp "GET /service/59/ HTTP/1.1" 200 5784
INFO 2025-05-26 21:31:29,578 basehttp "POST /service/59/book/ HTTP/1.1" 302 0
INFO 2025-05-26 21:31:29,589 basehttp "GET /dashboard/client/ HTTP/1.1" 200 9506
INFO 2025-05-26 21:31:48,039 basehttp "GET /admin/ HTTP/1.1" 302 0
INFO 2025-05-26 21:31:48,051 basehttp "GET /admin/login/?next=/admin/ HTTP/1.1" 200 3686
INFO 2025-05-26 21:31:58,908 basehttp "POST /admin/login/?next=/admin/ HTTP/1.1" 302 0
INFO 2025-05-26 21:31:58,921 basehttp "GET /admin/ HTTP/1.1" 200 18559
INFO 2025-05-26 21:31:58,933 basehttp "GET /static/admin/img/icon-deletelink.svg HTTP/1.1" 304 0
INFO 2025-05-26 21:32:04,532 basehttp "GET /admin/core/employee/ HTTP/1.1" 200 15128
INFO 2025-05-26 21:32:04,557 basehttp "GET /admin/jsi18n/ HTTP/1.1" 200 3342
INFO 2025-05-26 21:32:07,245 basehttp "GET /admin/core/ HTTP/1.1" 200 13225
INFO 2025-05-26 21:32:14,819 basehttp "GET /admin/core/promocode/ HTTP/1.1" 200 17497
INFO 2025-05-26 21:32:14,841 basehttp "GET /admin/jsi18n/ HTTP/1.1" 200 3342
INFO 2025-05-26 21:32:17,034 basehttp "GET /admin/core/promocode/1/change/ HTTP/1.1" 200 16875
INFO 2025-05-26 21:32:17,057 basehttp "GET /admin/jsi18n/ HTTP/1.1" 200 3342
INFO 2025-05-26 21:32:22,098 basehttp "GET /static/admin/img/calendar-icons.svg HTTP/1.1" 304 0
INFO 2025-05-26 21:32:49,362 basehttp "POST /admin/core/promocode/1/change/ HTTP/1.1" 302 0
INFO 2025-05-26 21:32:49,376 basehttp "GET /admin/core/promocode/ HTTP/1.1" 200 17715
INFO 2025-05-26 21:32:49,392 basehttp "GET /admin/jsi18n/ HTTP/1.1" 200 3342
ERROR 2025-05-26 21:32:52,512 log Internal Server Error: /dashboard/client/
Traceback (most recent call last):
  File "/Users/artem/Desktop/LR5/СosmetologyCenter/venv/lib/python3.13/site-packages/django/core/handlers/exception.py", line 55, in inner
    response = get_response(request)
  File "/Users/artem/Desktop/LR5/СosmetologyCenter/venv/lib/python3.13/site-packages/django/core/handlers/base.py", line 197, in _get_response
    response = wrapped_callback(request, *callback_args, **callback_kwargs)
  File "/Users/artem/Desktop/LR5/СosmetologyCenter/venv/lib/python3.13/site-packages/django/views/generic/base.py", line 104, in view
    return self.dispatch(request, *args, **kwargs)
           ~~~~~~~~~~~~~^^^^^^^^^^^^^^^^^^^^^^^^^^
  File "/Users/artem/Desktop/LR5/СosmetologyCenter/venv/lib/python3.13/site-packages/django/contrib/auth/mixins.py", line 73, in dispatch
    return super().dispatch(request, *args, **kwargs)
           ~~~~~~~~~~~~~~~~^^^^^^^^^^^^^^^^^^^^^^^^^^
  File "/Users/artem/Desktop/LR5/СosmetologyCenter/venv/lib/python3.13/site-packages/django/views/generic/base.py", line 143, in dispatch
    return handler(request, *args, **kwargs)
  File "/Users/artem/Desktop/LR5/СosmetologyCenter/venv/lib/python3.13/site-packages/django/views/generic/base.py", line 226, in get
    context = self.get_context_data(**kwargs)
  File "/Users/artem/Desktop/LR5/СosmetologyCenter/core/views.py", line 255, in get_context_data
    client=self.request.user.client
           ^^^^^^^^^^^^^^^^^^^^^^^^
  File "/Users/artem/Desktop/LR5/СosmetologyCenter/venv/lib/python3.13/site-packages/django/utils/functional.py", line 253, in inner
    return func(_wrapped, *args)
  File "/Users/artem/Desktop/LR5/СosmetologyCenter/venv/lib/python3.13/site-packages/django/db/models/fields/related_descriptors.py", line 531, in __get__
    raise self.RelatedObjectDoesNotExist(
    ...<2 lines>...
    )
django.contrib.auth.models.User.client.RelatedObjectDoesNotExist: User has no client.
ERROR 2025-05-26 21:32:52,516 basehttp "GET /dashboard/client/ HTTP/1.1" 500 92638
ERROR 2025-05-26 21:32:54,207 log Internal Server Error: /dashboard/client/
Traceback (most recent call last):
  File "/Users/artem/Desktop/LR5/СosmetologyCenter/venv/lib/python3.13/site-packages/django/core/handlers/exception.py", line 55, in inner
    response = get_response(request)
  File "/Users/artem/Desktop/LR5/СosmetologyCenter/venv/lib/python3.13/site-packages/django/core/handlers/base.py", line 197, in _get_response
    response = wrapped_callback(request, *callback_args, **callback_kwargs)
  File "/Users/artem/Desktop/LR5/СosmetologyCenter/venv/lib/python3.13/site-packages/django/views/generic/base.py", line 104, in view
    return self.dispatch(request, *args, **kwargs)
           ~~~~~~~~~~~~~^^^^^^^^^^^^^^^^^^^^^^^^^^
  File "/Users/artem/Desktop/LR5/СosmetologyCenter/venv/lib/python3.13/site-packages/django/contrib/auth/mixins.py", line 73, in dispatch
    return super().dispatch(request, *args, **kwargs)
           ~~~~~~~~~~~~~~~~^^^^^^^^^^^^^^^^^^^^^^^^^^
  File "/Users/artem/Desktop/LR5/СosmetologyCenter/venv/lib/python3.13/site-packages/django/views/generic/base.py", line 143, in dispatch
    return handler(request, *args, **kwargs)
  File "/Users/artem/Desktop/LR5/СosmetologyCenter/venv/lib/python3.13/site-packages/django/views/generic/base.py", line 226, in get
    context = self.get_context_data(**kwargs)
  File "/Users/artem/Desktop/LR5/СosmetologyCenter/core/views.py", line 255, in get_context_data
    client=self.request.user.client
           ^^^^^^^^^^^^^^^^^^^^^^^^
  File "/Users/artem/Desktop/LR5/СosmetologyCenter/venv/lib/python3.13/site-packages/django/utils/functional.py", line 253, in inner
    return func(_wrapped, *args)
  File "/Users/artem/Desktop/LR5/СosmetologyCenter/venv/lib/python3.13/site-packages/django/db/models/fields/related_descriptors.py", line 531, in __get__
    raise self.RelatedObjectDoesNotExist(
    ...<2 lines>...
    )
django.contrib.auth.models.User.client.RelatedObjectDoesNotExist: User has no client.
ERROR 2025-05-26 21:32:54,210 basehttp "GET /dashboard/client/ HTTP/1.1" 500 92638
ERROR 2025-05-26 21:32:54,859 log Internal Server Error: /dashboard/client/
Traceback (most recent call last):
  File "/Users/artem/Desktop/LR5/СosmetologyCenter/venv/lib/python3.13/site-packages/django/core/handlers/exception.py", line 55, in inner
    response = get_response(request)
  File "/Users/artem/Desktop/LR5/СosmetologyCenter/venv/lib/python3.13/site-packages/django/core/handlers/base.py", line 197, in _get_response
    response = wrapped_callback(request, *callback_args, **callback_kwargs)
  File "/Users/artem/Desktop/LR5/СosmetologyCenter/venv/lib/python3.13/site-packages/django/views/generic/base.py", line 104, in view
    return self.dispatch(request, *args, **kwargs)
           ~~~~~~~~~~~~~^^^^^^^^^^^^^^^^^^^^^^^^^^
  File "/Users/artem/Desktop/LR5/СosmetologyCenter/venv/lib/python3.13/site-packages/django/contrib/auth/mixins.py", line 73, in dispatch
    return super().dispatch(request, *args, **kwargs)
           ~~~~~~~~~~~~~~~~^^^^^^^^^^^^^^^^^^^^^^^^^^
  File "/Users/artem/Desktop/LR5/СosmetologyCenter/venv/lib/python3.13/site-packages/django/views/generic/base.py", line 143, in dispatch
    return handler(request, *args, **kwargs)
  File "/Users/artem/Desktop/LR5/СosmetologyCenter/venv/lib/python3.13/site-packages/django/views/generic/base.py", line 226, in get
    context = self.get_context_data(**kwargs)
  File "/Users/artem/Desktop/LR5/СosmetologyCenter/core/views.py", line 255, in get_context_data
    client=self.request.user.client
           ^^^^^^^^^^^^^^^^^^^^^^^^
  File "/Users/artem/Desktop/LR5/СosmetologyCenter/venv/lib/python3.13/site-packages/django/utils/functional.py", line 253, in inner
    return func(_wrapped, *args)
  File "/Users/artem/Desktop/LR5/СosmetologyCenter/venv/lib/python3.13/site-packages/django/db/models/fields/related_descriptors.py", line 531, in __get__
    raise self.RelatedObjectDoesNotExist(
    ...<2 lines>...
    )
django.contrib.auth.models.User.client.RelatedObjectDoesNotExist: User has no client.
ERROR 2025-05-26 21:32:54,861 basehttp "GET /dashboard/client/ HTTP/1.1" 500 92638
ERROR 2025-05-26 21:32:55,358 log Internal Server Error: /dashboard/client/
Traceback (most recent call last):
  File "/Users/artem/Desktop/LR5/СosmetologyCenter/venv/lib/python3.13/site-packages/django/core/handlers/exception.py", line 55, in inner
    response = get_response(request)
  File "/Users/artem/Desktop/LR5/СosmetologyCenter/venv/lib/python3.13/site-packages/django/core/handlers/base.py", line 197, in _get_response
    response = wrapped_callback(request, *callback_args, **callback_kwargs)
  File "/Users/artem/Desktop/LR5/СosmetologyCenter/venv/lib/python3.13/site-packages/django/views/generic/base.py", line 104, in view
    return self.dispatch(request, *args, **kwargs)
           ~~~~~~~~~~~~~^^^^^^^^^^^^^^^^^^^^^^^^^^
  File "/Users/artem/Desktop/LR5/СosmetologyCenter/venv/lib/python3.13/site-packages/django/contrib/auth/mixins.py", line 73, in dispatch
    return super().dispatch(request, *args, **kwargs)
           ~~~~~~~~~~~~~~~~^^^^^^^^^^^^^^^^^^^^^^^^^^
  File "/Users/artem/Desktop/LR5/СosmetologyCenter/venv/lib/python3.13/site-packages/django/views/generic/base.py", line 143, in dispatch
    return handler(request, *args, **kwargs)
  File "/Users/artem/Desktop/LR5/СosmetologyCenter/venv/lib/python3.13/site-packages/django/views/generic/base.py", line 226, in get
    context = self.get_context_data(**kwargs)
  File "/Users/artem/Desktop/LR5/СosmetologyCenter/core/views.py", line 255, in get_context_data
    client=self.request.user.client
           ^^^^^^^^^^^^^^^^^^^^^^^^
  File "/Users/artem/Desktop/LR5/СosmetologyCenter/venv/lib/python3.13/site-packages/django/utils/functional.py", line 253, in inner
    return func(_wrapped, *args)
  File "/Users/artem/Desktop/LR5/СosmetologyCenter/venv/lib/python3.13/site-packages/django/db/models/fields/related_descriptors.py", line 531, in __get__
    raise self.RelatedObjectDoesNotExist(
    ...<2 lines>...
    )
django.contrib.auth.models.User.client.RelatedObjectDoesNotExist: User has no client.
ERROR 2025-05-26 21:32:55,359 basehttp "GET /dashboard/client/ HTTP/1.1" 500 92638
ERROR 2025-05-26 21:32:55,690 log Internal Server Error: /dashboard/client/
Traceback (most recent call last):
  File "/Users/artem/Desktop/LR5/СosmetologyCenter/venv/lib/python3.13/site-packages/django/core/handlers/exception.py", line 55, in inner
    response = get_response(request)
  File "/Users/artem/Desktop/LR5/СosmetologyCenter/venv/lib/python3.13/site-packages/django/core/handlers/base.py", line 197, in _get_response
    response = wrapped_callback(request, *callback_args, **callback_kwargs)
  File "/Users/artem/Desktop/LR5/СosmetologyCenter/venv/lib/python3.13/site-packages/django/views/generic/base.py", line 104, in view
    return self.dispatch(request, *args, **kwargs)
           ~~~~~~~~~~~~~^^^^^^^^^^^^^^^^^^^^^^^^^^
  File "/Users/artem/Desktop/LR5/СosmetologyCenter/venv/lib/python3.13/site-packages/django/contrib/auth/mixins.py", line 73, in dispatch
    return super().dispatch(request, *args, **kwargs)
           ~~~~~~~~~~~~~~~~^^^^^^^^^^^^^^^^^^^^^^^^^^
  File "/Users/artem/Desktop/LR5/СosmetologyCenter/venv/lib/python3.13/site-packages/django/views/generic/base.py", line 143, in dispatch
    return handler(request, *args, **kwargs)
  File "/Users/artem/Desktop/LR5/СosmetologyCenter/venv/lib/python3.13/site-packages/django/views/generic/base.py", line 226, in get
    context = self.get_context_data(**kwargs)
  File "/Users/artem/Desktop/LR5/СosmetologyCenter/core/views.py", line 255, in get_context_data
    client=self.request.user.client
           ^^^^^^^^^^^^^^^^^^^^^^^^
  File "/Users/artem/Desktop/LR5/СosmetologyCenter/venv/lib/python3.13/site-packages/django/utils/functional.py", line 253, in inner
    return func(_wrapped, *args)
  File "/Users/artem/Desktop/LR5/СosmetologyCenter/venv/lib/python3.13/site-packages/django/db/models/fields/related_descriptors.py", line 531, in __get__
    raise self.RelatedObjectDoesNotExist(
    ...<2 lines>...
    )
django.contrib.auth.models.User.client.RelatedObjectDoesNotExist: User has no client.
ERROR 2025-05-26 21:32:55,691 basehttp "GET /dashboard/client/ HTTP/1.1" 500 92638
ERROR 2025-05-26 21:32:56,076 log Internal Server Error: /dashboard/client/
Traceback (most recent call last):
  File "/Users/artem/Desktop/LR5/СosmetologyCenter/venv/lib/python3.13/site-packages/django/core/handlers/exception.py", line 55, in inner
    response = get_response(request)
  File "/Users/artem/Desktop/LR5/СosmetologyCenter/venv/lib/python3.13/site-packages/django/core/handlers/base.py", line 197, in _get_response
    response = wrapped_callback(request, *callback_args, **callback_kwargs)
  File "/Users/artem/Desktop/LR5/СosmetologyCenter/venv/lib/python3.13/site-packages/django/views/generic/base.py", line 104, in view
    return self.dispatch(request, *args, **kwargs)
           ~~~~~~~~~~~~~^^^^^^^^^^^^^^^^^^^^^^^^^^
  File "/Users/artem/Desktop/LR5/СosmetologyCenter/venv/lib/python3.13/site-packages/django/contrib/auth/mixins.py", line 73, in dispatch
    return super().dispatch(request, *args, **kwargs)
           ~~~~~~~~~~~~~~~~^^^^^^^^^^^^^^^^^^^^^^^^^^
  File "/Users/artem/Desktop/LR5/СosmetologyCenter/venv/lib/python3.13/site-packages/django/views/generic/base.py", line 143, in dispatch
    return handler(request, *args, **kwargs)
  File "/Users/artem/Desktop/LR5/СosmetologyCenter/venv/lib/python3.13/site-packages/django/views/generic/base.py", line 226, in get
    context = self.get_context_data(**kwargs)
  File "/Users/artem/Desktop/LR5/СosmetologyCenter/core/views.py", line 255, in get_context_data
    client=self.request.user.client
           ^^^^^^^^^^^^^^^^^^^^^^^^
  File "/Users/artem/Desktop/LR5/СosmetologyCenter/venv/lib/python3.13/site-packages/django/utils/functional.py", line 253, in inner
    return func(_wrapped, *args)
  File "/Users/artem/Desktop/LR5/СosmetologyCenter/venv/lib/python3.13/site-packages/django/db/models/fields/related_descriptors.py", line 531, in __get__
    raise self.RelatedObjectDoesNotExist(
    ...<2 lines>...
    )
django.contrib.auth.models.User.client.RelatedObjectDoesNotExist: User has no client.
ERROR 2025-05-26 21:32:56,078 basehttp "GET /dashboard/client/ HTTP/1.1" 500 92638
INFO 2025-05-26 21:33:08,410 autoreload Watching for file changes with StatReloader
DEBUG 2025-05-26 21:33:20,544 views Получение последних новостей для главной страницы
INFO 2025-05-26 21:33:20,544 views Начало формирования контекста для главной страницы
DEBUG 2025-05-26 21:33:20,546 views Запрос данных о погоде
DEBUG 2025-05-26 21:33:20,721 views Данные о погоде успешно получены
DEBUG 2025-05-26 21:33:20,721 views Запрос курсов валют
DEBUG 2025-05-26 21:33:20,896 views Данные о курсах валют успешно получены
INFO 2025-05-26 21:33:20,897 views Контекст для главной страницы успешно сформирован
INFO 2025-05-26 21:33:20,933 basehttp "GET / HTTP/1.1" 200 13336
INFO 2025-05-26 21:33:20,984 basehttp "GET /media/news/1-GettyImages-73096824-67ee7409bb789_NwYwV8X.webp HTTP/1.1" 200 23108
INFO 2025-05-26 21:33:20,986 basehttp "GET /media/news/1483444335_0-0-3840-2160_1920x0_80_0_0_d78397da469ce01dd2656c4ccb408168_dfm7Pro.jpg HTTP/1.1" 200 123825
INFO 2025-05-26 21:33:20,988 basehttp "GET /media/news/Screenshot_2025-05-26_at_16.53.50.png HTTP/1.1" 200 983608
INFO 2025-05-26 21:33:26,661 basehttp "GET /services/ HTTP/1.1" 200 14559
INFO 2025-05-26 21:33:28,288 basehttp "GET /statistics/ HTTP/1.1" 200 7445
INFO 2025-05-26 21:33:31,792 basehttp "POST /logout/ HTTP/1.1" 302 0
DEBUG 2025-05-26 21:33:31,796 views Получение последних новостей для главной страницы
INFO 2025-05-26 21:33:31,797 views Начало формирования контекста для главной страницы
DEBUG 2025-05-26 21:33:31,797 views Запрос данных о погоде
DEBUG 2025-05-26 21:33:31,797 views Данные о погоде успешно получены
DEBUG 2025-05-26 21:33:31,797 views Запрос курсов валют
DEBUG 2025-05-26 21:33:31,913 views Данные о курсах валют успешно получены
INFO 2025-05-26 21:33:31,914 views Контекст для главной страницы успешно сформирован
INFO 2025-05-26 21:33:31,922 basehttp "GET / HTTP/1.1" 200 12360
INFO 2025-05-26 21:33:34,297 basehttp "GET /accounts/login/ HTTP/1.1" 200 3149
INFO 2025-05-26 21:33:35,506 basehttp "GET /signup/ HTTP/1.1" 200 4997
INFO 2025-05-26 21:33:37,406 basehttp "GET /accounts/login/ HTTP/1.1" 200 3149
INFO 2025-05-26 21:33:52,681 basehttp "POST /accounts/login/ HTTP/1.1" 302 0
INFO 2025-05-26 21:33:52,686 basehttp "GET /dashboard/ HTTP/1.1" 302 0
INFO 2025-05-26 21:33:52,694 basehttp "GET /dashboard/client/ HTTP/1.1" 200 9506
INFO 2025-05-26 21:33:57,780 basehttp "GET /promocodes/ HTTP/1.1" 200 4900
INFO 2025-05-26 21:34:03,178 basehttp "GET /about/ HTTP/1.1" 200 4614
INFO 2025-05-26 21:34:03,904 basehttp "GET /services/ HTTP/1.1" 200 14862
INFO 2025-05-26 21:34:05,391 basehttp "GET /set-timezone/ HTTP/1.1" 200 39440
INFO 2025-05-26 21:34:06,151 basehttp "GET /services/ HTTP/1.1" 200 14862
INFO 2025-05-26 21:34:06,606 basehttp "GET /doctors/ HTTP/1.1" 200 11918
INFO 2025-05-26 21:34:06,628 basehttp "GET /media/doctors/2d394f680c1bf633d300eee67dd58b90.jpg HTTP/1.1" 200 24328
INFO 2025-05-26 21:34:06,629 basehttp "GET /media/doctors/360_F_118225354_9E9LrO7Y8YHqpoV7jCiSnygQAD4LyJAx.jpg HTTP/1.1" 200 25942
INFO 2025-05-26 21:34:06,638 basehttp "GET /media/doctors/Screenshot_2025-05-26_at_23.51.08.png HTTP/1.1" 200 289583
INFO 2025-05-26 21:34:06,641 basehttp "GET /media/doctors/Screenshot_2025-05-26_at_23.50.23.png HTTP/1.1" 200 342535
INFO 2025-05-26 21:34:06,644 basehttp "GET /media/doctors/Screenshot_2025-05-26_at_23.50.42.png HTTP/1.1" 200 663399
INFO 2025-05-26 21:34:06,649 basehttp "GET /media/doctors/Screenshot_2025-05-26_at_23.51.39.png HTTP/1.1" 200 945687
INFO 2025-05-26 21:34:06,651 basehttp "GET /media/employees/Screenshot_2025-05-27_at_00.07.15.png HTTP/1.1" 200 989257
INFO 2025-05-26 21:34:07,171 basehttp "GET /privacy/ HTTP/1.1" 200 5455
INFO 2025-05-26 21:34:07,706 basehttp "GET /promocodes/ HTTP/1.1" 200 4900
INFO 2025-05-26 21:36:20,141 basehttp "GET /services/ HTTP/1.1" 200 14862
INFO 2025-05-26 21:36:21,115 basehttp "GET /service/53/ HTTP/1.1" 200 5845
INFO 2025-05-26 21:41:08,473 basehttp "GET /dashboard/client/ HTTP/1.1" 200 9506
INFO 2025-05-26 21:41:14,866 basehttp "GET /dashboard/client/ HTTP/1.1" 200 9506
INFO 2025-05-26 21:41:15,954 basehttp "GET /dashboard/client/ HTTP/1.1" 200 9506
INFO 2025-05-26 21:41:16,599 basehttp "GET /dashboard/client/ HTTP/1.1" 200 9506
INFO 2025-05-26 21:41:17,083 basehttp "GET /dashboard/client/ HTTP/1.1" 200 9506
INFO 2025-05-26 21:41:17,516 basehttp "GET /dashboard/client/ HTTP/1.1" 200 9506
INFO 2025-05-26 21:41:17,717 basehttp "GET /dashboard/client/ HTTP/1.1" 200 9506
INFO 2025-05-26 21:41:18,000 basehttp "GET /dashboard/client/ HTTP/1.1" 200 9506
INFO 2025-05-26 21:41:18,216 basehttp "GET /dashboard/client/ HTTP/1.1" 200 9506
INFO 2025-05-26 21:41:18,416 basehttp "GET /dashboard/client/ HTTP/1.1" 200 9506
INFO 2025-05-26 21:41:27,330 basehttp "GET /update-profile/ HTTP/1.1" 200 5247
INFO 2025-05-26 21:41:31,010 basehttp "POST /logout/ HTTP/1.1" 302 0
DEBUG 2025-05-26 21:41:31,013 views Получение последних новостей для главной страницы
INFO 2025-05-26 21:41:31,013 views Начало формирования контекста для главной страницы
DEBUG 2025-05-26 21:41:31,013 views Запрос данных о погоде
DEBUG 2025-05-26 21:41:31,014 views Данные о погоде успешно получены
DEBUG 2025-05-26 21:41:31,014 views Запрос курсов валют
DEBUG 2025-05-26 21:41:31,155 views Данные о курсах валют успешно получены
INFO 2025-05-26 21:41:31,156 views Контекст для главной страницы успешно сформирован
INFO 2025-05-26 21:41:31,167 basehttp "GET / HTTP/1.1" 200 12360
INFO 2025-05-26 21:41:31,196 basehttp "GET /static/img/FotoJet%20(65)-1200.jpg.webp HTTP/1.1" 304 0
INFO 2025-05-26 21:41:31,199 basehttp "GET /media/news/1-GettyImages-73096824-67ee7409bb789_NwYwV8X.webp HTTP/1.1" 200 23108
INFO 2025-05-26 21:41:31,201 basehttp "GET /media/news/1483444335_0-0-3840-2160_1920x0_80_0_0_d78397da469ce01dd2656c4ccb408168_dfm7Pro.jpg HTTP/1.1" 200 123825
INFO 2025-05-26 21:41:31,206 basehttp "GET /media/news/Screenshot_2025-05-26_at_16.53.50.png HTTP/1.1" 200 983608
INFO 2025-05-26 21:41:32,306 basehttp "GET /accounts/login/ HTTP/1.1" 200 3149
INFO 2025-05-26 21:41:52,747 basehttp "POST /accounts/login/ HTTP/1.1" 302 0
INFO 2025-05-26 21:41:52,754 basehttp "GET /dashboard/ HTTP/1.1" 302 0
INFO 2025-05-26 21:41:52,760 basehttp "GET /dashboard/client/ HTTP/1.1" 200 9506
INFO 2025-05-26 21:43:32,647 basehttp "GET /dashboard/client/ HTTP/1.1" 200 9506
INFO 2025-05-26 21:44:48,192 basehttp "GET /set-timezone/ HTTP/1.1" 200 39440
INFO 2025-05-26 21:45:16,437 basehttp "POST /set-timezone/ HTTP/1.1" 302 0
DEBUG 2025-05-26 21:45:16,444 views Получение последних новостей для главной страницы
INFO 2025-05-26 21:45:16,444 views Начало формирования контекста для главной страницы
DEBUG 2025-05-26 21:45:16,444 views Запрос данных о погоде
DEBUG 2025-05-26 21:45:16,445 views Данные о погоде успешно получены
DEBUG 2025-05-26 21:45:16,445 views Запрос курсов валют
DEBUG 2025-05-26 21:45:16,648 views Данные о курсах валют успешно получены
INFO 2025-05-26 21:45:16,649 views Контекст для главной страницы успешно сформирован
INFO 2025-05-26 21:45:16,661 basehttp "GET / HTTP/1.1" 200 14096
INFO 2025-05-26 21:45:18,418 basehttp "GET /dashboard/client/ HTTP/1.1" 200 9506
INFO 2025-05-26 21:45:21,333 basehttp "GET /dashboard/client/ HTTP/1.1" 200 9506
INFO 2025-05-26 21:45:22,027 basehttp "GET /dashboard/client/ HTTP/1.1" 200 9506
INFO 2025-05-26 21:45:22,407 basehttp "GET /dashboard/client/ HTTP/1.1" 200 9506
INFO 2025-05-26 21:45:30,330 basehttp "GET /set-timezone/ HTTP/1.1" 200 39440
INFO 2025-05-26 21:45:32,900 basehttp "POST /set-timezone/ HTTP/1.1" 302 0
DEBUG 2025-05-26 21:45:32,905 views Получение последних новостей для главной страницы
INFO 2025-05-26 21:45:32,905 views Начало формирования контекста для главной страницы
DEBUG 2025-05-26 21:45:32,905 views Запрос данных о погоде
DEBUG 2025-05-26 21:45:32,906 views Данные о погоде успешно получены
DEBUG 2025-05-26 21:45:32,906 views Запрос курсов валют
DEBUG 2025-05-26 21:45:33,022 views Данные о курсах валют успешно получены
INFO 2025-05-26 21:45:33,022 views Контекст для главной страницы успешно сформирован
INFO 2025-05-26 21:45:33,033 basehttp "GET / HTTP/1.1" 200 14096
INFO 2025-05-26 21:45:34,648 basehttp "GET /set-timezone/ HTTP/1.1" 200 39440
INFO 2025-05-26 21:45:35,800 basehttp "POST /set-timezone/ HTTP/1.1" 302 0
DEBUG 2025-05-26 21:45:35,805 views Получение последних новостей для главной страницы
INFO 2025-05-26 21:45:35,805 views Начало формирования контекста для главной страницы
DEBUG 2025-05-26 21:45:35,805 views Запрос данных о погоде
DEBUG 2025-05-26 21:45:35,806 views Данные о погоде успешно получены
DEBUG 2025-05-26 21:45:35,806 views Запрос курсов валют
DEBUG 2025-05-26 21:45:35,912 views Данные о курсах валют успешно получены
INFO 2025-05-26 21:45:35,913 views Контекст для главной страницы успешно сформирован
INFO 2025-05-26 21:45:35,922 basehttp "GET / HTTP/1.1" 200 14096
INFO 2025-05-26 21:45:37,353 basehttp "GET /dashboard/client/ HTTP/1.1" 200 9506
INFO 2025-05-26 21:45:51,156 basehttp "GET /services/ HTTP/1.1" 200 14862
INFO 2025-05-26 21:45:55,001 basehttp "GET /service/57/ HTTP/1.1" 200 6349
INFO 2025-05-26 21:46:13,773 basehttp "POST /service/57/book/ HTTP/1.1" 302 0
INFO 2025-05-26 21:46:13,786 basehttp "GET /dashboard/client/ HTTP/1.1" 200 11031
INFO 2025-05-26 21:46:35,947 basehttp "GET /services/ HTTP/1.1" 200 14862
INFO 2025-05-26 21:46:40,301 basehttp "GET /service/55/ HTTP/1.1" 200 5768
INFO 2025-05-26 21:46:50,788 basehttp "POST /service/55/book/ HTTP/1.1" 302 0
INFO 2025-05-26 21:46:50,800 basehttp "GET /dashboard/client/ HTTP/1.1" 200 12523
INFO 2025-05-26 21:47:00,813 basehttp "GET /update-profile/ HTTP/1.1" 200 5247
INFO 2025-05-26 21:47:04,071 basehttp "GET /dashboard/client/ HTTP/1.1" 200 12523
INFO 2025-05-26 21:49:44,020 basehttp "GET /dashboard/client/ HTTP/1.1" 200 13931
INFO 2025-05-26 21:49:47,566 basehttp "GET /update-profile/ HTTP/1.1" 200 5247
INFO 2025-05-26 21:50:05,192 basehttp "GET /about/ HTTP/1.1" 200 4614
INFO 2025-05-26 21:50:40,242 basehttp "GET /statistics/ HTTP/1.1" 200 7748
INFO 2025-05-26 21:51:33,324 basehttp "GET /statistics/ HTTP/1.1" 200 7748
INFO 2025-05-26 21:51:35,097 basehttp "GET /statistics/ HTTP/1.1" 200 7748
INFO 2025-05-26 21:51:36,044 basehttp "GET /about/ HTTP/1.1" 200 5905
INFO 2025-05-26 21:51:48,959 basehttp "GET /about/ HTTP/1.1" 200 5905
INFO 2025-05-26 21:51:49,596 basehttp "GET /services/ HTTP/1.1" 200 14862
DEBUG 2025-05-26 21:52:27,243 views Получение последних новостей для главной страницы
INFO 2025-05-26 21:52:27,244 views Начало формирования контекста для главной страницы
DEBUG 2025-05-26 21:52:27,245 views Запрос данных о погоде
DEBUG 2025-05-26 21:52:27,416 views Данные о погоде успешно получены
DEBUG 2025-05-26 21:52:27,416 views Запрос курсов валют
DEBUG 2025-05-26 21:52:27,601 views Данные о курсах валют успешно получены
INFO 2025-05-26 21:52:27,602 views Контекст для главной страницы успешно сформирован
INFO 2025-05-26 21:52:27,616 basehttp "GET / HTTP/1.1" 200 13639
INFO 2025-05-26 21:52:27,650 basehttp "GET /static/img/FotoJet%20(65)-1200.jpg.webp HTTP/1.1" 304 0
INFO 2025-05-26 21:52:27,655 basehttp "GET /media/news/1-GettyImages-73096824-67ee7409bb789_NwYwV8X.webp HTTP/1.1" 200 23108
INFO 2025-05-26 21:52:27,659 basehttp "GET /media/news/1483444335_0-0-3840-2160_1920x0_80_0_0_d78397da469ce01dd2656c4ccb408168_dfm7Pro.jpg HTTP/1.1" 200 123825
INFO 2025-05-26 21:52:27,665 basehttp "GET /media/news/Screenshot_2025-05-26_at_16.53.50.png HTTP/1.1" 200 983608
INFO 2025-05-26 21:55:17,619 basehttp "GET /statistics/ HTTP/1.1" 200 7748
INFO 2025-05-26 21:55:21,487 basehttp "GET /services/ HTTP/1.1" 200 14862
INFO 2025-05-26 21:55:30,944 basehttp "GET /services/ HTTP/1.1" 200 14862
INFO 2025-05-26 21:58:08,517 basehttp "GET /services/ HTTP/1.1" 200 14862
INFO 2025-05-26 21:58:10,189 basehttp "GET /about/ HTTP/1.1" 200 5905
DEBUG 2025-05-26 21:58:11,184 views Получение последних новостей для главной страницы
INFO 2025-05-26 21:58:11,185 views Начало формирования контекста для главной страницы
DEBUG 2025-05-26 21:58:11,185 views Запрос данных о погоде
DEBUG 2025-05-26 21:58:11,186 views Данные о погоде успешно получены
DEBUG 2025-05-26 21:58:11,186 views Запрос курсов валют
DEBUG 2025-05-26 21:58:11,308 views Данные о курсах валют успешно получены
INFO 2025-05-26 21:58:11,308 views Контекст для главной страницы успешно сформирован
INFO 2025-05-26 21:58:11,316 basehttp "GET / HTTP/1.1" 200 14844
INFO 2025-05-26 21:58:22,106 basehttp "GET /news/6/ HTTP/1.1" 200 6360
INFO 2025-05-26 21:58:27,264 basehttp "GET /news/ HTTP/1.1" 200 7531
INFO 2025-05-26 21:58:32,413 basehttp "GET /about/ HTTP/1.1" 200 5905
INFO 2025-05-26 21:58:33,121 basehttp "GET /services/ HTTP/1.1" 200 14862
DEBUG 2025-05-26 21:58:33,912 views Получение последних новостей для главной страницы
INFO 2025-05-26 21:58:33,912 views Начало формирования контекста для главной страницы
DEBUG 2025-05-26 21:58:33,912 views Запрос данных о погоде
DEBUG 2025-05-26 21:58:33,913 views Данные о погоде успешно получены
DEBUG 2025-05-26 21:58:33,913 views Запрос курсов валют
DEBUG 2025-05-26 21:58:34,118 views Данные о курсах валют успешно получены
INFO 2025-05-26 21:58:34,119 views Контекст для главной страницы успешно сформирован
INFO 2025-05-26 21:58:34,130 basehttp "GET / HTTP/1.1" 200 14844
INFO 2025-05-26 21:58:38,672 basehttp "GET /news/7/ HTTP/1.1" 200 7335
INFO 2025-05-26 21:58:40,375 basehttp "GET /news/ HTTP/1.1" 200 7531
INFO 2025-05-26 21:58:52,544 basehttp "GET /news/ HTTP/1.1" 200 7531
DEBUG 2025-05-26 21:58:54,319 views Получение последних новостей для главной страницы
INFO 2025-05-26 21:58:54,319 views Начало формирования контекста для главной страницы
DEBUG 2025-05-26 21:58:54,320 views Запрос данных о погоде
DEBUG 2025-05-26 21:58:54,320 views Данные о погоде успешно получены
DEBUG 2025-05-26 21:58:54,320 views Запрос курсов валют
DEBUG 2025-05-26 21:58:54,444 views Данные о курсах валют успешно получены
INFO 2025-05-26 21:58:54,445 views Контекст для главной страницы успешно сформирован
INFO 2025-05-26 21:58:54,457 basehttp "GET / HTTP/1.1" 200 13639
INFO 2025-05-26 21:58:56,774 basehttp "GET /news/7/ HTTP/1.1" 200 7335
INFO 2025-05-26 21:58:58,488 basehttp "GET /news/ HTTP/1.1" 200 7531
INFO 2025-05-26 21:59:00,775 basehttp "GET /news/6/ HTTP/1.1" 200 6360
INFO 2025-05-26 21:59:03,639 basehttp "GET /news/ HTTP/1.1" 200 7531
INFO 2025-05-26 21:59:05,767 basehttp "GET /statistics/ HTTP/1.1" 200 7748
DEBUG 2025-05-26 21:59:07,469 views Получение последних новостей для главной страницы
INFO 2025-05-26 21:59:07,470 views Начало формирования контекста для главной страницы
DEBUG 2025-05-26 21:59:07,471 views Запрос данных о погоде
DEBUG 2025-05-26 21:59:07,471 views Данные о погоде успешно получены
DEBUG 2025-05-26 21:59:07,471 views Запрос курсов валют
DEBUG 2025-05-26 21:59:07,574 views Данные о курсах валют успешно получены
INFO 2025-05-26 21:59:07,575 views Контекст для главной страницы успешно сформирован
INFO 2025-05-26 21:59:07,585 basehttp "GET / HTTP/1.1" 200 13639
DEBUG 2025-05-26 21:59:33,142 views Получение последних новостей для главной страницы
INFO 2025-05-26 21:59:33,142 views Начало формирования контекста для главной страницы
DEBUG 2025-05-26 21:59:33,143 views Запрос данных о погоде
DEBUG 2025-05-26 21:59:33,144 views Данные о погоде успешно получены
DEBUG 2025-05-26 21:59:33,144 views Запрос курсов валют
DEBUG 2025-05-26 21:59:33,254 views Данные о курсах валют успешно получены
INFO 2025-05-26 21:59:33,255 views Контекст для главной страницы успешно сформирован
INFO 2025-05-26 21:59:33,267 basehttp "GET / HTTP/1.1" 200 14640
INFO 2025-05-26 21:59:38,013 basehttp "GET /services/ HTTP/1.1" 200 14862
INFO 2025-05-26 22:01:21,042 basehttp "GET /services/ HTTP/1.1" 200 14862
INFO 2025-05-26 22:01:22,158 basehttp "GET /services/ HTTP/1.1" 200 14862
INFO 2025-05-26 22:01:22,804 basehttp "GET /services/ HTTP/1.1" 200 14862
DEBUG 2025-05-26 22:01:24,874 views Получение последних новостей для главной страницы
INFO 2025-05-26 22:01:24,874 views Начало формирования контекста для главной страницы
DEBUG 2025-05-26 22:01:24,875 views Запрос данных о погоде
DEBUG 2025-05-26 22:01:24,875 views Данные о погоде успешно получены
DEBUG 2025-05-26 22:01:24,875 views Запрос курсов валют
DEBUG 2025-05-26 22:01:24,989 views Данные о курсах валют успешно получены
INFO 2025-05-26 22:01:24,990 views Контекст для главной страницы успешно сформирован
INFO 2025-05-26 22:01:25,003 basehttp "GET / HTTP/1.1" 200 14640
INFO 2025-05-26 22:01:25,029 basehttp "GET /static/img/FotoJet%20(65)-1200.jpg.webp HTTP/1.1" 304 0
INFO 2025-05-26 22:01:25,032 basehttp "GET /media/news/1-GettyImages-73096824-67ee7409bb789_NwYwV8X.webp HTTP/1.1" 304 0
INFO 2025-05-26 22:01:26,549 basehttp "GET /services/ HTTP/1.1" 200 14862
INFO 2025-05-26 22:01:33,668 basehttp "GET /services/?search=&order_by=name HTTP/1.1" 200 14863
INFO 2025-05-26 22:02:59,372 basehttp "GET /services/?search=&order_by=name HTTP/1.1" 200 14863
INFO 2025-05-26 22:03:03,531 basehttp "GET /services/?search=&order_by=name HTTP/1.1" 200 14863
INFO 2025-05-26 22:03:04,260 basehttp "GET /services/?search=&order_by=name HTTP/1.1" 200 14863
INFO 2025-05-26 22:03:09,394 basehttp "GET /services/?search=&order_by=name HTTP/1.1" 200 14863
INFO 2025-05-26 22:03:09,958 basehttp "GET /services/?search=&order_by=name HTTP/1.1" 200 14863
INFO 2025-05-26 22:03:16,816 basehttp "GET /services/?search=&order_by=name HTTP/1.1" 200 14863
INFO 2025-05-26 22:03:17,224 basehttp "GET /services/?search=&order_by=name HTTP/1.1" 200 14863
INFO 2025-05-26 22:04:02,363 basehttp "GET /services/?search=&order_by=name HTTP/1.1" 200 14863
INFO 2025-05-26 22:04:03,200 basehttp "GET /services/?search=&order_by=name HTTP/1.1" 200 14863
INFO 2025-05-26 22:04:07,869 basehttp "GET /service/59/ HTTP/1.1" 200 6161
INFO 2025-05-26 22:05:08,733 basehttp "GET /services/?search=&order_by=name HTTP/1.1" 200 14863
INFO 2025-05-26 22:05:09,549 basehttp "GET /services/?search=&order_by=name HTTP/1.1" 200 14863
INFO 2025-05-26 22:05:11,087 basehttp "GET /service/59/ HTTP/1.1" 200 6161
INFO 2025-05-26 22:05:23,766 basehttp "GET /statistics/ HTTP/1.1" 200 7748
INFO 2025-05-26 22:05:25,106 basehttp "GET /vacancies/ HTTP/1.1" 200 13963
INFO 2025-05-26 22:05:26,126 basehttp "GET /statistics/ HTTP/1.1" 200 7748
DEBUG 2025-05-26 22:05:31,016 views Получение последних новостей для главной страницы
INFO 2025-05-26 22:05:31,017 views Начало формирования контекста для главной страницы
DEBUG 2025-05-26 22:05:31,017 views Запрос данных о погоде
DEBUG 2025-05-26 22:05:31,017 views Данные о погоде успешно получены
DEBUG 2025-05-26 22:05:31,018 views Запрос курсов валют
DEBUG 2025-05-26 22:05:31,208 views Данные о курсах валют успешно получены
INFO 2025-05-26 22:05:31,208 views Контекст для главной страницы успешно сформирован
INFO 2025-05-26 22:05:31,221 basehttp "GET / HTTP/1.1" 200 14640
INFO 2025-05-26 22:05:36,757 basehttp "GET /about/ HTTP/1.1" 200 5905
INFO 2025-05-26 22:05:37,656 basehttp "GET /services/ HTTP/1.1" 200 14862
INFO 2025-05-26 22:05:55,490 basehttp "GET /services/ HTTP/1.1" 200 14862
INFO 2025-05-26 22:05:58,476 basehttp "GET /doctors/ HTTP/1.1" 200 11918
INFO 2025-05-26 22:05:58,514 basehttp "GET /media/doctors/2d394f680c1bf633d300eee67dd58b90.jpg HTTP/1.1" 200 24328
INFO 2025-05-26 22:05:58,514 basehttp "GET /media/doctors/360_F_118225354_9E9LrO7Y8YHqpoV7jCiSnygQAD4LyJAx.jpg HTTP/1.1" 200 25942
INFO 2025-05-26 22:05:58,524 basehttp "GET /media/doctors/Screenshot_2025-05-26_at_23.51.08.png HTTP/1.1" 200 289583
INFO 2025-05-26 22:05:58,531 basehttp "GET /media/doctors/Screenshot_2025-05-26_at_23.50.23.png HTTP/1.1" 200 342535
INFO 2025-05-26 22:05:58,536 basehttp "GET /media/doctors/Screenshot_2025-05-26_at_23.50.42.png HTTP/1.1" 200 663399
INFO 2025-05-26 22:05:58,538 basehttp "GET /media/doctors/Screenshot_2025-05-26_at_23.51.39.png HTTP/1.1" 200 945687
INFO 2025-05-26 22:05:58,540 basehttp "GET /media/employees/Screenshot_2025-05-27_at_00.07.15.png HTTP/1.1" 200 989257
INFO 2025-05-26 22:06:19,820 basehttp "GET /services/ HTTP/1.1" 200 14862
INFO 2025-05-26 22:06:20,412 basehttp "GET /about/ HTTP/1.1" 200 5905
DEBUG 2025-05-26 22:06:21,617 views Получение последних новостей для главной страницы
INFO 2025-05-26 22:06:21,618 views Начало формирования контекста для главной страницы
DEBUG 2025-05-26 22:06:21,618 views Запрос данных о погоде
DEBUG 2025-05-26 22:06:21,619 views Данные о погоде успешно получены
DEBUG 2025-05-26 22:06:21,619 views Запрос курсов валют
DEBUG 2025-05-26 22:06:21,731 views Данные о курсах валют успешно получены
INFO 2025-05-26 22:06:21,731 views Контекст для главной страницы успешно сформирован
INFO 2025-05-26 22:06:21,741 basehttp "GET / HTTP/1.1" 200 14640
INFO 2025-05-26 22:06:38,625 basehttp "POST / HTTP/1.1" 302 0
DEBUG 2025-05-26 22:06:38,629 views Получение последних новостей для главной страницы
INFO 2025-05-26 22:06:38,630 views Начало формирования контекста для главной страницы
DEBUG 2025-05-26 22:06:38,630 views Запрос данных о погоде
DEBUG 2025-05-26 22:06:38,630 views Данные о погоде успешно получены
DEBUG 2025-05-26 22:06:38,630 views Запрос курсов валют
DEBUG 2025-05-26 22:06:38,746 views Данные о курсах валют успешно получены
INFO 2025-05-26 22:06:38,746 views Контекст для главной страницы успешно сформирован
INFO 2025-05-26 22:06:38,759 basehttp "GET / HTTP/1.1" 200 15994
DEBUG 2025-05-26 22:06:40,599 views Получение последних новостей для главной страницы
INFO 2025-05-26 22:06:40,600 views Начало формирования контекста для главной страницы
DEBUG 2025-05-26 22:06:40,600 views Запрос данных о погоде
DEBUG 2025-05-26 22:06:40,601 views Данные о погоде успешно получены
DEBUG 2025-05-26 22:06:40,601 views Запрос курсов валют
DEBUG 2025-05-26 22:06:40,719 views Данные о курсах валют успешно получены
INFO 2025-05-26 22:06:40,719 views Контекст для главной страницы успешно сформирован
INFO 2025-05-26 22:06:40,730 basehttp "GET / HTTP/1.1" 200 15512
INFO 2025-05-26 22:06:47,663 basehttp "GET /dashboard/client/ HTTP/1.1" 200 13931
INFO 2025-05-26 22:06:51,897 basehttp "GET /update-profile/ HTTP/1.1" 200 5247
INFO 2025-05-26 22:07:00,742 basehttp "GET /promocodes/ HTTP/1.1" 200 4900
INFO 2025-05-26 22:07:05,073 basehttp "GET /set-timezone/ HTTP/1.1" 200 39440
INFO 2025-05-26 22:07:05,759 basehttp "GET /about/ HTTP/1.1" 200 5905
INFO 2025-05-26 22:07:41,248 basehttp "GET /about/ HTTP/1.1" 200 5905
INFO 2025-05-26 22:07:42,053 basehttp "GET /services/ HTTP/1.1" 200 14862
INFO 2025-05-26 22:07:42,803 basehttp "GET /doctors/ HTTP/1.1" 200 11918
INFO 2025-05-26 22:10:19,859 basehttp "GET /doctors/ HTTP/1.1" 200 11918
INFO 2025-05-26 22:10:20,938 basehttp "GET /doctors/ HTTP/1.1" 200 11918
INFO 2025-05-26 22:10:22,099 basehttp "GET /doctors/ HTTP/1.1" 200 11918
INFO 2025-05-26 22:10:25,913 basehttp "GET /doctors/1/ HTTP/1.1" 200 7516
INFO 2025-05-26 22:10:58,010 basehttp "GET /doctors/ HTTP/1.1" 200 12726
INFO 2025-05-26 22:10:59,582 basehttp "GET /doctors/ HTTP/1.1" 200 12726
INFO 2025-05-26 22:11:10,219 basehttp "GET /doctors/2/ HTTP/1.1" 200 7573
INFO 2025-05-26 22:12:27,161 basehttp "GET /doctors/ HTTP/1.1" 200 12726
INFO 2025-05-26 22:12:27,179 basehttp "GET /media/employees/Screenshot_2025-05-27_at_00.07.15.png HTTP/1.1" 304 0
INFO 2025-05-26 22:12:28,000 basehttp "GET /doctors/ HTTP/1.1" 200 12726
INFO 2025-05-26 22:12:30,638 basehttp "GET /doctors/1/ HTTP/1.1" 200 8298
INFO 2025-05-26 22:12:46,700 basehttp "GET /about/ HTTP/1.1" 200 5905
INFO 2025-05-26 22:12:47,518 basehttp "GET /services/ HTTP/1.1" 200 14862
INFO 2025-05-26 22:12:49,250 basehttp "GET /privacy/ HTTP/1.1" 200 5455
INFO 2025-05-26 22:13:23,915 basehttp "GET /services/ HTTP/1.1" 200 14862
INFO 2025-05-26 22:13:24,562 basehttp "GET /doctors/ HTTP/1.1" 200 12726
INFO 2025-05-26 22:13:24,578 basehttp "GET /media/doctors/Screenshot_2025-05-26_at_23.51.39.png HTTP/1.1" 304 0
INFO 2025-05-26 22:13:24,581 basehttp "GET /media/doctors/Screenshot_2025-05-26_at_23.51.08.png HTTP/1.1" 304 0
INFO 2025-05-26 22:13:24,582 basehttp "GET /media/doctors/Screenshot_2025-05-26_at_23.50.42.png HTTP/1.1" 304 0
INFO 2025-05-26 22:13:24,583 basehttp "GET /media/doctors/Screenshot_2025-05-26_at_23.50.23.png HTTP/1.1" 304 0
INFO 2025-05-26 22:13:33,041 basehttp "GET /promocodes/ HTTP/1.1" 200 4900
INFO 2025-05-26 22:13:33,057 basehttp "GET /static/css/style.css HTTP/1.1" 200 1944
INFO 2025-05-26 22:13:34,506 basehttp "GET /doctors/ HTTP/1.1" 200 12726
INFO 2025-05-26 22:13:36,404 basehttp "GET /about/ HTTP/1.1" 200 5905
INFO 2025-05-26 22:13:37,388 basehttp "GET /services/ HTTP/1.1" 200 14862
DEBUG 2025-05-26 22:13:38,348 views Получение последних новостей для главной страницы
INFO 2025-05-26 22:13:38,348 views Начало формирования контекста для главной страницы
DEBUG 2025-05-26 22:13:38,349 views Запрос данных о погоде
DEBUG 2025-05-26 22:13:38,485 views Данные о погоде успешно получены
DEBUG 2025-05-26 22:13:38,485 views Запрос курсов валют
DEBUG 2025-05-26 22:13:38,760 views Данные о курсах валют успешно получены
INFO 2025-05-26 22:13:38,760 views Контекст для главной страницы успешно сформирован
INFO 2025-05-26 22:13:38,776 basehttp "GET / HTTP/1.1" 200 15512
INFO 2025-05-26 22:13:38,804 basehttp "GET /static/img/FotoJet%20(65)-1200.jpg.webp HTTP/1.1" 304 0
INFO 2025-05-26 22:13:38,806 basehttp "GET /media/news/1-GettyImages-73096824-67ee7409bb789_NwYwV8X.webp HTTP/1.1" 304 0
INFO 2025-05-26 22:13:51,940 basehttp "GET /services/ HTTP/1.1" 200 14862
INFO 2025-05-26 22:13:53,473 basehttp "GET /service/53/ HTTP/1.1" 200 6222
INFO 2025-05-26 22:13:57,057 basehttp "GET /doctors/ HTTP/1.1" 200 12726
INFO 2025-05-26 22:13:57,078 basehttp "GET /media/doctors/360_F_118225354_9E9LrO7Y8YHqpoV7jCiSnygQAD4LyJAx.jpg HTTP/1.1" 304 0
INFO 2025-05-26 22:14:00,769 basehttp "GET /privacy/ HTTP/1.1" 200 5455
INFO 2025-05-26 22:14:59,062 basehttp "GET /privacy/ HTTP/1.1" 200 5720
INFO 2025-05-26 22:14:59,077 basehttp "GET /static/css/style.css HTTP/1.1" 304 0
DEBUG 2025-05-26 22:15:04,138 views Получение последних новостей для главной страницы
INFO 2025-05-26 22:15:04,138 views Начало формирования контекста для главной страницы
DEBUG 2025-05-26 22:15:04,139 views Запрос данных о погоде
DEBUG 2025-05-26 22:15:04,140 views Данные о погоде успешно получены
DEBUG 2025-05-26 22:15:04,140 views Запрос курсов валют
DEBUG 2025-05-26 22:15:04,268 views Данные о курсах валют успешно получены
INFO 2025-05-26 22:15:04,269 views Контекст для главной страницы успешно сформирован
INFO 2025-05-26 22:15:04,280 basehttp "GET / HTTP/1.1" 200 15512
INFO 2025-05-26 22:15:20,363 basehttp "GET /about/ HTTP/1.1" 200 5905
INFO 2025-05-26 22:15:23,795 basehttp "GET /services/ HTTP/1.1" 200 14862
INFO 2025-05-26 22:15:25,492 basehttp "GET /service/53/ HTTP/1.1" 200 6222
INFO 2025-05-26 22:15:32,696 basehttp "GET /doctors/ HTTP/1.1" 200 12726
INFO 2025-05-26 22:15:32,717 basehttp "GET /media/doctors/2d394f680c1bf633d300eee67dd58b90.jpg HTTP/1.1" 304 0
INFO 2025-05-26 22:15:33,996 basehttp "GET /services/ HTTP/1.1" 200 14862
INFO 2025-05-26 22:15:34,752 basehttp "GET /privacy/ HTTP/1.1" 200 5720
INFO 2025-05-26 22:15:35,695 basehttp "GET /promocodes/ HTTP/1.1" 200 4900
INFO 2025-05-26 22:16:17,183 basehttp "GET /promocodes/ HTTP/1.1" 200 5543
INFO 2025-05-26 22:16:17,201 basehttp "GET /static/css/style.css HTTP/1.1" 304 0
INFO 2025-05-26 22:16:41,259 basehttp "GET /promocodes/ HTTP/1.1" 200 4900
INFO 2025-05-26 22:16:47,090 basehttp "GET /statistics/ HTTP/1.1" 200 7748
INFO 2025-05-26 22:16:49,295 basehttp "GET /about/ HTTP/1.1" 200 5905
DEBUG 2025-05-26 22:16:56,171 views Получение последних новостей для главной страницы
INFO 2025-05-26 22:16:56,172 views Начало формирования контекста для главной страницы
DEBUG 2025-05-26 22:16:56,173 views Запрос данных о погоде
DEBUG 2025-05-26 22:16:56,173 views Данные о погоде успешно получены
DEBUG 2025-05-26 22:16:56,173 views Запрос курсов валют
DEBUG 2025-05-26 22:16:56,356 views Данные о курсах валют успешно получены
INFO 2025-05-26 22:16:56,357 views Контекст для главной страницы успешно сформирован
INFO 2025-05-26 22:16:56,371 basehttp "GET / HTTP/1.1" 200 15512
INFO 2025-05-26 22:17:04,510 basehttp "GET /about/ HTTP/1.1" 200 5905
INFO 2025-05-26 22:17:06,813 basehttp "GET /services/ HTTP/1.1" 200 14862
INFO 2025-05-26 22:17:18,433 basehttp "GET /admin/core/ HTTP/1.1" 302 0
INFO 2025-05-26 22:17:18,447 basehttp "GET /admin/login/?next=/admin/core/ HTTP/1.1" 200 3700
INFO 2025-05-26 22:17:34,865 basehttp "POST /admin/login/?next=/admin/core/ HTTP/1.1" 302 0
INFO 2025-05-26 22:17:34,878 basehttp "GET /admin/core/ HTTP/1.1" 200 13225
INFO 2025-05-26 22:17:38,844 basehttp "GET /admin/core/client/ HTTP/1.1" 200 15805
INFO 2025-05-26 22:17:38,869 basehttp "GET /admin/jsi18n/ HTTP/1.1" 200 3342
WARNING 2025-05-26 22:17:47,710 log Forbidden (CSRF token from POST incorrect.): /logout/
WARNING 2025-05-26 22:17:47,711 basehttp "POST /logout/ HTTP/1.1" 403 2503
WARNING 2025-05-26 22:17:51,487 log Forbidden (CSRF token from POST incorrect.): /logout/
WARNING 2025-05-26 22:17:51,487 basehttp "POST /logout/ HTTP/1.1" 403 2503
WARNING 2025-05-26 22:18:12,294 log Forbidden (CSRF token from POST incorrect.): /logout/
WARNING 2025-05-26 22:18:12,296 basehttp "POST /logout/ HTTP/1.1" 403 2503
INFO 2025-05-26 22:18:55,002 autoreload Watching for file changes with StatReloader
DEBUG 2025-05-26 22:19:04,625 views Получение последних новостей для главной страницы
INFO 2025-05-26 22:19:04,626 views Начало формирования контекста для главной страницы
DEBUG 2025-05-26 22:19:04,626 views Запрос данных о погоде
DEBUG 2025-05-26 22:19:04,823 views Данные о погоде успешно получены
DEBUG 2025-05-26 22:19:04,823 views Запрос курсов валют
DEBUG 2025-05-26 22:19:04,929 views Данные о курсах валют успешно получены
INFO 2025-05-26 22:19:04,930 views Контекст для главной страницы успешно сформирован
INFO 2025-05-26 22:19:04,964 basehttp "GET / HTTP/1.1" 200 15313
INFO 2025-05-26 22:19:04,995 basehttp "GET /static/css/style.css HTTP/1.1" 304 0
INFO 2025-05-26 22:19:05,009 basehttp "GET /media/news/1-GettyImages-73096824-67ee7409bb789_NwYwV8X.webp HTTP/1.1" 200 23108
INFO 2025-05-26 22:19:05,011 basehttp "GET /media/news/1483444335_0-0-3840-2160_1920x0_80_0_0_d78397da469ce01dd2656c4ccb408168_dfm7Pro.jpg HTTP/1.1" 200 123825
INFO 2025-05-26 22:19:05,014 basehttp "GET /media/news/Screenshot_2025-05-26_at_16.53.50.png HTTP/1.1" 200 983608
INFO 2025-05-26 22:19:08,263 basehttp "POST /logout/ HTTP/1.1" 302 0
DEBUG 2025-05-26 22:19:08,266 views Получение последних новостей для главной страницы
INFO 2025-05-26 22:19:08,266 views Начало формирования контекста для главной страницы
DEBUG 2025-05-26 22:19:08,267 views Запрос данных о погоде
DEBUG 2025-05-26 22:19:08,267 views Данные о погоде успешно получены
DEBUG 2025-05-26 22:19:08,267 views Запрос курсов валют
DEBUG 2025-05-26 22:19:08,455 views Данные о курсах валют успешно получены
INFO 2025-05-26 22:19:08,455 views Контекст для главной страницы успешно сформирован
INFO 2025-05-26 22:19:08,464 basehttp "GET / HTTP/1.1" 200 14233
INFO 2025-05-26 22:19:09,932 basehttp "GET /accounts/login/ HTTP/1.1" 200 3149
INFO 2025-05-26 22:19:12,723 basehttp "GET /signup/ HTTP/1.1" 200 4997
INFO 2025-05-26 22:19:16,867 basehttp "GET /accounts/login/ HTTP/1.1" 200 3149
INFO 2025-05-26 22:19:43,178 basehttp "POST /accounts/login/ HTTP/1.1" 302 0
INFO 2025-05-26 22:19:43,185 basehttp "GET /dashboard/ HTTP/1.1" 302 0
INFO 2025-05-26 22:19:43,193 basehttp "GET /dashboard/client/ HTTP/1.1" 200 13931
INFO 2025-05-26 22:19:48,576 basehttp "GET /set-timezone/ HTTP/1.1" 200 39440
INFO 2025-05-26 22:19:59,301 basehttp "POST /set-timezone/ HTTP/1.1" 302 0
DEBUG 2025-05-26 22:19:59,307 views Получение последних новостей для главной страницы
INFO 2025-05-26 22:19:59,307 views Начало формирования контекста для главной страницы
DEBUG 2025-05-26 22:19:59,307 views Запрос данных о погоде
DEBUG 2025-05-26 22:19:59,307 views Данные о погоде успешно получены
DEBUG 2025-05-26 22:19:59,307 views Запрос курсов валют
DEBUG 2025-05-26 22:19:59,435 views Данные о курсах валют успешно получены
INFO 2025-05-26 22:19:59,435 views Контекст для главной страницы успешно сформирован
INFO 2025-05-26 22:19:59,448 basehttp "GET / HTTP/1.1" 200 15999
INFO 2025-05-26 22:20:14,222 basehttp "GET /statistics/ HTTP/1.1" 200 7748
INFO 2025-05-26 22:20:15,668 basehttp "GET /vacancies/ HTTP/1.1" 200 13963
INFO 2025-05-26 22:20:17,301 basehttp "GET /promocodes/ HTTP/1.1" 200 4900
INFO 2025-05-26 22:20:17,974 basehttp "GET /privacy/ HTTP/1.1" 200 5720
INFO 2025-05-26 22:20:19,139 basehttp "GET /doctors/ HTTP/1.1" 200 12726
INFO 2025-05-26 22:20:19,172 basehttp "GET /media/doctors/2d394f680c1bf633d300eee67dd58b90.jpg HTTP/1.1" 200 24328
INFO 2025-05-26 22:20:19,173 basehttp "GET /media/doctors/360_F_118225354_9E9LrO7Y8YHqpoV7jCiSnygQAD4LyJAx.jpg HTTP/1.1" 200 25942
INFO 2025-05-26 22:20:19,186 basehttp "GET /media/doctors/Screenshot_2025-05-26_at_23.51.08.png HTTP/1.1" 200 289583
INFO 2025-05-26 22:20:19,195 basehttp "GET /media/doctors/Screenshot_2025-05-26_at_23.50.23.png HTTP/1.1" 200 342535
INFO 2025-05-26 22:20:19,202 basehttp "GET /media/doctors/Screenshot_2025-05-26_at_23.50.42.png HTTP/1.1" 200 663399
INFO 2025-05-26 22:20:19,207 basehttp "GET /media/doctors/Screenshot_2025-05-26_at_23.51.39.png HTTP/1.1" 200 945687
INFO 2025-05-26 22:20:19,213 basehttp "GET /media/employees/Screenshot_2025-05-27_at_00.07.15.png HTTP/1.1" 200 989257
INFO 2025-05-26 22:20:20,138 basehttp "GET /services/ HTTP/1.1" 200 14862
INFO 2025-05-26 22:20:22,621 basehttp "GET /dashboard/client/ HTTP/1.1" 200 13931
INFO 2025-05-26 22:20:31,454 basehttp "GET /dashboard/client/ HTTP/1.1" 200 13931
INFO 2025-05-26 22:20:31,467 basehttp "GET /static/css/style.css HTTP/1.1" 304 0
INFO 2025-05-26 22:20:32,566 basehttp "GET /dashboard/client/ HTTP/1.1" 200 13931
INFO 2025-05-26 22:20:33,160 basehttp "GET /dashboard/client/ HTTP/1.1" 200 13931
INFO 2025-05-26 22:20:33,492 basehttp "GET /dashboard/client/ HTTP/1.1" 200 13931
INFO 2025-05-26 22:20:40,719 basehttp "GET /dashboard/client/ HTTP/1.1" 200 13931
INFO 2025-05-26 22:20:41,310 basehttp "GET /dashboard/client/ HTTP/1.1" 200 13931
INFO 2025-05-26 22:20:41,733 basehttp "GET /dashboard/client/ HTTP/1.1" 200 13931
INFO 2025-05-26 22:20:42,176 basehttp "GET /dashboard/client/ HTTP/1.1" 200 13931
INFO 2025-05-26 22:20:42,793 basehttp "GET /dashboard/client/ HTTP/1.1" 200 13931
INFO 2025-05-26 22:20:43,561 basehttp "GET /dashboard/client/ HTTP/1.1" 200 13931
INFO 2025-05-26 22:20:48,387 basehttp "GET /dashboard/client/ HTTP/1.1" 200 13931
INFO 2025-05-26 22:20:49,788 basehttp "GET /dashboard/client/ HTTP/1.1" 200 13931
INFO 2025-05-26 22:20:51,650 basehttp "POST /logout/ HTTP/1.1" 302 0
DEBUG 2025-05-26 22:20:51,653 views Получение последних новостей для главной страницы
INFO 2025-05-26 22:20:51,653 views Начало формирования контекста для главной страницы
DEBUG 2025-05-26 22:20:51,654 views Запрос данных о погоде
DEBUG 2025-05-26 22:20:51,654 views Данные о погоде успешно получены
DEBUG 2025-05-26 22:20:51,654 views Запрос курсов валют
DEBUG 2025-05-26 22:20:51,764 views Данные о курсах валют успешно получены
INFO 2025-05-26 22:20:51,764 views Контекст для главной страницы успешно сформирован
INFO 2025-05-26 22:20:51,774 basehttp "GET / HTTP/1.1" 200 14233
INFO 2025-05-26 22:20:51,799 basehttp "GET /media/news/1-GettyImages-73096824-67ee7409bb789_NwYwV8X.webp HTTP/1.1" 200 23108
INFO 2025-05-26 22:20:51,802 basehttp "GET /media/news/1483444335_0-0-3840-2160_1920x0_80_0_0_d78397da469ce01dd2656c4ccb408168_dfm7Pro.jpg HTTP/1.1" 200 123825
INFO 2025-05-26 22:20:51,807 basehttp "GET /media/news/Screenshot_2025-05-26_at_16.53.50.png HTTP/1.1" 200 983608
INFO 2025-05-26 22:20:54,262 basehttp "GET /accounts/login/ HTTP/1.1" 200 3149
INFO 2025-05-26 22:21:00,795 basehttp "GET /signup/ HTTP/1.1" 200 4997
INFO 2025-05-26 22:22:37,845 basehttp "POST /signup/ HTTP/1.1" 200 5345
INFO 2025-05-26 22:22:37,858 basehttp "GET /static/css/style.css HTTP/1.1" 304 0
INFO 2025-05-26 22:23:01,356 basehttp "POST /signup/ HTTP/1.1" 302 0
INFO 2025-05-26 22:23:01,361 basehttp "GET /dashboard/ HTTP/1.1" 302 0
DEBUG 2025-05-26 22:23:01,364 views Получение последних новостей для главной страницы
INFO 2025-05-26 22:23:01,364 views Начало формирования контекста для главной страницы
DEBUG 2025-05-26 22:23:01,364 views Запрос данных о погоде
DEBUG 2025-05-26 22:23:01,364 views Данные о погоде успешно получены
DEBUG 2025-05-26 22:23:01,364 views Запрос курсов валют
DEBUG 2025-05-26 22:23:01,469 views Данные о курсах валют успешно получены
INFO 2025-05-26 22:23:01,469 views Контекст для главной страницы успешно сформирован
INFO 2025-05-26 22:23:01,475 basehttp "GET / HTTP/1.1" 200 14233
INFO 2025-05-26 22:23:05,210 basehttp "GET /statistics/ HTTP/1.1" 200 6774
INFO 2025-05-26 22:23:13,071 basehttp "GET /services/ HTTP/1.1" 200 13583
INFO 2025-05-26 22:23:16,922 basehttp "GET /vacancies/ HTTP/1.1" 200 12684
INFO 2025-05-26 22:23:17,918 basehttp "GET /promocodes/ HTTP/1.1" 200 3621
INFO 2025-05-26 22:23:18,591 basehttp "GET /privacy/ HTTP/1.1" 200 4441
INFO 2025-05-26 22:23:19,370 basehttp "GET /doctors/ HTTP/1.1" 200 11447
INFO 2025-05-26 22:23:19,396 basehttp "GET /media/doctors/2d394f680c1bf633d300eee67dd58b90.jpg HTTP/1.1" 200 24328
INFO 2025-05-26 22:23:19,401 basehttp "GET /media/doctors/360_F_118225354_9E9LrO7Y8YHqpoV7jCiSnygQAD4LyJAx.jpg HTTP/1.1" 200 25942
INFO 2025-05-26 22:23:19,419 basehttp "GET /media/doctors/Screenshot_2025-05-26_at_23.51.08.png HTTP/1.1" 200 289583
INFO 2025-05-26 22:23:19,421 basehttp "GET /media/doctors/Screenshot_2025-05-26_at_23.50.23.png HTTP/1.1" 200 342535
INFO 2025-05-26 22:23:19,428 basehttp "GET /media/doctors/Screenshot_2025-05-26_at_23.51.39.png HTTP/1.1" 200 945687
INFO 2025-05-26 22:23:19,431 basehttp "GET /media/doctors/Screenshot_2025-05-26_at_23.50.42.png HTTP/1.1" 200 663399
INFO 2025-05-26 22:23:19,431 basehttp "GET /media/employees/Screenshot_2025-05-27_at_00.07.15.png HTTP/1.1" 200 989257
INFO 2025-05-26 22:23:21,453 basehttp "GET /services/ HTTP/1.1" 200 13583
INFO 2025-05-26 22:23:24,053 basehttp "GET /service/53/ HTTP/1.1" 200 4943
INFO 2025-05-26 22:23:45,001 basehttp "POST /service/53/book/ HTTP/1.1" 302 0
INFO 2025-05-26 22:23:45,008 basehttp "GET /accounts/login/?next=/service/53/book/ HTTP/1.1" 200 3149
INFO 2025-05-26 22:24:17,308 basehttp "POST /accounts/login/?next=/service/53/book/ HTTP/1.1" 302 0
INFO 2025-05-26 22:24:17,316 basehttp "GET /service/53/book/ HTTP/1.1" 200 4398
WARNING 2025-05-26 22:24:31,029 log Not Found: /service/53/book/
WARNING 2025-05-26 22:24:31,030 basehttp "POST /service/53/book/ HTTP/1.1" 404 9278
WARNING 2025-05-26 22:24:41,038 log Not Found: /service/53/book/
WARNING 2025-05-26 22:24:41,039 basehttp "POST /service/53/book/ HTTP/1.1" 404 9278
WARNING 2025-05-26 22:24:44,826 log Not Found: /service/53/book/
WARNING 2025-05-26 22:24:44,826 basehttp "POST /service/53/book/ HTTP/1.1" 404 9278
WARNING 2025-05-26 22:24:48,228 log Not Found: /service/53/book/
WARNING 2025-05-26 22:24:48,228 basehttp "POST /service/53/book/ HTTP/1.1" 404 9278
INFO 2025-05-26 22:24:52,305 basehttp "GET /accounts/login/?next=/service/53/book/ HTTP/1.1" 302 0
INFO 2025-05-26 22:24:56,136 basehttp "GET /accounts/login/ HTTP/1.1" 302 0
INFO 2025-05-26 22:24:56,144 basehttp "GET /dashboard/ HTTP/1.1" 302 0
INFO 2025-05-26 22:24:56,152 basehttp "GET /dashboard/client/ HTTP/1.1" 200 5418
INFO 2025-05-26 22:24:56,166 basehttp "GET /static/css/style.css HTTP/1.1" 304 0
INFO 2025-05-26 22:24:59,822 basehttp "GET /dashboard/client/ HTTP/1.1" 200 5418
INFO 2025-05-26 22:25:00,605 basehttp "GET /dashboard/client/ HTTP/1.1" 200 5418
INFO 2025-05-26 22:25:01,622 basehttp "GET /dashboard/client/ HTTP/1.1" 200 5418
INFO 2025-05-26 22:25:03,844 basehttp "GET /vacancies/ HTTP/1.1" 200 13967
INFO 2025-05-26 22:25:04,540 basehttp "GET /statistics/ HTTP/1.1" 200 8057
INFO 2025-05-26 22:25:06,373 basehttp "GET /dashboard/client/ HTTP/1.1" 200 5418
INFO 2025-05-26 22:25:07,411 basehttp "GET /services/ HTTP/1.1" 200 14866
INFO 2025-05-26 22:25:09,458 basehttp "GET /service/53/ HTTP/1.1" 200 6226
INFO 2025-05-26 22:25:17,279 basehttp "POST /service/53/book/ HTTP/1.1" 302 0
INFO 2025-05-26 22:25:17,288 basehttp "GET /dashboard/client/ HTTP/1.1" 200 7018
INFO 2025-05-26 22:25:22,078 basehttp "GET /services/ HTTP/1.1" 200 14866
INFO 2025-05-26 22:25:23,912 basehttp "GET /service/55/ HTTP/1.1" 200 6149
INFO 2025-05-26 22:25:25,023 basehttp "GET /set-timezone/ HTTP/1.1" 200 39444
INFO 2025-05-26 22:25:36,394 basehttp "POST /set-timezone/ HTTP/1.1" 302 0
DEBUG 2025-05-26 22:25:36,400 views Получение последних новостей для главной страницы
INFO 2025-05-26 22:25:36,400 views Начало формирования контекста для главной страницы
DEBUG 2025-05-26 22:25:36,401 views Запрос данных о погоде
DEBUG 2025-05-26 22:25:36,401 views Данные о погоде успешно получены
DEBUG 2025-05-26 22:25:36,401 views Запрос курсов валют
DEBUG 2025-05-26 22:25:36,514 views Данные о курсах валют успешно получены
INFO 2025-05-26 22:25:36,514 views Контекст для главной страницы успешно сформирован
INFO 2025-05-26 22:25:36,526 basehttp "GET / HTTP/1.1" 200 16003
INFO 2025-05-26 22:25:36,554 basehttp "GET /static/img/FotoJet%20(65)-1200.jpg.webp HTTP/1.1" 304 0
INFO 2025-05-26 22:25:36,561 basehttp "GET /media/news/1-GettyImages-73096824-67ee7409bb789_NwYwV8X.webp HTTP/1.1" 200 23108
INFO 2025-05-26 22:25:36,565 basehttp "GET /media/news/1483444335_0-0-3840-2160_1920x0_80_0_0_d78397da469ce01dd2656c4ccb408168_dfm7Pro.jpg HTTP/1.1" 200 123825
INFO 2025-05-26 22:25:36,570 basehttp "GET /media/news/Screenshot_2025-05-26_at_16.53.50.png HTTP/1.1" 200 983608
INFO 2025-05-26 22:25:39,597 basehttp "GET /dashboard/client/ HTTP/1.1" 200 7018
INFO 2025-05-26 22:25:42,866 basehttp "GET /services/ HTTP/1.1" 200 14866
INFO 2025-05-26 22:25:43,906 basehttp "GET /set-timezone/ HTTP/1.1" 200 39444
INFO 2025-05-26 22:25:45,264 basehttp "GET /services/ HTTP/1.1" 200 14866
INFO 2025-05-26 22:25:47,110 basehttp "GET /service/55/ HTTP/1.1" 200 6149
INFO 2025-05-26 22:26:01,463 basehttp "POST /service/55/book/ HTTP/1.1" 302 0
INFO 2025-05-26 22:26:01,473 basehttp "GET /dashboard/client/ HTTP/1.1" 200 8728
INFO 2025-05-26 22:26:21,026 basehttp "GET /set-timezone/ HTTP/1.1" 200 39444
INFO 2025-05-26 22:26:26,188 basehttp "GET /vacancies/ HTTP/1.1" 200 13967
INFO 2025-05-26 22:26:26,951 basehttp "GET /promocodes/ HTTP/1.1" 200 4904
INFO 2025-05-26 22:26:29,884 basehttp "GET /statistics/ HTTP/1.1" 200 8057
INFO 2025-05-26 22:26:36,232 basehttp "GET /services/ HTTP/1.1" 200 14866
INFO 2025-05-26 22:26:37,515 basehttp "GET /dashboard/client/ HTTP/1.1" 200 8728
INFO 2025-05-26 22:26:45,079 basehttp "POST /logout/ HTTP/1.1" 302 0
DEBUG 2025-05-26 22:26:45,082 views Получение последних новостей для главной страницы
INFO 2025-05-26 22:26:45,082 views Начало формирования контекста для главной страницы
DEBUG 2025-05-26 22:26:45,082 views Запрос данных о погоде
DEBUG 2025-05-26 22:26:45,082 views Данные о погоде успешно получены
DEBUG 2025-05-26 22:26:45,083 views Запрос курсов валют
DEBUG 2025-05-26 22:26:45,224 views Данные о курсах валют успешно получены
INFO 2025-05-26 22:26:45,224 views Контекст для главной страницы успешно сформирован
INFO 2025-05-26 22:26:45,232 basehttp "GET / HTTP/1.1" 200 14233
INFO 2025-05-26 22:26:45,253 basehttp "GET /media/news/1-GettyImages-73096824-67ee7409bb789_NwYwV8X.webp HTTP/1.1" 200 23108
INFO 2025-05-26 22:26:45,255 basehttp "GET /media/news/1483444335_0-0-3840-2160_1920x0_80_0_0_d78397da469ce01dd2656c4ccb408168_dfm7Pro.jpg HTTP/1.1" 200 123825
INFO 2025-05-26 22:26:45,258 basehttp "GET /media/news/Screenshot_2025-05-26_at_16.53.50.png HTTP/1.1" 200 983608
INFO 2025-05-26 22:26:46,589 basehttp "GET /accounts/login/ HTTP/1.1" 200 3149
INFO 2025-05-26 22:26:56,441 basehttp "POST /accounts/login/ HTTP/1.1" 302 0
INFO 2025-05-26 22:26:56,447 basehttp "GET /dashboard/ HTTP/1.1" 302 0
INFO 2025-05-26 22:26:56,454 basehttp "GET /dashboard/client/ HTTP/1.1" 200 13931
INFO 2025-05-26 22:26:56,465 basehttp "GET /static/css/style.css HTTP/1.1" 304 0
INFO 2025-05-26 22:27:00,462 basehttp "GET /set-timezone/ HTTP/1.1" 200 39440
INFO 2025-05-26 22:27:12,081 basehttp "POST /set-timezone/ HTTP/1.1" 302 0
DEBUG 2025-05-26 22:27:12,086 views Получение последних новостей для главной страницы
INFO 2025-05-26 22:27:12,086 views Начало формирования контекста для главной страницы
DEBUG 2025-05-26 22:27:12,086 views Запрос данных о погоде
DEBUG 2025-05-26 22:27:12,086 views Данные о погоде успешно получены
DEBUG 2025-05-26 22:27:12,086 views Запрос курсов валют
DEBUG 2025-05-26 22:27:12,202 views Данные о курсах валют успешно получены
INFO 2025-05-26 22:27:12,202 views Контекст для главной страницы успешно сформирован
INFO 2025-05-26 22:27:12,216 basehttp "GET / HTTP/1.1" 200 15999
INFO 2025-05-26 22:27:13,834 basehttp "GET /dashboard/client/ HTTP/1.1" 200 13931
INFO 2025-05-26 22:30:35,414 basehttp "GET /admin/ HTTP/1.1" 302 0
INFO 2025-05-26 22:30:35,430 basehttp "GET /admin/login/?next=/admin/ HTTP/1.1" 200 3690
INFO 2025-05-26 22:30:56,092 basehttp "POST /admin/login/?next=/admin/ HTTP/1.1" 302 0
INFO 2025-05-26 22:30:56,105 basehttp "GET /admin/ HTTP/1.1" 200 18569
INFO 2025-05-26 22:30:56,118 basehttp "GET /static/admin/img/icon-deletelink.svg HTTP/1.1" 304 0
INFO 2025-05-26 22:31:00,988 basehttp "GET /admin/core/client/ HTTP/1.1" 200 16185
INFO 2025-05-26 22:31:01,010 basehttp "GET /admin/jsi18n/ HTTP/1.1" 200 3342
INFO 2025-05-26 22:31:04,014 basehttp "GET /admin/ HTTP/1.1" 200 18569
INFO 2025-05-26 22:31:13,305 basehttp "GET /admin/core/appointment/ HTTP/1.1" 200 18035
INFO 2025-05-26 22:31:13,318 basehttp "GET /admin/jsi18n/ HTTP/1.1" 200 3342
INFO 2025-05-26 22:31:18,198 basehttp "GET /admin/core/appointment/46/change/ HTTP/1.1" 200 22951
INFO 2025-05-26 22:31:18,218 basehttp "GET /admin/jsi18n/ HTTP/1.1" 200 3342
INFO 2025-05-26 22:31:22,292 basehttp "POST /admin/core/appointment/46/change/ HTTP/1.1" 302 0
INFO 2025-05-26 22:31:22,315 basehttp "GET /admin/core/appointment/ HTTP/1.1" 200 18329
INFO 2025-05-26 22:31:22,330 basehttp "GET /admin/jsi18n/ HTTP/1.1" 200 3342
INFO 2025-05-26 22:31:27,358 basehttp "GET /admin/core/appointment/45/change/ HTTP/1.1" 200 22966
INFO 2025-05-26 22:31:27,374 basehttp "GET /admin/jsi18n/ HTTP/1.1" 200 3342
INFO 2025-05-26 22:31:30,409 basehttp "POST /admin/core/appointment/45/change/ HTTP/1.1" 302 0
INFO 2025-05-26 22:31:30,432 basehttp "GET /admin/core/appointment/ HTTP/1.1" 200 18334
INFO 2025-05-26 22:31:30,448 basehttp "GET /admin/jsi18n/ HTTP/1.1" 200 3342
ERROR 2025-05-26 22:31:35,633 log Internal Server Error: /dashboard/client/
Traceback (most recent call last):
  File "/Users/artem/Desktop/LR5/СosmetologyCenter/venv/lib/python3.13/site-packages/django/core/handlers/exception.py", line 55, in inner
    response = get_response(request)
  File "/Users/artem/Desktop/LR5/СosmetologyCenter/venv/lib/python3.13/site-packages/django/core/handlers/base.py", line 197, in _get_response
    response = wrapped_callback(request, *callback_args, **callback_kwargs)
  File "/Users/artem/Desktop/LR5/СosmetologyCenter/venv/lib/python3.13/site-packages/django/views/generic/base.py", line 104, in view
    return self.dispatch(request, *args, **kwargs)
           ~~~~~~~~~~~~~^^^^^^^^^^^^^^^^^^^^^^^^^^
  File "/Users/artem/Desktop/LR5/СosmetologyCenter/venv/lib/python3.13/site-packages/django/contrib/auth/mixins.py", line 73, in dispatch
    return super().dispatch(request, *args, **kwargs)
           ~~~~~~~~~~~~~~~~^^^^^^^^^^^^^^^^^^^^^^^^^^
  File "/Users/artem/Desktop/LR5/СosmetologyCenter/venv/lib/python3.13/site-packages/django/views/generic/base.py", line 143, in dispatch
    return handler(request, *args, **kwargs)
  File "/Users/artem/Desktop/LR5/СosmetologyCenter/venv/lib/python3.13/site-packages/django/views/generic/base.py", line 226, in get
    context = self.get_context_data(**kwargs)
  File "/Users/artem/Desktop/LR5/СosmetologyCenter/core/views.py", line 255, in get_context_data
    client=self.request.user.client
           ^^^^^^^^^^^^^^^^^^^^^^^^
  File "/Users/artem/Desktop/LR5/СosmetologyCenter/venv/lib/python3.13/site-packages/django/utils/functional.py", line 253, in inner
    return func(_wrapped, *args)
  File "/Users/artem/Desktop/LR5/СosmetologyCenter/venv/lib/python3.13/site-packages/django/db/models/fields/related_descriptors.py", line 531, in __get__
    raise self.RelatedObjectDoesNotExist(
    ...<2 lines>...
    )
django.contrib.auth.models.User.client.RelatedObjectDoesNotExist: User has no client.
ERROR 2025-05-26 22:31:35,635 basehttp "GET /dashboard/client/ HTTP/1.1" 500 92627
ERROR 2025-05-26 22:31:36,834 log Internal Server Error: /dashboard/client/
Traceback (most recent call last):
  File "/Users/artem/Desktop/LR5/СosmetologyCenter/venv/lib/python3.13/site-packages/django/core/handlers/exception.py", line 55, in inner
    response = get_response(request)
  File "/Users/artem/Desktop/LR5/СosmetologyCenter/venv/lib/python3.13/site-packages/django/core/handlers/base.py", line 197, in _get_response
    response = wrapped_callback(request, *callback_args, **callback_kwargs)
  File "/Users/artem/Desktop/LR5/СosmetologyCenter/venv/lib/python3.13/site-packages/django/views/generic/base.py", line 104, in view
    return self.dispatch(request, *args, **kwargs)
           ~~~~~~~~~~~~~^^^^^^^^^^^^^^^^^^^^^^^^^^
  File "/Users/artem/Desktop/LR5/СosmetologyCenter/venv/lib/python3.13/site-packages/django/contrib/auth/mixins.py", line 73, in dispatch
    return super().dispatch(request, *args, **kwargs)
           ~~~~~~~~~~~~~~~~^^^^^^^^^^^^^^^^^^^^^^^^^^
  File "/Users/artem/Desktop/LR5/СosmetologyCenter/venv/lib/python3.13/site-packages/django/views/generic/base.py", line 143, in dispatch
    return handler(request, *args, **kwargs)
  File "/Users/artem/Desktop/LR5/СosmetologyCenter/venv/lib/python3.13/site-packages/django/views/generic/base.py", line 226, in get
    context = self.get_context_data(**kwargs)
  File "/Users/artem/Desktop/LR5/СosmetologyCenter/core/views.py", line 255, in get_context_data
    client=self.request.user.client
           ^^^^^^^^^^^^^^^^^^^^^^^^
  File "/Users/artem/Desktop/LR5/СosmetologyCenter/venv/lib/python3.13/site-packages/django/utils/functional.py", line 253, in inner
    return func(_wrapped, *args)
  File "/Users/artem/Desktop/LR5/СosmetologyCenter/venv/lib/python3.13/site-packages/django/db/models/fields/related_descriptors.py", line 531, in __get__
    raise self.RelatedObjectDoesNotExist(
    ...<2 lines>...
    )
django.contrib.auth.models.User.client.RelatedObjectDoesNotExist: User has no client.
ERROR 2025-05-26 22:31:36,836 basehttp "GET /dashboard/client/ HTTP/1.1" 500 92627
INFO 2025-05-26 22:31:47,401 autoreload Watching for file changes with StatReloader
DEBUG 2025-05-26 22:32:00,594 views Получение последних новостей для главной страницы
INFO 2025-05-26 22:32:00,595 views Начало формирования контекста для главной страницы
DEBUG 2025-05-26 22:32:00,595 views Запрос данных о погоде
DEBUG 2025-05-26 22:32:00,759 views Данные о погоде успешно получены
DEBUG 2025-05-26 22:32:00,760 views Запрос курсов валют
DEBUG 2025-05-26 22:32:00,869 views Данные о курсах валют успешно получены
INFO 2025-05-26 22:32:00,870 views Контекст для главной страницы успешно сформирован
INFO 2025-05-26 22:32:00,907 basehttp "GET / HTTP/1.1" 200 15313
INFO 2025-05-26 22:32:00,934 basehttp "GET /static/css/style.css HTTP/1.1" 304 0
INFO 2025-05-26 22:32:00,947 basehttp "GET /media/news/1-GettyImages-73096824-67ee7409bb789_NwYwV8X.webp HTTP/1.1" 200 23108
INFO 2025-05-26 22:32:00,951 basehttp "GET /media/news/1483444335_0-0-3840-2160_1920x0_80_0_0_d78397da469ce01dd2656c4ccb408168_dfm7Pro.jpg HTTP/1.1" 200 123825
INFO 2025-05-26 22:32:00,954 basehttp "GET /media/news/Screenshot_2025-05-26_at_16.53.50.png HTTP/1.1" 200 983608
INFO 2025-05-26 22:32:03,765 basehttp "GET /statistics/ HTTP/1.1" 200 7750
INFO 2025-05-26 22:32:15,360 basehttp "GET /statistics/ HTTP/1.1" 200 7750
INFO 2025-05-26 22:32:17,807 basehttp "POST /logout/ HTTP/1.1" 302 0
DEBUG 2025-05-26 22:32:17,810 views Получение последних новостей для главной страницы
INFO 2025-05-26 22:32:17,810 views Начало формирования контекста для главной страницы
DEBUG 2025-05-26 22:32:17,811 views Запрос данных о погоде
DEBUG 2025-05-26 22:32:17,811 views Данные о погоде успешно получены
DEBUG 2025-05-26 22:32:17,811 views Запрос курсов валют
DEBUG 2025-05-26 22:32:17,924 views Данные о курсах валют успешно получены
INFO 2025-05-26 22:32:17,925 views Контекст для главной страницы успешно сформирован
INFO 2025-05-26 22:32:17,935 basehttp "GET / HTTP/1.1" 200 14233
INFO 2025-05-26 22:32:19,377 basehttp "GET /accounts/login/ HTTP/1.1" 200 3149
INFO 2025-05-26 22:32:32,606 basehttp "POST /accounts/login/ HTTP/1.1" 302 0
INFO 2025-05-26 22:32:32,612 basehttp "GET /dashboard/ HTTP/1.1" 302 0
INFO 2025-05-26 22:32:32,620 basehttp "GET /dashboard/client/ HTTP/1.1" 200 13931
INFO 2025-05-26 22:32:43,070 basehttp "GET /admin/core/appointment/45/change/ HTTP/1.1" 302 0
INFO 2025-05-26 22:32:43,090 basehttp "GET /admin/login/?next=/admin/core/appointment/45/change/ HTTP/1.1" 200 3740
INFO 2025-05-26 22:32:57,763 basehttp "POST /admin/login/?next=/admin/core/appointment/45/change/ HTTP/1.1" 302 0
INFO 2025-05-26 22:32:57,784 basehttp "GET /admin/core/appointment/45/change/ HTTP/1.1" 200 22974
INFO 2025-05-26 22:32:57,796 basehttp "GET /admin/jsi18n/ HTTP/1.1" 200 3342
INFO 2025-05-26 22:33:00,882 basehttp "POST /admin/core/appointment/45/change/ HTTP/1.1" 302 0
INFO 2025-05-26 22:33:00,914 basehttp "GET /admin/core/appointment/ HTTP/1.1" 200 18334
INFO 2025-05-26 22:33:00,929 basehttp "GET /admin/jsi18n/ HTTP/1.1" 200 3342
INFO 2025-05-26 22:33:19,957 basehttp "GET /admin/core/appointment/46/change/ HTTP/1.1" 200 22959
INFO 2025-05-26 22:33:19,974 basehttp "GET /admin/jsi18n/ HTTP/1.1" 200 3342
INFO 2025-05-26 22:33:41,384 basehttp "POST /admin/core/appointment/46/change/ HTTP/1.1" 302 0
INFO 2025-05-26 22:33:41,409 basehttp "GET /admin/core/appointment/ HTTP/1.1" 200 18329
INFO 2025-05-26 22:33:41,425 basehttp "GET /admin/jsi18n/ HTTP/1.1" 200 3342
ERROR 2025-05-26 22:33:46,880 log Internal Server Error: /dashboard/client/
Traceback (most recent call last):
  File "/Users/artem/Desktop/LR5/СosmetologyCenter/venv/lib/python3.13/site-packages/django/core/handlers/exception.py", line 55, in inner
    response = get_response(request)
  File "/Users/artem/Desktop/LR5/СosmetologyCenter/venv/lib/python3.13/site-packages/django/core/handlers/base.py", line 197, in _get_response
    response = wrapped_callback(request, *callback_args, **callback_kwargs)
  File "/Users/artem/Desktop/LR5/СosmetologyCenter/venv/lib/python3.13/site-packages/django/views/generic/base.py", line 104, in view
    return self.dispatch(request, *args, **kwargs)
           ~~~~~~~~~~~~~^^^^^^^^^^^^^^^^^^^^^^^^^^
  File "/Users/artem/Desktop/LR5/СosmetologyCenter/venv/lib/python3.13/site-packages/django/contrib/auth/mixins.py", line 73, in dispatch
    return super().dispatch(request, *args, **kwargs)
           ~~~~~~~~~~~~~~~~^^^^^^^^^^^^^^^^^^^^^^^^^^
  File "/Users/artem/Desktop/LR5/СosmetologyCenter/venv/lib/python3.13/site-packages/django/views/generic/base.py", line 143, in dispatch
    return handler(request, *args, **kwargs)
  File "/Users/artem/Desktop/LR5/СosmetologyCenter/venv/lib/python3.13/site-packages/django/views/generic/base.py", line 226, in get
    context = self.get_context_data(**kwargs)
  File "/Users/artem/Desktop/LR5/СosmetologyCenter/core/views.py", line 255, in get_context_data
    client=self.request.user.client
           ^^^^^^^^^^^^^^^^^^^^^^^^
  File "/Users/artem/Desktop/LR5/СosmetologyCenter/venv/lib/python3.13/site-packages/django/utils/functional.py", line 253, in inner
    return func(_wrapped, *args)
  File "/Users/artem/Desktop/LR5/СosmetologyCenter/venv/lib/python3.13/site-packages/django/db/models/fields/related_descriptors.py", line 531, in __get__
    raise self.RelatedObjectDoesNotExist(
    ...<2 lines>...
    )
django.contrib.auth.models.User.client.RelatedObjectDoesNotExist: User has no client.
ERROR 2025-05-26 22:33:46,883 basehttp "GET /dashboard/client/ HTTP/1.1" 500 92642
INFO 2025-05-26 22:35:22,736 basehttp "GET /admin/core/appointment/45/change/ HTTP/1.1" 200 22974
INFO 2025-05-26 22:35:22,752 basehttp "GET /admin/jsi18n/ HTTP/1.1" 200 3342
INFO 2025-05-26 22:35:25,518 basehttp "POST /admin/core/appointment/45/change/ HTTP/1.1" 302 0
INFO 2025-05-26 22:35:25,542 basehttp "GET /admin/core/appointment/ HTTP/1.1" 200 18334
INFO 2025-05-26 22:35:25,559 basehttp "GET /admin/jsi18n/ HTTP/1.1" 200 3342
ERROR 2025-05-26 22:35:29,033 log Internal Server Error: /dashboard/client/
Traceback (most recent call last):
  File "/Users/artem/Desktop/LR5/СosmetologyCenter/venv/lib/python3.13/site-packages/django/core/handlers/exception.py", line 55, in inner
    response = get_response(request)
  File "/Users/artem/Desktop/LR5/СosmetologyCenter/venv/lib/python3.13/site-packages/django/core/handlers/base.py", line 197, in _get_response
    response = wrapped_callback(request, *callback_args, **callback_kwargs)
  File "/Users/artem/Desktop/LR5/СosmetologyCenter/venv/lib/python3.13/site-packages/django/views/generic/base.py", line 104, in view
    return self.dispatch(request, *args, **kwargs)
           ~~~~~~~~~~~~~^^^^^^^^^^^^^^^^^^^^^^^^^^
  File "/Users/artem/Desktop/LR5/СosmetologyCenter/venv/lib/python3.13/site-packages/django/contrib/auth/mixins.py", line 73, in dispatch
    return super().dispatch(request, *args, **kwargs)
           ~~~~~~~~~~~~~~~~^^^^^^^^^^^^^^^^^^^^^^^^^^
  File "/Users/artem/Desktop/LR5/СosmetologyCenter/venv/lib/python3.13/site-packages/django/views/generic/base.py", line 143, in dispatch
    return handler(request, *args, **kwargs)
  File "/Users/artem/Desktop/LR5/СosmetologyCenter/venv/lib/python3.13/site-packages/django/views/generic/base.py", line 226, in get
    context = self.get_context_data(**kwargs)
  File "/Users/artem/Desktop/LR5/СosmetologyCenter/core/views.py", line 255, in get_context_data
    client=self.request.user.client
           ^^^^^^^^^^^^^^^^^^^^^^^^
  File "/Users/artem/Desktop/LR5/СosmetologyCenter/venv/lib/python3.13/site-packages/django/utils/functional.py", line 253, in inner
    return func(_wrapped, *args)
  File "/Users/artem/Desktop/LR5/СosmetologyCenter/venv/lib/python3.13/site-packages/django/db/models/fields/related_descriptors.py", line 531, in __get__
    raise self.RelatedObjectDoesNotExist(
    ...<2 lines>...
    )
django.contrib.auth.models.User.client.RelatedObjectDoesNotExist: User has no client.
ERROR 2025-05-26 22:35:29,036 basehttp "GET /dashboard/client/ HTTP/1.1" 500 92642
INFO 2025-05-26 22:35:34,213 basehttp "GET /dashboard/ HTTP/1.1" 302 0
DEBUG 2025-05-26 22:35:34,217 views Получение последних новостей для главной страницы
INFO 2025-05-26 22:35:34,217 views Начало формирования контекста для главной страницы
DEBUG 2025-05-26 22:35:34,218 views Запрос данных о погоде
DEBUG 2025-05-26 22:35:34,218 views Данные о погоде успешно получены
DEBUG 2025-05-26 22:35:34,218 views Запрос курсов валют
DEBUG 2025-05-26 22:35:34,349 views Данные о курсах валют успешно получены
INFO 2025-05-26 22:35:34,349 views Контекст для главной страницы успешно сформирован
INFO 2025-05-26 22:35:34,358 basehttp "GET / HTTP/1.1" 200 15313
INFO 2025-05-26 22:35:34,375 basehttp "GET /static/css/style.css HTTP/1.1" 304 0
INFO 2025-05-26 22:35:34,380 basehttp "GET /media/news/1-GettyImages-73096824-67ee7409bb789_NwYwV8X.webp HTTP/1.1" 200 23108
INFO 2025-05-26 22:35:34,383 basehttp "GET /media/news/1483444335_0-0-3840-2160_1920x0_80_0_0_d78397da469ce01dd2656c4ccb408168_dfm7Pro.jpg HTTP/1.1" 200 123825
INFO 2025-05-26 22:35:34,388 basehttp "GET /media/news/Screenshot_2025-05-26_at_16.53.50.png HTTP/1.1" 200 983608
INFO 2025-05-26 22:35:37,238 basehttp "GET /statistics/ HTTP/1.1" 200 7750
INFO 2025-05-26 22:35:41,285 basehttp "GET /vacancies/ HTTP/1.1" 200 13660
INFO 2025-05-26 22:35:43,696 basehttp "POST /logout/ HTTP/1.1" 302 0
DEBUG 2025-05-26 22:35:43,699 views Получение последних новостей для главной страницы
INFO 2025-05-26 22:35:43,699 views Начало формирования контекста для главной страницы
DEBUG 2025-05-26 22:35:43,700 views Запрос данных о погоде
DEBUG 2025-05-26 22:35:43,700 views Данные о погоде успешно получены
DEBUG 2025-05-26 22:35:43,700 views Запрос курсов валют
DEBUG 2025-05-26 22:35:43,808 views Данные о курсах валют успешно получены
INFO 2025-05-26 22:35:43,808 views Контекст для главной страницы успешно сформирован
INFO 2025-05-26 22:35:43,812 basehttp "GET / HTTP/1.1" 200 14233
INFO 2025-05-26 22:35:45,941 basehttp "GET /accounts/login/ HTTP/1.1" 200 3149
INFO 2025-05-26 22:36:00,524 basehttp "POST /accounts/login/ HTTP/1.1" 302 0
INFO 2025-05-26 22:36:00,530 basehttp "GET /dashboard/ HTTP/1.1" 302 0
INFO 2025-05-26 22:36:00,537 basehttp "GET /dashboard/client/ HTTP/1.1" 200 13931
INFO 2025-05-26 22:39:01,008 basehttp "GET /admin/core/appointment/46/change/ HTTP/1.1" 302 0
INFO 2025-05-26 22:39:01,021 basehttp "GET /admin/login/?next=/admin/core/appointment/46/change/ HTTP/1.1" 200 3740
INFO 2025-05-26 22:39:12,404 basehttp "POST /admin/login/?next=/admin/core/appointment/46/change/ HTTP/1.1" 200 3908
INFO 2025-05-26 22:39:18,587 basehttp "POST /admin/login/?next=/admin/core/appointment/46/change/ HTTP/1.1" 302 0
INFO 2025-05-26 22:39:18,602 basehttp "GET /admin/core/appointment/46/change/ HTTP/1.1" 200 22991
INFO 2025-05-26 22:39:18,617 basehttp "GET /admin/jsi18n/ HTTP/1.1" 200 3342
INFO 2025-05-26 22:39:22,343 basehttp "POST /admin/core/appointment/46/change/ HTTP/1.1" 302 0
INFO 2025-05-26 22:39:22,365 basehttp "GET /admin/core/appointment/ HTTP/1.1" 200 18329
INFO 2025-05-26 22:39:22,383 basehttp "GET /admin/jsi18n/ HTTP/1.1" 200 3342
INFO 2025-05-26 22:39:23,753 basehttp "GET /admin/core/appointment/46/change/ HTTP/1.1" 200 22991
INFO 2025-05-26 22:39:23,769 basehttp "GET /admin/jsi18n/ HTTP/1.1" 200 3342
INFO 2025-05-26 22:39:26,256 basehttp "POST /admin/core/appointment/46/change/ HTTP/1.1" 302 0
INFO 2025-05-26 22:39:26,277 basehttp "GET /admin/core/appointment/ HTTP/1.1" 200 18329
INFO 2025-05-26 22:39:26,292 basehttp "GET /admin/jsi18n/ HTTP/1.1" 200 3342
ERROR 2025-05-26 22:40:13,577 log Internal Server Error: /dashboard/client/
Traceback (most recent call last):
  File "/Users/artem/Desktop/LR5/СosmetologyCenter/venv/lib/python3.13/site-packages/django/core/handlers/exception.py", line 55, in inner
    response = get_response(request)
  File "/Users/artem/Desktop/LR5/СosmetologyCenter/venv/lib/python3.13/site-packages/django/core/handlers/base.py", line 197, in _get_response
    response = wrapped_callback(request, *callback_args, **callback_kwargs)
  File "/Users/artem/Desktop/LR5/СosmetologyCenter/venv/lib/python3.13/site-packages/django/views/generic/base.py", line 104, in view
    return self.dispatch(request, *args, **kwargs)
           ~~~~~~~~~~~~~^^^^^^^^^^^^^^^^^^^^^^^^^^
  File "/Users/artem/Desktop/LR5/СosmetologyCenter/venv/lib/python3.13/site-packages/django/contrib/auth/mixins.py", line 73, in dispatch
    return super().dispatch(request, *args, **kwargs)
           ~~~~~~~~~~~~~~~~^^^^^^^^^^^^^^^^^^^^^^^^^^
  File "/Users/artem/Desktop/LR5/СosmetologyCenter/venv/lib/python3.13/site-packages/django/views/generic/base.py", line 143, in dispatch
    return handler(request, *args, **kwargs)
  File "/Users/artem/Desktop/LR5/СosmetologyCenter/venv/lib/python3.13/site-packages/django/views/generic/base.py", line 226, in get
    context = self.get_context_data(**kwargs)
  File "/Users/artem/Desktop/LR5/СosmetologyCenter/core/views.py", line 255, in get_context_data
    client=self.request.user.client
           ^^^^^^^^^^^^^^^^^^^^^^^^
  File "/Users/artem/Desktop/LR5/СosmetologyCenter/venv/lib/python3.13/site-packages/django/utils/functional.py", line 253, in inner
    return func(_wrapped, *args)
  File "/Users/artem/Desktop/LR5/СosmetologyCenter/venv/lib/python3.13/site-packages/django/db/models/fields/related_descriptors.py", line 531, in __get__
    raise self.RelatedObjectDoesNotExist(
    ...<2 lines>...
    )
django.contrib.auth.models.User.client.RelatedObjectDoesNotExist: User has no client.
ERROR 2025-05-26 22:40:13,579 basehttp "GET /dashboard/client/ HTTP/1.1" 500 92507
INFO 2025-05-26 22:41:11,962 basehttp "GET /admin/ HTTP/1.1" 200 19119
INFO 2025-05-26 22:41:14,149 basehttp "GET /admin/core/userprofile/ HTTP/1.1" 200 15324
INFO 2025-05-26 22:41:14,169 basehttp "GET /admin/jsi18n/ HTTP/1.1" 200 3342
INFO 2025-05-26 22:41:20,829 basehttp "GET /admin/core/userprofile/add/ HTTP/1.1" 200 51490
INFO 2025-05-26 22:41:20,841 basehttp "GET /admin/jsi18n/ HTTP/1.1" 200 3342
INFO 2025-05-26 22:41:43,820 basehttp "POST /admin/core/userprofile/add/ HTTP/1.1" 302 0
INFO 2025-05-26 22:41:43,836 basehttp "GET /admin/core/userprofile/ HTTP/1.1" 200 15868
INFO 2025-05-26 22:41:43,853 basehttp "GET /admin/jsi18n/ HTTP/1.1" 200 3342
INFO 2025-05-26 22:41:59,915 basehttp "GET /admin/ HTTP/1.1" 200 19126
INFO 2025-05-26 22:42:01,583 basehttp "GET /admin/core/client/ HTTP/1.1" 200 16185
INFO 2025-05-26 22:42:01,603 basehttp "GET /admin/jsi18n/ HTTP/1.1" 200 3342
INFO 2025-05-26 22:42:04,088 basehttp "GET /admin/core/client/add/ HTTP/1.1" 200 17996
INFO 2025-05-26 22:42:04,104 basehttp "GET /admin/jsi18n/ HTTP/1.1" 200 3342
INFO 2025-05-26 22:42:17,197 basehttp "GET /static/admin/img/calendar-icons.svg HTTP/1.1" 304 0
ERROR 2025-05-26 22:42:59,015 log Internal Server Error: /admin/core/client/add/
Traceback (most recent call last):
  File "/Users/artem/Desktop/LR5/СosmetologyCenter/venv/lib/python3.13/site-packages/django/core/handlers/exception.py", line 55, in inner
    response = get_response(request)
  File "/Users/artem/Desktop/LR5/СosmetologyCenter/venv/lib/python3.13/site-packages/django/core/handlers/base.py", line 197, in _get_response
    response = wrapped_callback(request, *callback_args, **callback_kwargs)
  File "/Users/artem/Desktop/LR5/СosmetologyCenter/venv/lib/python3.13/site-packages/django/contrib/admin/options.py", line 719, in wrapper
    return self.admin_site.admin_view(view)(*args, **kwargs)
           ~~~~~~~~~~~~~~~~~~~~~~~~~~~~~~~~^^^^^^^^^^^^^^^^^
  File "/Users/artem/Desktop/LR5/СosmetologyCenter/venv/lib/python3.13/site-packages/django/utils/decorators.py", line 192, in _view_wrapper
    result = _process_exception(request, e)
  File "/Users/artem/Desktop/LR5/СosmetologyCenter/venv/lib/python3.13/site-packages/django/utils/decorators.py", line 190, in _view_wrapper
    response = view_func(request, *args, **kwargs)
  File "/Users/artem/Desktop/LR5/СosmetologyCenter/venv/lib/python3.13/site-packages/django/views/decorators/cache.py", line 80, in _view_wrapper
    response = view_func(request, *args, **kwargs)
  File "/Users/artem/Desktop/LR5/СosmetologyCenter/venv/lib/python3.13/site-packages/django/contrib/admin/sites.py", line 246, in inner
    return view(request, *args, **kwargs)
  File "/Users/artem/Desktop/LR5/СosmetologyCenter/venv/lib/python3.13/site-packages/django/contrib/admin/options.py", line 1984, in add_view
    return self.changeform_view(request, None, form_url, extra_context)
           ~~~~~~~~~~~~~~~~~~~~^^^^^^^^^^^^^^^^^^^^^^^^^^^^^^^^^^^^^^^^
  File "/Users/artem/Desktop/LR5/СosmetologyCenter/venv/lib/python3.13/site-packages/django/utils/decorators.py", line 48, in _wrapper
    return bound_method(*args, **kwargs)
  File "/Users/artem/Desktop/LR5/СosmetologyCenter/venv/lib/python3.13/site-packages/django/utils/decorators.py", line 192, in _view_wrapper
    result = _process_exception(request, e)
  File "/Users/artem/Desktop/LR5/СosmetologyCenter/venv/lib/python3.13/site-packages/django/utils/decorators.py", line 190, in _view_wrapper
    response = view_func(request, *args, **kwargs)
  File "/Users/artem/Desktop/LR5/СosmetologyCenter/venv/lib/python3.13/site-packages/django/contrib/admin/options.py", line 1843, in changeform_view
    return self._changeform_view(request, object_id, form_url, extra_context)
           ~~~~~~~~~~~~~~~~~~~~~^^^^^^^^^^^^^^^^^^^^^^^^^^^^^^^^^^^^^^^^^^^^^
  File "/Users/artem/Desktop/LR5/СosmetologyCenter/venv/lib/python3.13/site-packages/django/contrib/admin/options.py", line 1888, in _changeform_view
    form_validated = form.is_valid()
  File "/Users/artem/Desktop/LR5/СosmetologyCenter/venv/lib/python3.13/site-packages/django/forms/forms.py", line 206, in is_valid
    return self.is_bound and not self.errors
                                 ^^^^^^^^^^^
  File "/Users/artem/Desktop/LR5/СosmetologyCenter/venv/lib/python3.13/site-packages/django/forms/forms.py", line 201, in errors
    self.full_clean()
    ~~~~~~~~~~~~~~~^^
  File "/Users/artem/Desktop/LR5/СosmetologyCenter/venv/lib/python3.13/site-packages/django/forms/forms.py", line 339, in full_clean
    self._post_clean()
    ~~~~~~~~~~~~~~~~^^
  File "/Users/artem/Desktop/LR5/СosmetologyCenter/venv/lib/python3.13/site-packages/django/forms/models.py", line 498, in _post_clean
    self.instance.full_clean(exclude=exclude, validate_unique=False)
    ~~~~~~~~~~~~~~~~~~~~~~~~^^^^^^^^^^^^^^^^^^^^^^^^^^^^^^^^^^^^^^^^
  File "/Users/artem/Desktop/LR5/СosmetologyCenter/venv/lib/python3.13/site-packages/django/db/models/base.py", line 1654, in full_clean
    self.clean()
    ~~~~~~~~~~^^
  File "/Users/artem/Desktop/LR5/СosmetologyCenter/core/models.py", line 34, in clean
    if self.age < 18:
       ^^^^^^^^
  File "/Users/artem/Desktop/LR5/СosmetologyCenter/core/models.py", line 31, in age
    return (datetime.date.today() - self.birth_date).days // 365
            ~~~~~~~~~~~~~~~~~~~~~~^~~~~~~~~~~~~~~~~
TypeError: unsupported operand type(s) for -: 'datetime.date' and 'NoneType'
ERROR 2025-05-26 22:42:59,020 basehttp "POST /admin/core/client/add/ HTTP/1.1" 500 145749
ERROR 2025-05-26 22:43:06,105 log Internal Server Error: /admin/core/client/add/
Traceback (most recent call last):
  File "/Users/artem/Desktop/LR5/СosmetologyCenter/venv/lib/python3.13/site-packages/django/core/handlers/exception.py", line 55, in inner
    response = get_response(request)
  File "/Users/artem/Desktop/LR5/СosmetologyCenter/venv/lib/python3.13/site-packages/django/core/handlers/base.py", line 197, in _get_response
    response = wrapped_callback(request, *callback_args, **callback_kwargs)
  File "/Users/artem/Desktop/LR5/СosmetologyCenter/venv/lib/python3.13/site-packages/django/contrib/admin/options.py", line 719, in wrapper
    return self.admin_site.admin_view(view)(*args, **kwargs)
           ~~~~~~~~~~~~~~~~~~~~~~~~~~~~~~~~^^^^^^^^^^^^^^^^^
  File "/Users/artem/Desktop/LR5/СosmetologyCenter/venv/lib/python3.13/site-packages/django/utils/decorators.py", line 192, in _view_wrapper
    result = _process_exception(request, e)
  File "/Users/artem/Desktop/LR5/СosmetologyCenter/venv/lib/python3.13/site-packages/django/utils/decorators.py", line 190, in _view_wrapper
    response = view_func(request, *args, **kwargs)
  File "/Users/artem/Desktop/LR5/СosmetologyCenter/venv/lib/python3.13/site-packages/django/views/decorators/cache.py", line 80, in _view_wrapper
    response = view_func(request, *args, **kwargs)
  File "/Users/artem/Desktop/LR5/СosmetologyCenter/venv/lib/python3.13/site-packages/django/contrib/admin/sites.py", line 246, in inner
    return view(request, *args, **kwargs)
  File "/Users/artem/Desktop/LR5/СosmetologyCenter/venv/lib/python3.13/site-packages/django/contrib/admin/options.py", line 1984, in add_view
    return self.changeform_view(request, None, form_url, extra_context)
           ~~~~~~~~~~~~~~~~~~~~^^^^^^^^^^^^^^^^^^^^^^^^^^^^^^^^^^^^^^^^
  File "/Users/artem/Desktop/LR5/СosmetologyCenter/venv/lib/python3.13/site-packages/django/utils/decorators.py", line 48, in _wrapper
    return bound_method(*args, **kwargs)
  File "/Users/artem/Desktop/LR5/СosmetologyCenter/venv/lib/python3.13/site-packages/django/utils/decorators.py", line 192, in _view_wrapper
    result = _process_exception(request, e)
  File "/Users/artem/Desktop/LR5/СosmetologyCenter/venv/lib/python3.13/site-packages/django/utils/decorators.py", line 190, in _view_wrapper
    response = view_func(request, *args, **kwargs)
  File "/Users/artem/Desktop/LR5/СosmetologyCenter/venv/lib/python3.13/site-packages/django/contrib/admin/options.py", line 1843, in changeform_view
    return self._changeform_view(request, object_id, form_url, extra_context)
           ~~~~~~~~~~~~~~~~~~~~~^^^^^^^^^^^^^^^^^^^^^^^^^^^^^^^^^^^^^^^^^^^^^
  File "/Users/artem/Desktop/LR5/СosmetologyCenter/venv/lib/python3.13/site-packages/django/contrib/admin/options.py", line 1888, in _changeform_view
    form_validated = form.is_valid()
  File "/Users/artem/Desktop/LR5/СosmetologyCenter/venv/lib/python3.13/site-packages/django/forms/forms.py", line 206, in is_valid
    return self.is_bound and not self.errors
                                 ^^^^^^^^^^^
  File "/Users/artem/Desktop/LR5/СosmetologyCenter/venv/lib/python3.13/site-packages/django/forms/forms.py", line 201, in errors
    self.full_clean()
    ~~~~~~~~~~~~~~~^^
  File "/Users/artem/Desktop/LR5/СosmetologyCenter/venv/lib/python3.13/site-packages/django/forms/forms.py", line 339, in full_clean
    self._post_clean()
    ~~~~~~~~~~~~~~~~^^
  File "/Users/artem/Desktop/LR5/СosmetologyCenter/venv/lib/python3.13/site-packages/django/forms/models.py", line 498, in _post_clean
    self.instance.full_clean(exclude=exclude, validate_unique=False)
    ~~~~~~~~~~~~~~~~~~~~~~~~^^^^^^^^^^^^^^^^^^^^^^^^^^^^^^^^^^^^^^^^
  File "/Users/artem/Desktop/LR5/СosmetologyCenter/venv/lib/python3.13/site-packages/django/db/models/base.py", line 1654, in full_clean
    self.clean()
    ~~~~~~~~~~^^
  File "/Users/artem/Desktop/LR5/СosmetologyCenter/core/models.py", line 34, in clean
    if self.age < 18:
       ^^^^^^^^
  File "/Users/artem/Desktop/LR5/СosmetologyCenter/core/models.py", line 31, in age
    return (datetime.date.today() - self.birth_date).days // 365
            ~~~~~~~~~~~~~~~~~~~~~~^~~~~~~~~~~~~~~~~
TypeError: unsupported operand type(s) for -: 'datetime.date' and 'NoneType'
ERROR 2025-05-26 22:43:06,109 basehttp "POST /admin/core/client/add/ HTTP/1.1" 500 145749
INFO 2025-05-26 22:43:12,340 basehttp "GET /admin/core/client/ HTTP/1.1" 200 16185
INFO 2025-05-26 22:43:12,361 basehttp "GET /admin/jsi18n/ HTTP/1.1" 200 3342
INFO 2025-05-26 22:43:17,833 basehttp "GET /admin/core/ HTTP/1.1" 200 13225
INFO 2025-05-26 22:43:22,603 basehttp "GET /admin/core/userprofile/ HTTP/1.1" 200 15648
INFO 2025-05-26 22:43:22,620 basehttp "GET /admin/jsi18n/ HTTP/1.1" 200 3342
INFO 2025-05-26 22:43:25,015 basehttp "GET /admin/core/ HTTP/1.1" 200 13225
INFO 2025-05-26 22:43:26,803 basehttp "GET /admin/core/client/ HTTP/1.1" 200 16185
INFO 2025-05-26 22:43:26,820 basehttp "GET /admin/jsi18n/ HTTP/1.1" 200 3342
INFO 2025-05-26 22:43:30,164 basehttp "GET /admin/ HTTP/1.1" 200 19126
INFO 2025-05-26 22:43:31,552 basehttp "GET /admin/core/userprofile/ HTTP/1.1" 200 15648
INFO 2025-05-26 22:43:31,572 basehttp "GET /admin/jsi18n/ HTTP/1.1" 200 3342
INFO 2025-05-26 22:43:34,649 basehttp "GET /admin/core/ HTTP/1.1" 200 13225
INFO 2025-05-26 22:43:38,604 basehttp "GET /admin/core/client/ HTTP/1.1" 200 16185
INFO 2025-05-26 22:43:38,625 basehttp "GET /admin/jsi18n/ HTTP/1.1" 200 3342
INFO 2025-05-26 22:43:41,539 basehttp "GET /admin/core/client/add/ HTTP/1.1" 200 17996
INFO 2025-05-26 22:43:41,559 basehttp "GET /admin/jsi18n/ HTTP/1.1" 200 3342
INFO 2025-05-26 22:43:55,474 basehttp "POST /admin/core/client/add/ HTTP/1.1" 200 18241
INFO 2025-05-26 22:43:55,491 basehttp "GET /admin/jsi18n/ HTTP/1.1" 200 3342
INFO 2025-05-26 22:44:39,277 basehttp "POST /admin/core/client/add/ HTTP/1.1" 302 0
INFO 2025-05-26 22:44:39,295 basehttp "GET /admin/core/client/ HTTP/1.1" 200 16769
INFO 2025-05-26 22:44:39,316 basehttp "GET /admin/jsi18n/ HTTP/1.1" 200 3342
INFO 2025-05-26 22:44:42,341 basehttp "GET /admin/ HTTP/1.1" 200 19165
INFO 2025-05-26 22:44:44,152 basehttp "GET /admin/core/client/ HTTP/1.1" 200 16560
INFO 2025-05-26 22:44:44,165 basehttp "GET /admin/jsi18n/ HTTP/1.1" 200 3342
INFO 2025-05-26 22:44:47,794 basehttp "GET /admin/core/client/29/change/ HTTP/1.1" 200 18294
INFO 2025-05-26 22:44:47,812 basehttp "GET /admin/jsi18n/ HTTP/1.1" 200 3342
INFO 2025-05-26 22:44:54,817 basehttp "POST /admin/core/client/29/change/ HTTP/1.1" 302 0
INFO 2025-05-26 22:44:54,832 basehttp "GET /admin/core/client/ HTTP/1.1" 200 16771
INFO 2025-05-26 22:44:54,847 basehttp "GET /admin/jsi18n/ HTTP/1.1" 200 3342
ERROR 2025-05-26 22:45:00,291 log Internal Server Error: /dashboard/client/
Traceback (most recent call last):
  File "/Users/artem/Desktop/LR5/СosmetologyCenter/venv/lib/python3.13/site-packages/django/core/handlers/exception.py", line 55, in inner
    response = get_response(request)
  File "/Users/artem/Desktop/LR5/СosmetologyCenter/venv/lib/python3.13/site-packages/django/core/handlers/base.py", line 197, in _get_response
    response = wrapped_callback(request, *callback_args, **callback_kwargs)
  File "/Users/artem/Desktop/LR5/СosmetologyCenter/venv/lib/python3.13/site-packages/django/views/generic/base.py", line 104, in view
    return self.dispatch(request, *args, **kwargs)
           ~~~~~~~~~~~~~^^^^^^^^^^^^^^^^^^^^^^^^^^
  File "/Users/artem/Desktop/LR5/СosmetologyCenter/venv/lib/python3.13/site-packages/django/contrib/auth/mixins.py", line 73, in dispatch
    return super().dispatch(request, *args, **kwargs)
           ~~~~~~~~~~~~~~~~^^^^^^^^^^^^^^^^^^^^^^^^^^
  File "/Users/artem/Desktop/LR5/СosmetologyCenter/venv/lib/python3.13/site-packages/django/views/generic/base.py", line 143, in dispatch
    return handler(request, *args, **kwargs)
  File "/Users/artem/Desktop/LR5/СosmetologyCenter/venv/lib/python3.13/site-packages/django/views/generic/base.py", line 226, in get
    context = self.get_context_data(**kwargs)
  File "/Users/artem/Desktop/LR5/СosmetologyCenter/core/views.py", line 255, in get_context_data
    client=self.request.user.client
           ^^^^^^^^^^^^^^^^^^^^^^^^
  File "/Users/artem/Desktop/LR5/СosmetologyCenter/venv/lib/python3.13/site-packages/django/utils/functional.py", line 253, in inner
    return func(_wrapped, *args)
  File "/Users/artem/Desktop/LR5/СosmetologyCenter/venv/lib/python3.13/site-packages/django/db/models/fields/related_descriptors.py", line 531, in __get__
    raise self.RelatedObjectDoesNotExist(
    ...<2 lines>...
    )
django.contrib.auth.models.User.client.RelatedObjectDoesNotExist: User has no client.
ERROR 2025-05-26 22:45:00,293 basehttp "GET /dashboard/client/ HTTP/1.1" 500 92644
DEBUG 2025-05-26 22:45:06,831 views Получение последних новостей для главной страницы
INFO 2025-05-26 22:45:06,832 views Начало формирования контекста для главной страницы
DEBUG 2025-05-26 22:45:06,832 views Запрос данных о погоде
DEBUG 2025-05-26 22:45:06,832 views Данные о погоде успешно получены
DEBUG 2025-05-26 22:45:06,832 views Запрос курсов валют
DEBUG 2025-05-26 22:45:07,003 views Данные о курсах валют успешно получены
INFO 2025-05-26 22:45:07,003 views Контекст для главной страницы успешно сформирован
INFO 2025-05-26 22:45:07,015 basehttp "GET / HTTP/1.1" 200 15313
INFO 2025-05-26 22:45:07,036 basehttp "GET /static/css/style.css HTTP/1.1" 304 0
INFO 2025-05-26 22:45:07,037 basehttp "GET /static/img/FotoJet%20(65)-1200.jpg.webp HTTP/1.1" 304 0
INFO 2025-05-26 22:45:11,483 basehttp "POST /logout/ HTTP/1.1" 302 0
DEBUG 2025-05-26 22:45:11,486 views Получение последних новостей для главной страницы
INFO 2025-05-26 22:45:11,486 views Начало формирования контекста для главной страницы
DEBUG 2025-05-26 22:45:11,486 views Запрос данных о погоде
DEBUG 2025-05-26 22:45:11,487 views Данные о погоде успешно получены
DEBUG 2025-05-26 22:45:11,487 views Запрос курсов валют
DEBUG 2025-05-26 22:45:11,594 views Данные о курсах валют успешно получены
INFO 2025-05-26 22:45:11,595 views Контекст для главной страницы успешно сформирован
INFO 2025-05-26 22:45:11,604 basehttp "GET / HTTP/1.1" 200 14233
INFO 2025-05-26 22:45:12,710 basehttp "GET /accounts/login/ HTTP/1.1" 200 3149
INFO 2025-05-26 22:45:25,465 basehttp "POST /accounts/login/ HTTP/1.1" 200 3305
INFO 2025-05-26 22:45:34,091 basehttp "GET /admin/ HTTP/1.1" 302 0
INFO 2025-05-26 22:45:34,100 basehttp "GET /admin/login/?next=/admin/ HTTP/1.1" 200 4173
INFO 2025-05-26 22:45:43,317 basehttp "POST /admin/login/?next=/admin/ HTTP/1.1" 302 0
INFO 2025-05-26 22:45:43,326 basehttp "GET /admin/ HTTP/1.1" 200 19157
INFO 2025-05-26 22:45:47,875 basehttp "GET /admin/core/userprofile/ HTTP/1.1" 200 15648
INFO 2025-05-26 22:45:47,896 basehttp "GET /admin/jsi18n/ HTTP/1.1" 200 3342
INFO 2025-05-26 22:45:50,460 basehttp "GET /admin/core/userprofile/2/change/ HTTP/1.1" 200 51729
INFO 2025-05-26 22:45:50,476 basehttp "GET /admin/jsi18n/ HTTP/1.1" 200 3342
INFO 2025-05-26 22:45:56,739 basehttp "GET /admin/core/ HTTP/1.1" 200 13225
INFO 2025-05-26 22:45:58,557 basehttp "GET /admin/core/client/ HTTP/1.1" 200 16560
INFO 2025-05-26 22:45:58,579 basehttp "GET /admin/jsi18n/ HTTP/1.1" 200 3342
INFO 2025-05-26 22:46:00,744 basehttp "GET /admin/core/client/29/change/ HTTP/1.1" 200 18294
INFO 2025-05-26 22:46:00,764 basehttp "GET /admin/jsi18n/ HTTP/1.1" 200 3342
INFO 2025-05-26 22:46:02,919 basehttp "POST /admin/core/client/29/change/ HTTP/1.1" 302 0
INFO 2025-05-26 22:46:02,934 basehttp "GET /admin/core/client/ HTTP/1.1" 200 16771
INFO 2025-05-26 22:46:02,950 basehttp "GET /admin/jsi18n/ HTTP/1.1" 200 3342
INFO 2025-05-26 22:49:54,525 autoreload /Users/artem/Desktop/LR5/СosmetologyCenter/core/apps.py changed, reloading.
INFO 2025-05-26 22:49:54,957 autoreload Watching for file changes with StatReloader
INFO 2025-05-26 22:50:12,754 autoreload /Users/artem/Desktop/LR5/СosmetologyCenter/core/signals.py changed, reloading.
INFO 2025-05-26 22:50:13,141 autoreload Watching for file changes with StatReloader
WARNING 2025-05-26 22:50:26,087 log Forbidden (CSRF token from POST incorrect.): /accounts/login/
WARNING 2025-05-26 22:50:26,088 basehttp "POST /accounts/login/ HTTP/1.1" 403 2503
WARNING 2025-05-26 22:50:29,136 log Forbidden (CSRF token from POST incorrect.): /accounts/login/
WARNING 2025-05-26 22:50:29,136 basehttp "POST /accounts/login/ HTTP/1.1" 403 2503
DEBUG 2025-05-26 22:50:36,758 views Получение последних новостей для главной страницы
INFO 2025-05-26 22:50:36,759 views Начало формирования контекста для главной страницы
DEBUG 2025-05-26 22:50:36,759 views Запрос данных о погоде
DEBUG 2025-05-26 22:50:36,897 views Данные о погоде успешно получены
DEBUG 2025-05-26 22:50:36,897 views Запрос курсов валют
DEBUG 2025-05-26 22:50:37,004 views Данные о курсах валют успешно получены
INFO 2025-05-26 22:50:37,005 views Контекст для главной страницы успешно сформирован
INFO 2025-05-26 22:50:37,039 basehttp "GET / HTTP/1.1" 200 15313
INFO 2025-05-26 22:50:37,059 basehttp "GET /static/css/style.css HTTP/1.1" 304 0
INFO 2025-05-26 22:50:37,060 basehttp "GET /media/news/1-GettyImages-73096824-67ee7409bb789_NwYwV8X.webp HTTP/1.1" 304 0
INFO 2025-05-26 22:50:39,559 basehttp "POST /logout/ HTTP/1.1" 302 0
DEBUG 2025-05-26 22:50:39,562 views Получение последних новостей для главной страницы
INFO 2025-05-26 22:50:39,563 views Начало формирования контекста для главной страницы
DEBUG 2025-05-26 22:50:39,563 views Запрос данных о погоде
DEBUG 2025-05-26 22:50:39,563 views Данные о погоде успешно получены
DEBUG 2025-05-26 22:50:39,563 views Запрос курсов валют
DEBUG 2025-05-26 22:50:39,675 views Данные о курсах валют успешно получены
INFO 2025-05-26 22:50:39,676 views Контекст для главной страницы успешно сформирован
INFO 2025-05-26 22:50:39,685 basehttp "GET / HTTP/1.1" 200 14233
INFO 2025-05-26 22:50:40,781 basehttp "GET /accounts/login/ HTTP/1.1" 200 3149
INFO 2025-05-26 22:50:41,969 basehttp "GET /signup/ HTTP/1.1" 200 4997
INFO 2025-05-26 22:51:22,422 basehttp "POST /signup/ HTTP/1.1" 302 0
INFO 2025-05-26 22:51:22,427 basehttp "GET /dashboard/ HTTP/1.1" 302 0
DEBUG 2025-05-26 22:51:22,429 views Получение последних новостей для главной страницы
INFO 2025-05-26 22:51:22,429 views Начало формирования контекста для главной страницы
DEBUG 2025-05-26 22:51:22,429 views Запрос данных о погоде
DEBUG 2025-05-26 22:51:22,429 views Данные о погоде успешно получены
DEBUG 2025-05-26 22:51:22,429 views Запрос курсов валют
DEBUG 2025-05-26 22:51:22,530 views Данные о курсах валют успешно получены
INFO 2025-05-26 22:51:22,530 views Контекст для главной страницы успешно сформирован
INFO 2025-05-26 22:51:22,535 basehttp "GET / HTTP/1.1" 200 14233
INFO 2025-05-26 22:51:24,755 basehttp "GET /accounts/login/ HTTP/1.1" 200 3149
INFO 2025-05-26 22:51:35,895 basehttp "POST /accounts/login/ HTTP/1.1" 302 0
INFO 2025-05-26 22:51:35,901 basehttp "GET /dashboard/ HTTP/1.1" 302 0
INFO 2025-05-26 22:51:35,907 basehttp "GET /dashboard/client/ HTTP/1.1" 200 5402
INFO 2025-05-26 22:51:39,061 basehttp "GET /set-timezone/ HTTP/1.1" 200 39428
INFO 2025-05-26 22:51:51,662 basehttp "POST /set-timezone/ HTTP/1.1" 302 0
DEBUG 2025-05-26 22:51:51,669 views Получение последних новостей для главной страницы
INFO 2025-05-26 22:51:51,669 views Начало формирования контекста для главной страницы
DEBUG 2025-05-26 22:51:51,670 views Запрос данных о погоде
DEBUG 2025-05-26 22:51:51,670 views Данные о погоде успешно получены
DEBUG 2025-05-26 22:51:51,670 views Запрос курсов валют
DEBUG 2025-05-26 22:51:51,783 views Данные о курсах валют успешно получены
INFO 2025-05-26 22:51:51,783 views Контекст для главной страницы успешно сформирован
INFO 2025-05-26 22:51:51,796 basehttp "GET / HTTP/1.1" 200 15987
INFO 2025-05-26 22:51:53,762 basehttp "GET /dashboard/client/ HTTP/1.1" 200 5402
INFO 2025-05-26 22:51:55,951 basehttp "GET /services/ HTTP/1.1" 200 14850
INFO 2025-05-26 22:51:58,183 basehttp "GET /service/53/ HTTP/1.1" 200 6210
INFO 2025-05-26 22:52:09,054 basehttp "POST /service/53/book/ HTTP/1.1" 302 0
INFO 2025-05-26 22:52:09,063 basehttp "GET /dashboard/client/ HTTP/1.1" 200 7002
INFO 2025-05-26 22:52:12,748 basehttp "GET /set-timezone/ HTTP/1.1" 200 39428
INFO 2025-05-26 22:52:14,298 basehttp "POST /set-timezone/ HTTP/1.1" 302 0
DEBUG 2025-05-26 22:52:14,303 views Получение последних новостей для главной страницы
INFO 2025-05-26 22:52:14,303 views Начало формирования контекста для главной страницы
DEBUG 2025-05-26 22:52:14,304 views Запрос данных о погоде
DEBUG 2025-05-26 22:52:14,304 views Данные о погоде успешно получены
DEBUG 2025-05-26 22:52:14,304 views Запрос курсов валют
DEBUG 2025-05-26 22:52:14,415 views Данные о курсах валют успешно получены
INFO 2025-05-26 22:52:14,415 views Контекст для главной страницы успешно сформирован
INFO 2025-05-26 22:52:14,423 basehttp "GET / HTTP/1.1" 200 15987
INFO 2025-05-26 22:52:15,798 basehttp "GET /dashboard/client/ HTTP/1.1" 200 7002
INFO 2025-05-26 22:52:21,812 basehttp "POST /logout/ HTTP/1.1" 302 0
DEBUG 2025-05-26 22:52:21,816 views Получение последних новостей для главной страницы
INFO 2025-05-26 22:52:21,816 views Начало формирования контекста для главной страницы
DEBUG 2025-05-26 22:52:21,816 views Запрос данных о погоде
DEBUG 2025-05-26 22:52:21,816 views Данные о погоде успешно получены
DEBUG 2025-05-26 22:52:21,817 views Запрос курсов валют
DEBUG 2025-05-26 22:52:21,936 views Данные о курсах валют успешно получены
INFO 2025-05-26 22:52:21,936 views Контекст для главной страницы успешно сформирован
INFO 2025-05-26 22:52:21,946 basehttp "GET / HTTP/1.1" 200 14233
INFO 2025-05-26 22:52:25,132 basehttp "GET /statistics/ HTTP/1.1" 200 7063
DEBUG 2025-05-26 22:52:32,472 views Получение последних новостей для главной страницы
INFO 2025-05-26 22:52:32,472 views Начало формирования контекста для главной страницы
DEBUG 2025-05-26 22:52:32,473 views Запрос данных о погоде
DEBUG 2025-05-26 22:52:32,473 views Данные о погоде успешно получены
DEBUG 2025-05-26 22:52:32,473 views Запрос курсов валют
DEBUG 2025-05-26 22:52:32,592 views Данные о курсах валют успешно получены
INFO 2025-05-26 22:52:32,592 views Контекст для главной страницы успешно сформирован
INFO 2025-05-26 22:52:32,602 basehttp "GET / HTTP/1.1" 200 14233
INFO 2025-05-26 22:52:34,410 basehttp "GET /accounts/login/ HTTP/1.1" 200 3149
INFO 2025-05-26 22:52:47,337 basehttp "POST /accounts/login/ HTTP/1.1" 302 0
INFO 2025-05-26 22:52:47,347 basehttp "GET /dashboard/ HTTP/1.1" 302 0
INFO 2025-05-26 22:52:47,356 basehttp "GET /dashboard/client/ HTTP/1.1" 200 13931
INFO 2025-05-26 22:52:53,271 basehttp "GET /admin/core/ HTTP/1.1" 302 0
INFO 2025-05-26 22:52:53,285 basehttp "GET /admin/login/?next=/admin/core/ HTTP/1.1" 200 3696
INFO 2025-05-26 22:53:02,680 basehttp "POST /admin/login/?next=/admin/core/ HTTP/1.1" 302 0
INFO 2025-05-26 22:53:02,691 basehttp "GET /admin/core/ HTTP/1.1" 200 13225
INFO 2025-05-26 22:53:06,219 basehttp "GET /admin/core/appointment/ HTTP/1.1" 200 18449
INFO 2025-05-26 22:53:06,242 basehttp "GET /admin/jsi18n/ HTTP/1.1" 200 3342
INFO 2025-05-26 22:53:08,214 basehttp "GET /admin/core/appointment/47/change/ HTTP/1.1" 200 23018
INFO 2025-05-26 22:53:08,234 basehttp "GET /admin/jsi18n/ HTTP/1.1" 200 3342
INFO 2025-05-26 22:53:11,155 basehttp "POST /admin/core/appointment/47/change/ HTTP/1.1" 302 0
INFO 2025-05-26 22:53:11,180 basehttp "GET /admin/core/appointment/ HTTP/1.1" 200 18732
INFO 2025-05-26 22:53:11,196 basehttp "GET /admin/jsi18n/ HTTP/1.1" 200 3342
ERROR 2025-05-26 22:53:17,234 log Internal Server Error: /dashboard/client/
Traceback (most recent call last):
  File "/Users/artem/Desktop/LR5/СosmetologyCenter/venv/lib/python3.13/site-packages/django/core/handlers/exception.py", line 55, in inner
    response = get_response(request)
  File "/Users/artem/Desktop/LR5/СosmetologyCenter/venv/lib/python3.13/site-packages/django/core/handlers/base.py", line 197, in _get_response
    response = wrapped_callback(request, *callback_args, **callback_kwargs)
  File "/Users/artem/Desktop/LR5/СosmetologyCenter/venv/lib/python3.13/site-packages/django/views/generic/base.py", line 104, in view
    return self.dispatch(request, *args, **kwargs)
           ~~~~~~~~~~~~~^^^^^^^^^^^^^^^^^^^^^^^^^^
  File "/Users/artem/Desktop/LR5/СosmetologyCenter/venv/lib/python3.13/site-packages/django/contrib/auth/mixins.py", line 73, in dispatch
    return super().dispatch(request, *args, **kwargs)
           ~~~~~~~~~~~~~~~~^^^^^^^^^^^^^^^^^^^^^^^^^^
  File "/Users/artem/Desktop/LR5/СosmetologyCenter/venv/lib/python3.13/site-packages/django/views/generic/base.py", line 143, in dispatch
    return handler(request, *args, **kwargs)
  File "/Users/artem/Desktop/LR5/СosmetologyCenter/venv/lib/python3.13/site-packages/django/views/generic/base.py", line 226, in get
    context = self.get_context_data(**kwargs)
  File "/Users/artem/Desktop/LR5/СosmetologyCenter/core/views.py", line 255, in get_context_data
    client=self.request.user.client
           ^^^^^^^^^^^^^^^^^^^^^^^^
  File "/Users/artem/Desktop/LR5/СosmetologyCenter/venv/lib/python3.13/site-packages/django/utils/functional.py", line 253, in inner
    return func(_wrapped, *args)
  File "/Users/artem/Desktop/LR5/СosmetologyCenter/venv/lib/python3.13/site-packages/django/db/models/fields/related_descriptors.py", line 531, in __get__
    raise self.RelatedObjectDoesNotExist(
    ...<2 lines>...
    )
django.contrib.auth.models.User.client.RelatedObjectDoesNotExist: User has no client.
ERROR 2025-05-26 22:53:17,239 basehttp "GET /dashboard/client/ HTTP/1.1" 500 92507
ERROR 2025-05-26 22:53:20,800 log Internal Server Error: /dashboard/client/
Traceback (most recent call last):
  File "/Users/artem/Desktop/LR5/СosmetologyCenter/venv/lib/python3.13/site-packages/django/core/handlers/exception.py", line 55, in inner
    response = get_response(request)
  File "/Users/artem/Desktop/LR5/СosmetologyCenter/venv/lib/python3.13/site-packages/django/core/handlers/base.py", line 197, in _get_response
    response = wrapped_callback(request, *callback_args, **callback_kwargs)
  File "/Users/artem/Desktop/LR5/СosmetologyCenter/venv/lib/python3.13/site-packages/django/views/generic/base.py", line 104, in view
    return self.dispatch(request, *args, **kwargs)
           ~~~~~~~~~~~~~^^^^^^^^^^^^^^^^^^^^^^^^^^
  File "/Users/artem/Desktop/LR5/СosmetologyCenter/venv/lib/python3.13/site-packages/django/contrib/auth/mixins.py", line 73, in dispatch
    return super().dispatch(request, *args, **kwargs)
           ~~~~~~~~~~~~~~~~^^^^^^^^^^^^^^^^^^^^^^^^^^
  File "/Users/artem/Desktop/LR5/СosmetologyCenter/venv/lib/python3.13/site-packages/django/views/generic/base.py", line 143, in dispatch
    return handler(request, *args, **kwargs)
  File "/Users/artem/Desktop/LR5/СosmetologyCenter/venv/lib/python3.13/site-packages/django/views/generic/base.py", line 226, in get
    context = self.get_context_data(**kwargs)
  File "/Users/artem/Desktop/LR5/СosmetologyCenter/core/views.py", line 255, in get_context_data
    client=self.request.user.client
           ^^^^^^^^^^^^^^^^^^^^^^^^
  File "/Users/artem/Desktop/LR5/СosmetologyCenter/venv/lib/python3.13/site-packages/django/utils/functional.py", line 253, in inner
    return func(_wrapped, *args)
  File "/Users/artem/Desktop/LR5/СosmetologyCenter/venv/lib/python3.13/site-packages/django/db/models/fields/related_descriptors.py", line 531, in __get__
    raise self.RelatedObjectDoesNotExist(
    ...<2 lines>...
    )
django.contrib.auth.models.User.client.RelatedObjectDoesNotExist: User has no client.
ERROR 2025-05-26 22:53:20,802 basehttp "GET /dashboard/client/ HTTP/1.1" 500 92644
ERROR 2025-05-26 22:53:21,538 log Internal Server Error: /dashboard/client/
Traceback (most recent call last):
  File "/Users/artem/Desktop/LR5/СosmetologyCenter/venv/lib/python3.13/site-packages/django/core/handlers/exception.py", line 55, in inner
    response = get_response(request)
  File "/Users/artem/Desktop/LR5/СosmetologyCenter/venv/lib/python3.13/site-packages/django/core/handlers/base.py", line 197, in _get_response
    response = wrapped_callback(request, *callback_args, **callback_kwargs)
  File "/Users/artem/Desktop/LR5/СosmetologyCenter/venv/lib/python3.13/site-packages/django/views/generic/base.py", line 104, in view
    return self.dispatch(request, *args, **kwargs)
           ~~~~~~~~~~~~~^^^^^^^^^^^^^^^^^^^^^^^^^^
  File "/Users/artem/Desktop/LR5/СosmetologyCenter/venv/lib/python3.13/site-packages/django/contrib/auth/mixins.py", line 73, in dispatch
    return super().dispatch(request, *args, **kwargs)
           ~~~~~~~~~~~~~~~~^^^^^^^^^^^^^^^^^^^^^^^^^^
  File "/Users/artem/Desktop/LR5/СosmetologyCenter/venv/lib/python3.13/site-packages/django/views/generic/base.py", line 143, in dispatch
    return handler(request, *args, **kwargs)
  File "/Users/artem/Desktop/LR5/СosmetologyCenter/venv/lib/python3.13/site-packages/django/views/generic/base.py", line 226, in get
    context = self.get_context_data(**kwargs)
  File "/Users/artem/Desktop/LR5/СosmetologyCenter/core/views.py", line 255, in get_context_data
    client=self.request.user.client
           ^^^^^^^^^^^^^^^^^^^^^^^^
  File "/Users/artem/Desktop/LR5/СosmetologyCenter/venv/lib/python3.13/site-packages/django/utils/functional.py", line 253, in inner
    return func(_wrapped, *args)
  File "/Users/artem/Desktop/LR5/СosmetologyCenter/venv/lib/python3.13/site-packages/django/db/models/fields/related_descriptors.py", line 531, in __get__
    raise self.RelatedObjectDoesNotExist(
    ...<2 lines>...
    )
django.contrib.auth.models.User.client.RelatedObjectDoesNotExist: User has no client.
ERROR 2025-05-26 22:53:21,540 basehttp "GET /dashboard/client/ HTTP/1.1" 500 92644
ERROR 2025-05-26 22:53:22,084 log Internal Server Error: /dashboard/client/
Traceback (most recent call last):
  File "/Users/artem/Desktop/LR5/СosmetologyCenter/venv/lib/python3.13/site-packages/django/core/handlers/exception.py", line 55, in inner
    response = get_response(request)
  File "/Users/artem/Desktop/LR5/СosmetologyCenter/venv/lib/python3.13/site-packages/django/core/handlers/base.py", line 197, in _get_response
    response = wrapped_callback(request, *callback_args, **callback_kwargs)
  File "/Users/artem/Desktop/LR5/СosmetologyCenter/venv/lib/python3.13/site-packages/django/views/generic/base.py", line 104, in view
    return self.dispatch(request, *args, **kwargs)
           ~~~~~~~~~~~~~^^^^^^^^^^^^^^^^^^^^^^^^^^
  File "/Users/artem/Desktop/LR5/СosmetologyCenter/venv/lib/python3.13/site-packages/django/contrib/auth/mixins.py", line 73, in dispatch
    return super().dispatch(request, *args, **kwargs)
           ~~~~~~~~~~~~~~~~^^^^^^^^^^^^^^^^^^^^^^^^^^
  File "/Users/artem/Desktop/LR5/СosmetologyCenter/venv/lib/python3.13/site-packages/django/views/generic/base.py", line 143, in dispatch
    return handler(request, *args, **kwargs)
  File "/Users/artem/Desktop/LR5/СosmetologyCenter/venv/lib/python3.13/site-packages/django/views/generic/base.py", line 226, in get
    context = self.get_context_data(**kwargs)
  File "/Users/artem/Desktop/LR5/СosmetologyCenter/core/views.py", line 255, in get_context_data
    client=self.request.user.client
           ^^^^^^^^^^^^^^^^^^^^^^^^
  File "/Users/artem/Desktop/LR5/СosmetologyCenter/venv/lib/python3.13/site-packages/django/utils/functional.py", line 253, in inner
    return func(_wrapped, *args)
  File "/Users/artem/Desktop/LR5/СosmetologyCenter/venv/lib/python3.13/site-packages/django/db/models/fields/related_descriptors.py", line 531, in __get__
    raise self.RelatedObjectDoesNotExist(
    ...<2 lines>...
    )
django.contrib.auth.models.User.client.RelatedObjectDoesNotExist: User has no client.
ERROR 2025-05-26 22:53:22,085 basehttp "GET /dashboard/client/ HTTP/1.1" 500 92644
ERROR 2025-05-26 22:53:22,280 log Internal Server Error: /dashboard/client/
Traceback (most recent call last):
  File "/Users/artem/Desktop/LR5/СosmetologyCenter/venv/lib/python3.13/site-packages/django/core/handlers/exception.py", line 55, in inner
    response = get_response(request)
  File "/Users/artem/Desktop/LR5/СosmetologyCenter/venv/lib/python3.13/site-packages/django/core/handlers/base.py", line 197, in _get_response
    response = wrapped_callback(request, *callback_args, **callback_kwargs)
  File "/Users/artem/Desktop/LR5/СosmetologyCenter/venv/lib/python3.13/site-packages/django/views/generic/base.py", line 104, in view
    return self.dispatch(request, *args, **kwargs)
           ~~~~~~~~~~~~~^^^^^^^^^^^^^^^^^^^^^^^^^^
  File "/Users/artem/Desktop/LR5/СosmetologyCenter/venv/lib/python3.13/site-packages/django/contrib/auth/mixins.py", line 73, in dispatch
    return super().dispatch(request, *args, **kwargs)
           ~~~~~~~~~~~~~~~~^^^^^^^^^^^^^^^^^^^^^^^^^^
  File "/Users/artem/Desktop/LR5/СosmetologyCenter/venv/lib/python3.13/site-packages/django/views/generic/base.py", line 143, in dispatch
    return handler(request, *args, **kwargs)
  File "/Users/artem/Desktop/LR5/СosmetologyCenter/venv/lib/python3.13/site-packages/django/views/generic/base.py", line 226, in get
    context = self.get_context_data(**kwargs)
  File "/Users/artem/Desktop/LR5/СosmetologyCenter/core/views.py", line 255, in get_context_data
    client=self.request.user.client
           ^^^^^^^^^^^^^^^^^^^^^^^^
  File "/Users/artem/Desktop/LR5/СosmetologyCenter/venv/lib/python3.13/site-packages/django/utils/functional.py", line 253, in inner
    return func(_wrapped, *args)
  File "/Users/artem/Desktop/LR5/СosmetologyCenter/venv/lib/python3.13/site-packages/django/db/models/fields/related_descriptors.py", line 531, in __get__
    raise self.RelatedObjectDoesNotExist(
    ...<2 lines>...
    )
django.contrib.auth.models.User.client.RelatedObjectDoesNotExist: User has no client.
ERROR 2025-05-26 22:53:22,282 basehttp "GET /dashboard/client/ HTTP/1.1" 500 92644
ERROR 2025-05-26 22:53:22,587 log Internal Server Error: /dashboard/client/
Traceback (most recent call last):
  File "/Users/artem/Desktop/LR5/СosmetologyCenter/venv/lib/python3.13/site-packages/django/core/handlers/exception.py", line 55, in inner
    response = get_response(request)
  File "/Users/artem/Desktop/LR5/СosmetologyCenter/venv/lib/python3.13/site-packages/django/core/handlers/base.py", line 197, in _get_response
    response = wrapped_callback(request, *callback_args, **callback_kwargs)
  File "/Users/artem/Desktop/LR5/СosmetologyCenter/venv/lib/python3.13/site-packages/django/views/generic/base.py", line 104, in view
    return self.dispatch(request, *args, **kwargs)
           ~~~~~~~~~~~~~^^^^^^^^^^^^^^^^^^^^^^^^^^
  File "/Users/artem/Desktop/LR5/СosmetologyCenter/venv/lib/python3.13/site-packages/django/contrib/auth/mixins.py", line 73, in dispatch
    return super().dispatch(request, *args, **kwargs)
           ~~~~~~~~~~~~~~~~^^^^^^^^^^^^^^^^^^^^^^^^^^
  File "/Users/artem/Desktop/LR5/СosmetologyCenter/venv/lib/python3.13/site-packages/django/views/generic/base.py", line 143, in dispatch
    return handler(request, *args, **kwargs)
  File "/Users/artem/Desktop/LR5/СosmetologyCenter/venv/lib/python3.13/site-packages/django/views/generic/base.py", line 226, in get
    context = self.get_context_data(**kwargs)
  File "/Users/artem/Desktop/LR5/СosmetologyCenter/core/views.py", line 255, in get_context_data
    client=self.request.user.client
           ^^^^^^^^^^^^^^^^^^^^^^^^
  File "/Users/artem/Desktop/LR5/СosmetologyCenter/venv/lib/python3.13/site-packages/django/utils/functional.py", line 253, in inner
    return func(_wrapped, *args)
  File "/Users/artem/Desktop/LR5/СosmetologyCenter/venv/lib/python3.13/site-packages/django/db/models/fields/related_descriptors.py", line 531, in __get__
    raise self.RelatedObjectDoesNotExist(
    ...<2 lines>...
    )
django.contrib.auth.models.User.client.RelatedObjectDoesNotExist: User has no client.
ERROR 2025-05-26 22:53:22,588 basehttp "GET /dashboard/client/ HTTP/1.1" 500 92644
ERROR 2025-05-26 22:53:23,012 log Internal Server Error: /dashboard/client/
Traceback (most recent call last):
  File "/Users/artem/Desktop/LR5/СosmetologyCenter/venv/lib/python3.13/site-packages/django/core/handlers/exception.py", line 55, in inner
    response = get_response(request)
  File "/Users/artem/Desktop/LR5/СosmetologyCenter/venv/lib/python3.13/site-packages/django/core/handlers/base.py", line 197, in _get_response
    response = wrapped_callback(request, *callback_args, **callback_kwargs)
  File "/Users/artem/Desktop/LR5/СosmetologyCenter/venv/lib/python3.13/site-packages/django/views/generic/base.py", line 104, in view
    return self.dispatch(request, *args, **kwargs)
           ~~~~~~~~~~~~~^^^^^^^^^^^^^^^^^^^^^^^^^^
  File "/Users/artem/Desktop/LR5/СosmetologyCenter/venv/lib/python3.13/site-packages/django/contrib/auth/mixins.py", line 73, in dispatch
    return super().dispatch(request, *args, **kwargs)
           ~~~~~~~~~~~~~~~~^^^^^^^^^^^^^^^^^^^^^^^^^^
  File "/Users/artem/Desktop/LR5/СosmetologyCenter/venv/lib/python3.13/site-packages/django/views/generic/base.py", line 143, in dispatch
    return handler(request, *args, **kwargs)
  File "/Users/artem/Desktop/LR5/СosmetologyCenter/venv/lib/python3.13/site-packages/django/views/generic/base.py", line 226, in get
    context = self.get_context_data(**kwargs)
  File "/Users/artem/Desktop/LR5/СosmetologyCenter/core/views.py", line 255, in get_context_data
    client=self.request.user.client
           ^^^^^^^^^^^^^^^^^^^^^^^^
  File "/Users/artem/Desktop/LR5/СosmetologyCenter/venv/lib/python3.13/site-packages/django/utils/functional.py", line 253, in inner
    return func(_wrapped, *args)
  File "/Users/artem/Desktop/LR5/СosmetologyCenter/venv/lib/python3.13/site-packages/django/db/models/fields/related_descriptors.py", line 531, in __get__
    raise self.RelatedObjectDoesNotExist(
    ...<2 lines>...
    )
django.contrib.auth.models.User.client.RelatedObjectDoesNotExist: User has no client.
ERROR 2025-05-26 22:53:23,013 basehttp "GET /dashboard/client/ HTTP/1.1" 500 92644
ERROR 2025-05-26 22:53:23,196 log Internal Server Error: /dashboard/client/
Traceback (most recent call last):
  File "/Users/artem/Desktop/LR5/СosmetologyCenter/venv/lib/python3.13/site-packages/django/core/handlers/exception.py", line 55, in inner
    response = get_response(request)
  File "/Users/artem/Desktop/LR5/СosmetologyCenter/venv/lib/python3.13/site-packages/django/core/handlers/base.py", line 197, in _get_response
    response = wrapped_callback(request, *callback_args, **callback_kwargs)
  File "/Users/artem/Desktop/LR5/СosmetologyCenter/venv/lib/python3.13/site-packages/django/views/generic/base.py", line 104, in view
    return self.dispatch(request, *args, **kwargs)
           ~~~~~~~~~~~~~^^^^^^^^^^^^^^^^^^^^^^^^^^
  File "/Users/artem/Desktop/LR5/СosmetologyCenter/venv/lib/python3.13/site-packages/django/contrib/auth/mixins.py", line 73, in dispatch
    return super().dispatch(request, *args, **kwargs)
           ~~~~~~~~~~~~~~~~^^^^^^^^^^^^^^^^^^^^^^^^^^
  File "/Users/artem/Desktop/LR5/СosmetologyCenter/venv/lib/python3.13/site-packages/django/views/generic/base.py", line 143, in dispatch
    return handler(request, *args, **kwargs)
  File "/Users/artem/Desktop/LR5/СosmetologyCenter/venv/lib/python3.13/site-packages/django/views/generic/base.py", line 226, in get
    context = self.get_context_data(**kwargs)
  File "/Users/artem/Desktop/LR5/СosmetologyCenter/core/views.py", line 255, in get_context_data
    client=self.request.user.client
           ^^^^^^^^^^^^^^^^^^^^^^^^
  File "/Users/artem/Desktop/LR5/СosmetologyCenter/venv/lib/python3.13/site-packages/django/utils/functional.py", line 253, in inner
    return func(_wrapped, *args)
  File "/Users/artem/Desktop/LR5/СosmetologyCenter/venv/lib/python3.13/site-packages/django/db/models/fields/related_descriptors.py", line 531, in __get__
    raise self.RelatedObjectDoesNotExist(
    ...<2 lines>...
    )
django.contrib.auth.models.User.client.RelatedObjectDoesNotExist: User has no client.
ERROR 2025-05-26 22:53:23,197 basehttp "GET /dashboard/client/ HTTP/1.1" 500 92644
ERROR 2025-05-26 22:53:23,379 log Internal Server Error: /dashboard/client/
Traceback (most recent call last):
  File "/Users/artem/Desktop/LR5/СosmetologyCenter/venv/lib/python3.13/site-packages/django/core/handlers/exception.py", line 55, in inner
    response = get_response(request)
  File "/Users/artem/Desktop/LR5/СosmetologyCenter/venv/lib/python3.13/site-packages/django/core/handlers/base.py", line 197, in _get_response
    response = wrapped_callback(request, *callback_args, **callback_kwargs)
  File "/Users/artem/Desktop/LR5/СosmetologyCenter/venv/lib/python3.13/site-packages/django/views/generic/base.py", line 104, in view
    return self.dispatch(request, *args, **kwargs)
           ~~~~~~~~~~~~~^^^^^^^^^^^^^^^^^^^^^^^^^^
  File "/Users/artem/Desktop/LR5/СosmetologyCenter/venv/lib/python3.13/site-packages/django/contrib/auth/mixins.py", line 73, in dispatch
    return super().dispatch(request, *args, **kwargs)
           ~~~~~~~~~~~~~~~~^^^^^^^^^^^^^^^^^^^^^^^^^^
  File "/Users/artem/Desktop/LR5/СosmetologyCenter/venv/lib/python3.13/site-packages/django/views/generic/base.py", line 143, in dispatch
    return handler(request, *args, **kwargs)
  File "/Users/artem/Desktop/LR5/СosmetologyCenter/venv/lib/python3.13/site-packages/django/views/generic/base.py", line 226, in get
    context = self.get_context_data(**kwargs)
  File "/Users/artem/Desktop/LR5/СosmetologyCenter/core/views.py", line 255, in get_context_data
    client=self.request.user.client
           ^^^^^^^^^^^^^^^^^^^^^^^^
  File "/Users/artem/Desktop/LR5/СosmetologyCenter/venv/lib/python3.13/site-packages/django/utils/functional.py", line 253, in inner
    return func(_wrapped, *args)
  File "/Users/artem/Desktop/LR5/СosmetologyCenter/venv/lib/python3.13/site-packages/django/db/models/fields/related_descriptors.py", line 531, in __get__
    raise self.RelatedObjectDoesNotExist(
    ...<2 lines>...
    )
django.contrib.auth.models.User.client.RelatedObjectDoesNotExist: User has no client.
ERROR 2025-05-26 22:53:23,380 basehttp "GET /dashboard/client/ HTTP/1.1" 500 92644
ERROR 2025-05-26 22:53:23,563 log Internal Server Error: /dashboard/client/
Traceback (most recent call last):
  File "/Users/artem/Desktop/LR5/СosmetologyCenter/venv/lib/python3.13/site-packages/django/core/handlers/exception.py", line 55, in inner
    response = get_response(request)
  File "/Users/artem/Desktop/LR5/СosmetologyCenter/venv/lib/python3.13/site-packages/django/core/handlers/base.py", line 197, in _get_response
    response = wrapped_callback(request, *callback_args, **callback_kwargs)
  File "/Users/artem/Desktop/LR5/СosmetologyCenter/venv/lib/python3.13/site-packages/django/views/generic/base.py", line 104, in view
    return self.dispatch(request, *args, **kwargs)
           ~~~~~~~~~~~~~^^^^^^^^^^^^^^^^^^^^^^^^^^
  File "/Users/artem/Desktop/LR5/СosmetologyCenter/venv/lib/python3.13/site-packages/django/contrib/auth/mixins.py", line 73, in dispatch
    return super().dispatch(request, *args, **kwargs)
           ~~~~~~~~~~~~~~~~^^^^^^^^^^^^^^^^^^^^^^^^^^
  File "/Users/artem/Desktop/LR5/СosmetologyCenter/venv/lib/python3.13/site-packages/django/views/generic/base.py", line 143, in dispatch
    return handler(request, *args, **kwargs)
  File "/Users/artem/Desktop/LR5/СosmetologyCenter/venv/lib/python3.13/site-packages/django/views/generic/base.py", line 226, in get
    context = self.get_context_data(**kwargs)
  File "/Users/artem/Desktop/LR5/СosmetologyCenter/core/views.py", line 255, in get_context_data
    client=self.request.user.client
           ^^^^^^^^^^^^^^^^^^^^^^^^
  File "/Users/artem/Desktop/LR5/СosmetologyCenter/venv/lib/python3.13/site-packages/django/utils/functional.py", line 253, in inner
    return func(_wrapped, *args)
  File "/Users/artem/Desktop/LR5/СosmetologyCenter/venv/lib/python3.13/site-packages/django/db/models/fields/related_descriptors.py", line 531, in __get__
    raise self.RelatedObjectDoesNotExist(
    ...<2 lines>...
    )
django.contrib.auth.models.User.client.RelatedObjectDoesNotExist: User has no client.
ERROR 2025-05-26 22:53:23,564 basehttp "GET /dashboard/client/ HTTP/1.1" 500 92644
ERROR 2025-05-26 22:53:23,782 log Internal Server Error: /dashboard/client/
Traceback (most recent call last):
  File "/Users/artem/Desktop/LR5/СosmetologyCenter/venv/lib/python3.13/site-packages/django/core/handlers/exception.py", line 55, in inner
    response = get_response(request)
  File "/Users/artem/Desktop/LR5/СosmetologyCenter/venv/lib/python3.13/site-packages/django/core/handlers/base.py", line 197, in _get_response
    response = wrapped_callback(request, *callback_args, **callback_kwargs)
  File "/Users/artem/Desktop/LR5/СosmetologyCenter/venv/lib/python3.13/site-packages/django/views/generic/base.py", line 104, in view
    return self.dispatch(request, *args, **kwargs)
           ~~~~~~~~~~~~~^^^^^^^^^^^^^^^^^^^^^^^^^^
  File "/Users/artem/Desktop/LR5/СosmetologyCenter/venv/lib/python3.13/site-packages/django/contrib/auth/mixins.py", line 73, in dispatch
    return super().dispatch(request, *args, **kwargs)
           ~~~~~~~~~~~~~~~~^^^^^^^^^^^^^^^^^^^^^^^^^^
  File "/Users/artem/Desktop/LR5/СosmetologyCenter/venv/lib/python3.13/site-packages/django/views/generic/base.py", line 143, in dispatch
    return handler(request, *args, **kwargs)
  File "/Users/artem/Desktop/LR5/СosmetologyCenter/venv/lib/python3.13/site-packages/django/views/generic/base.py", line 226, in get
    context = self.get_context_data(**kwargs)
  File "/Users/artem/Desktop/LR5/СosmetologyCenter/core/views.py", line 255, in get_context_data
    client=self.request.user.client
           ^^^^^^^^^^^^^^^^^^^^^^^^
  File "/Users/artem/Desktop/LR5/СosmetologyCenter/venv/lib/python3.13/site-packages/django/utils/functional.py", line 253, in inner
    return func(_wrapped, *args)
  File "/Users/artem/Desktop/LR5/СosmetologyCenter/venv/lib/python3.13/site-packages/django/db/models/fields/related_descriptors.py", line 531, in __get__
    raise self.RelatedObjectDoesNotExist(
    ...<2 lines>...
    )
django.contrib.auth.models.User.client.RelatedObjectDoesNotExist: User has no client.
ERROR 2025-05-26 22:53:23,783 basehttp "GET /dashboard/client/ HTTP/1.1" 500 92644
ERROR 2025-05-26 22:53:23,988 log Internal Server Error: /dashboard/client/
Traceback (most recent call last):
  File "/Users/artem/Desktop/LR5/СosmetologyCenter/venv/lib/python3.13/site-packages/django/core/handlers/exception.py", line 55, in inner
    response = get_response(request)
  File "/Users/artem/Desktop/LR5/СosmetologyCenter/venv/lib/python3.13/site-packages/django/core/handlers/base.py", line 197, in _get_response
    response = wrapped_callback(request, *callback_args, **callback_kwargs)
  File "/Users/artem/Desktop/LR5/СosmetologyCenter/venv/lib/python3.13/site-packages/django/views/generic/base.py", line 104, in view
    return self.dispatch(request, *args, **kwargs)
           ~~~~~~~~~~~~~^^^^^^^^^^^^^^^^^^^^^^^^^^
  File "/Users/artem/Desktop/LR5/СosmetologyCenter/venv/lib/python3.13/site-packages/django/contrib/auth/mixins.py", line 73, in dispatch
    return super().dispatch(request, *args, **kwargs)
           ~~~~~~~~~~~~~~~~^^^^^^^^^^^^^^^^^^^^^^^^^^
  File "/Users/artem/Desktop/LR5/СosmetologyCenter/venv/lib/python3.13/site-packages/django/views/generic/base.py", line 143, in dispatch
    return handler(request, *args, **kwargs)
  File "/Users/artem/Desktop/LR5/СosmetologyCenter/venv/lib/python3.13/site-packages/django/views/generic/base.py", line 226, in get
    context = self.get_context_data(**kwargs)
  File "/Users/artem/Desktop/LR5/СosmetologyCenter/core/views.py", line 255, in get_context_data
    client=self.request.user.client
           ^^^^^^^^^^^^^^^^^^^^^^^^
  File "/Users/artem/Desktop/LR5/СosmetologyCenter/venv/lib/python3.13/site-packages/django/utils/functional.py", line 253, in inner
    return func(_wrapped, *args)
  File "/Users/artem/Desktop/LR5/СosmetologyCenter/venv/lib/python3.13/site-packages/django/db/models/fields/related_descriptors.py", line 531, in __get__
    raise self.RelatedObjectDoesNotExist(
    ...<2 lines>...
    )
django.contrib.auth.models.User.client.RelatedObjectDoesNotExist: User has no client.
ERROR 2025-05-26 22:53:23,989 basehttp "GET /dashboard/client/ HTTP/1.1" 500 92644
ERROR 2025-05-26 22:53:24,145 log Internal Server Error: /dashboard/client/
Traceback (most recent call last):
  File "/Users/artem/Desktop/LR5/СosmetologyCenter/venv/lib/python3.13/site-packages/django/core/handlers/exception.py", line 55, in inner
    response = get_response(request)
  File "/Users/artem/Desktop/LR5/СosmetologyCenter/venv/lib/python3.13/site-packages/django/core/handlers/base.py", line 197, in _get_response
    response = wrapped_callback(request, *callback_args, **callback_kwargs)
  File "/Users/artem/Desktop/LR5/СosmetologyCenter/venv/lib/python3.13/site-packages/django/views/generic/base.py", line 104, in view
    return self.dispatch(request, *args, **kwargs)
           ~~~~~~~~~~~~~^^^^^^^^^^^^^^^^^^^^^^^^^^
  File "/Users/artem/Desktop/LR5/СosmetologyCenter/venv/lib/python3.13/site-packages/django/contrib/auth/mixins.py", line 73, in dispatch
    return super().dispatch(request, *args, **kwargs)
           ~~~~~~~~~~~~~~~~^^^^^^^^^^^^^^^^^^^^^^^^^^
  File "/Users/artem/Desktop/LR5/СosmetologyCenter/venv/lib/python3.13/site-packages/django/views/generic/base.py", line 143, in dispatch
    return handler(request, *args, **kwargs)
  File "/Users/artem/Desktop/LR5/СosmetologyCenter/venv/lib/python3.13/site-packages/django/views/generic/base.py", line 226, in get
    context = self.get_context_data(**kwargs)
  File "/Users/artem/Desktop/LR5/СosmetologyCenter/core/views.py", line 255, in get_context_data
    client=self.request.user.client
           ^^^^^^^^^^^^^^^^^^^^^^^^
  File "/Users/artem/Desktop/LR5/СosmetologyCenter/venv/lib/python3.13/site-packages/django/utils/functional.py", line 253, in inner
    return func(_wrapped, *args)
  File "/Users/artem/Desktop/LR5/СosmetologyCenter/venv/lib/python3.13/site-packages/django/db/models/fields/related_descriptors.py", line 531, in __get__
    raise self.RelatedObjectDoesNotExist(
    ...<2 lines>...
    )
django.contrib.auth.models.User.client.RelatedObjectDoesNotExist: User has no client.
ERROR 2025-05-26 22:53:24,146 basehttp "GET /dashboard/client/ HTTP/1.1" 500 92644
ERROR 2025-05-26 22:53:24,413 log Internal Server Error: /dashboard/client/
Traceback (most recent call last):
  File "/Users/artem/Desktop/LR5/СosmetologyCenter/venv/lib/python3.13/site-packages/django/core/handlers/exception.py", line 55, in inner
    response = get_response(request)
  File "/Users/artem/Desktop/LR5/СosmetologyCenter/venv/lib/python3.13/site-packages/django/core/handlers/base.py", line 197, in _get_response
    response = wrapped_callback(request, *callback_args, **callback_kwargs)
  File "/Users/artem/Desktop/LR5/СosmetologyCenter/venv/lib/python3.13/site-packages/django/views/generic/base.py", line 104, in view
    return self.dispatch(request, *args, **kwargs)
           ~~~~~~~~~~~~~^^^^^^^^^^^^^^^^^^^^^^^^^^
  File "/Users/artem/Desktop/LR5/СosmetologyCenter/venv/lib/python3.13/site-packages/django/contrib/auth/mixins.py", line 73, in dispatch
    return super().dispatch(request, *args, **kwargs)
           ~~~~~~~~~~~~~~~~^^^^^^^^^^^^^^^^^^^^^^^^^^
  File "/Users/artem/Desktop/LR5/СosmetologyCenter/venv/lib/python3.13/site-packages/django/views/generic/base.py", line 143, in dispatch
    return handler(request, *args, **kwargs)
  File "/Users/artem/Desktop/LR5/СosmetologyCenter/venv/lib/python3.13/site-packages/django/views/generic/base.py", line 226, in get
    context = self.get_context_data(**kwargs)
  File "/Users/artem/Desktop/LR5/СosmetologyCenter/core/views.py", line 255, in get_context_data
    client=self.request.user.client
           ^^^^^^^^^^^^^^^^^^^^^^^^
  File "/Users/artem/Desktop/LR5/СosmetologyCenter/venv/lib/python3.13/site-packages/django/utils/functional.py", line 253, in inner
    return func(_wrapped, *args)
  File "/Users/artem/Desktop/LR5/СosmetologyCenter/venv/lib/python3.13/site-packages/django/db/models/fields/related_descriptors.py", line 531, in __get__
    raise self.RelatedObjectDoesNotExist(
    ...<2 lines>...
    )
django.contrib.auth.models.User.client.RelatedObjectDoesNotExist: User has no client.
ERROR 2025-05-26 22:53:24,414 basehttp "GET /dashboard/client/ HTTP/1.1" 500 92644
ERROR 2025-05-26 22:53:24,569 log Internal Server Error: /dashboard/client/
Traceback (most recent call last):
  File "/Users/artem/Desktop/LR5/СosmetologyCenter/venv/lib/python3.13/site-packages/django/core/handlers/exception.py", line 55, in inner
    response = get_response(request)
  File "/Users/artem/Desktop/LR5/СosmetologyCenter/venv/lib/python3.13/site-packages/django/core/handlers/base.py", line 197, in _get_response
    response = wrapped_callback(request, *callback_args, **callback_kwargs)
  File "/Users/artem/Desktop/LR5/СosmetologyCenter/venv/lib/python3.13/site-packages/django/views/generic/base.py", line 104, in view
    return self.dispatch(request, *args, **kwargs)
           ~~~~~~~~~~~~~^^^^^^^^^^^^^^^^^^^^^^^^^^
  File "/Users/artem/Desktop/LR5/СosmetologyCenter/venv/lib/python3.13/site-packages/django/contrib/auth/mixins.py", line 73, in dispatch
    return super().dispatch(request, *args, **kwargs)
           ~~~~~~~~~~~~~~~~^^^^^^^^^^^^^^^^^^^^^^^^^^
  File "/Users/artem/Desktop/LR5/СosmetologyCenter/venv/lib/python3.13/site-packages/django/views/generic/base.py", line 143, in dispatch
    return handler(request, *args, **kwargs)
  File "/Users/artem/Desktop/LR5/СosmetologyCenter/venv/lib/python3.13/site-packages/django/views/generic/base.py", line 226, in get
    context = self.get_context_data(**kwargs)
  File "/Users/artem/Desktop/LR5/СosmetologyCenter/core/views.py", line 255, in get_context_data
    client=self.request.user.client
           ^^^^^^^^^^^^^^^^^^^^^^^^
  File "/Users/artem/Desktop/LR5/СosmetologyCenter/venv/lib/python3.13/site-packages/django/utils/functional.py", line 253, in inner
    return func(_wrapped, *args)
  File "/Users/artem/Desktop/LR5/СosmetologyCenter/venv/lib/python3.13/site-packages/django/db/models/fields/related_descriptors.py", line 531, in __get__
    raise self.RelatedObjectDoesNotExist(
    ...<2 lines>...
    )
django.contrib.auth.models.User.client.RelatedObjectDoesNotExist: User has no client.
ERROR 2025-05-26 22:53:24,570 basehttp "GET /dashboard/client/ HTTP/1.1" 500 92644
INFO 2025-05-26 22:53:46,653 autoreload /Users/artem/Desktop/LR5/СosmetologyCenter/core/signals.py changed, reloading.
INFO 2025-05-26 22:53:47,089 autoreload Watching for file changes with StatReloader
INFO 2025-05-26 22:53:54,685 autoreload /Users/artem/Desktop/LR5/СosmetologyCenter/core/apps.py changed, reloading.
INFO 2025-05-26 22:53:54,942 autoreload Watching for file changes with StatReloader
DEBUG 2025-05-26 22:54:24,605 views Получение последних новостей для главной страницы
INFO 2025-05-26 22:54:24,606 views Начало формирования контекста для главной страницы
DEBUG 2025-05-26 22:54:24,608 views Запрос данных о погоде
DEBUG 2025-05-26 22:54:24,749 views Данные о погоде успешно получены
DEBUG 2025-05-26 22:54:24,749 views Запрос курсов валют
DEBUG 2025-05-26 22:54:24,860 views Данные о курсах валют успешно получены
INFO 2025-05-26 22:54:24,861 views Контекст для главной страницы успешно сформирован
INFO 2025-05-26 22:54:24,899 basehttp "GET / HTTP/1.1" 200 15313
INFO 2025-05-26 22:54:24,939 basehttp "GET /media/news/1-GettyImages-73096824-67ee7409bb789_NwYwV8X.webp HTTP/1.1" 200 23108
INFO 2025-05-26 22:54:24,941 basehttp "GET /media/news/1483444335_0-0-3840-2160_1920x0_80_0_0_d78397da469ce01dd2656c4ccb408168_dfm7Pro.jpg HTTP/1.1" 200 123825
INFO 2025-05-26 22:54:24,944 basehttp "GET /media/news/Screenshot_2025-05-26_at_16.53.50.png HTTP/1.1" 200 983608
INFO 2025-05-26 22:54:27,787 basehttp "GET /vacancies/ HTTP/1.1" 200 13660
INFO 2025-05-26 22:54:28,910 basehttp "GET /statistics/ HTTP/1.1" 200 8039
INFO 2025-05-26 22:54:32,602 basehttp "GET /set-timezone/ HTTP/1.1" 200 39137
INFO 2025-05-26 22:54:33,867 basehttp "GET /about/ HTTP/1.1" 200 5602
INFO 2025-05-26 22:54:34,612 basehttp "GET /doctors/ HTTP/1.1" 200 12423
INFO 2025-05-26 22:54:34,631 basehttp "GET /media/doctors/2d394f680c1bf633d300eee67dd58b90.jpg HTTP/1.1" 200 24328
INFO 2025-05-26 22:54:34,633 basehttp "GET /media/doctors/360_F_118225354_9E9LrO7Y8YHqpoV7jCiSnygQAD4LyJAx.jpg HTTP/1.1" 200 25942
INFO 2025-05-26 22:54:34,645 basehttp "GET /media/doctors/Screenshot_2025-05-26_at_23.51.08.png HTTP/1.1" 200 289583
INFO 2025-05-26 22:54:34,648 basehttp "GET /media/doctors/Screenshot_2025-05-26_at_23.50.23.png HTTP/1.1" 200 342535
INFO 2025-05-26 22:54:34,652 basehttp "GET /media/doctors/Screenshot_2025-05-26_at_23.50.42.png HTTP/1.1" 200 663399
INFO 2025-05-26 22:54:34,654 basehttp "GET /media/doctors/Screenshot_2025-05-26_at_23.51.39.png HTTP/1.1" 200 945687
INFO 2025-05-26 22:54:34,656 basehttp "GET /media/employees/Screenshot_2025-05-27_at_00.07.15.png HTTP/1.1" 200 989257
INFO 2025-05-26 22:54:35,311 basehttp "GET /services/ HTTP/1.1" 200 14559
INFO 2025-05-26 22:54:36,027 basehttp "GET /privacy/ HTTP/1.1" 200 5417
INFO 2025-05-26 22:54:36,734 basehttp "GET /promocodes/ HTTP/1.1" 200 4597
INFO 2025-05-26 22:54:37,481 basehttp "GET /vacancies/ HTTP/1.1" 200 13660
INFO 2025-05-26 22:54:38,276 basehttp "GET /statistics/ HTTP/1.1" 200 8039
INFO 2025-05-26 22:54:40,719 basehttp "POST /logout/ HTTP/1.1" 302 0
DEBUG 2025-05-26 22:54:40,721 views Получение последних новостей для главной страницы
INFO 2025-05-26 22:54:40,722 views Начало формирования контекста для главной страницы
DEBUG 2025-05-26 22:54:40,722 views Запрос данных о погоде
DEBUG 2025-05-26 22:54:40,723 views Данные о погоде успешно получены
DEBUG 2025-05-26 22:54:40,723 views Запрос курсов валют
DEBUG 2025-05-26 22:54:40,834 views Данные о курсах валют успешно получены
INFO 2025-05-26 22:54:40,834 views Контекст для главной страницы успешно сформирован
INFO 2025-05-26 22:54:40,841 basehttp "GET / HTTP/1.1" 200 14233
INFO 2025-05-26 22:54:40,866 basehttp "GET /media/news/1-GettyImages-73096824-67ee7409bb789_NwYwV8X.webp HTTP/1.1" 200 23108
INFO 2025-05-26 22:54:40,868 basehttp "GET /media/news/1483444335_0-0-3840-2160_1920x0_80_0_0_d78397da469ce01dd2656c4ccb408168_dfm7Pro.jpg HTTP/1.1" 200 123825
INFO 2025-05-26 22:54:40,872 basehttp "GET /media/news/Screenshot_2025-05-26_at_16.53.50.png HTTP/1.1" 200 983608
INFO 2025-05-27 11:11:41,360 autoreload Watching for file changes with StatReloader
DEBUG 2025-05-27 11:11:50,687 views Получение последних новостей для главной страницы
INFO 2025-05-27 11:11:50,687 views Начало формирования контекста для главной страницы
DEBUG 2025-05-27 11:11:50,688 views Запрос данных о погоде
DEBUG 2025-05-27 11:11:50,982 views Данные о погоде успешно получены
DEBUG 2025-05-27 11:11:50,982 views Запрос курсов валют
DEBUG 2025-05-27 11:11:51,594 views Данные о курсах валют успешно получены
INFO 2025-05-27 11:11:51,596 views Контекст для главной страницы успешно сформирован
INFO 2025-05-27 11:11:51,629 basehttp "GET / HTTP/1.1" 200 14233
INFO 2025-05-27 11:11:51,667 basehttp "GET /static/css/style.css HTTP/1.1" 304 0
INFO 2025-05-27 11:11:51,667 basehttp "GET /static/img/FotoJet%20(65)-1200.jpg.webp HTTP/1.1" 304 0
INFO 2025-05-27 11:11:51,668 basehttp "GET /media/news/Screenshot_2025-05-26_at_16.53.50.png HTTP/1.1" 304 0
INFO 2025-05-27 11:11:51,668 basehttp "GET /media/news/1-GettyImages-73096824-67ee7409bb789_NwYwV8X.webp HTTP/1.1" 304 0
INFO 2025-05-27 11:11:51,669 basehttp "GET /media/news/1483444335_0-0-3840-2160_1920x0_80_0_0_d78397da469ce01dd2656c4ccb408168_dfm7Pro.jpg HTTP/1.1" 304 0
DEBUG 2025-05-27 11:11:58,608 views Получение последних новостей для главной страницы
INFO 2025-05-27 11:11:58,609 views Начало формирования контекста для главной страницы
DEBUG 2025-05-27 11:11:58,609 views Запрос данных о погоде
DEBUG 2025-05-27 11:11:58,609 views Данные о погоде успешно получены
DEBUG 2025-05-27 11:11:58,609 views Запрос курсов валют
DEBUG 2025-05-27 11:11:59,160 views Данные о курсах валют успешно получены
INFO 2025-05-27 11:11:59,161 views Контекст для главной страницы успешно сформирован
INFO 2025-05-27 11:11:59,171 basehttp "GET / HTTP/1.1" 200 14233
INFO 2025-05-27 11:12:00,313 basehttp "GET /about/ HTTP/1.1" 200 4626
INFO 2025-05-27 11:12:03,022 basehttp "GET /services/ HTTP/1.1" 200 13583
INFO 2025-05-27 11:12:04,584 basehttp "GET /service/53/ HTTP/1.1" 200 4943
INFO 2025-05-27 11:12:08,096 basehttp "GET /privacy/ HTTP/1.1" 200 4441
INFO 2025-05-27 11:12:08,841 basehttp "GET /promocodes/ HTTP/1.1" 200 3621
INFO 2025-05-27 11:12:09,584 basehttp "GET /vacancies/ HTTP/1.1" 200 12684
INFO 2025-05-27 11:12:10,582 basehttp "GET /promocodes/ HTTP/1.1" 200 3621
INFO 2025-05-27 11:12:13,215 basehttp "GET /vacancies/ HTTP/1.1" 200 12684
INFO 2025-05-27 11:12:13,990 basehttp "GET /statistics/ HTTP/1.1" 200 7063
INFO 2025-05-27 11:13:30,755 basehttp "GET /admin/ HTTP/1.1" 302 0
INFO 2025-05-27 11:13:30,774 basehttp "GET /admin/login/?next=/admin/ HTTP/1.1" 200 4173
INFO 2025-05-27 11:13:40,725 basehttp "POST /admin/login/?next=/admin/ HTTP/1.1" 302 0
INFO 2025-05-27 11:13:40,739 basehttp "GET /admin/ HTTP/1.1" 200 19058
INFO 2025-05-27 11:13:48,691 basehttp "GET /admin/core/appointment/ HTTP/1.1" 200 18449
INFO 2025-05-27 11:13:48,712 basehttp "GET /admin/jsi18n/ HTTP/1.1" 200 3342
INFO 2025-05-27 11:13:56,613 basehttp "GET /statistics/ HTTP/1.1" 200 8039
INFO 2025-05-27 11:13:58,436 basehttp "GET /set-timezone/ HTTP/1.1" 200 39137
INFO 2025-05-27 11:14:11,572 basehttp "POST /set-timezone/ HTTP/1.1" 302 0
DEBUG 2025-05-27 11:14:11,579 views Получение последних новостей для главной страницы
INFO 2025-05-27 11:14:11,579 views Начало формирования контекста для главной страницы
DEBUG 2025-05-27 11:14:11,580 views Запрос данных о погоде
DEBUG 2025-05-27 11:14:11,580 views Данные о погоде успешно получены
DEBUG 2025-05-27 11:14:11,580 views Запрос курсов валют
DEBUG 2025-05-27 11:14:12,172 views Данные о курсах валют успешно получены
INFO 2025-05-27 11:14:12,173 views Контекст для главной страницы успешно сформирован
INFO 2025-05-27 11:14:12,186 basehttp "GET / HTTP/1.1" 200 15800
INFO 2025-05-27 11:14:12,236 basehttp "GET /media/news/1-GettyImages-73096824-67ee7409bb789_NwYwV8X.webp HTTP/1.1" 200 23108
INFO 2025-05-27 11:14:12,239 basehttp "GET /media/news/1483444335_0-0-3840-2160_1920x0_80_0_0_d78397da469ce01dd2656c4ccb408168_dfm7Pro.jpg HTTP/1.1" 200 123825
INFO 2025-05-27 11:14:12,243 basehttp "GET /media/news/Screenshot_2025-05-26_at_16.53.50.png HTTP/1.1" 200 983608
INFO 2025-05-27 11:14:18,089 basehttp "GET /news/7/ HTTP/1.1" 200 7032
INFO 2025-05-27 11:14:20,392 basehttp "GET /news/ HTTP/1.1" 200 7228
DEBUG 2025-05-27 11:14:22,353 views Получение последних новостей для главной страницы
INFO 2025-05-27 11:14:22,353 views Начало формирования контекста для главной страницы
DEBUG 2025-05-27 11:14:22,354 views Запрос данных о погоде
DEBUG 2025-05-27 11:14:22,354 views Данные о погоде успешно получены
DEBUG 2025-05-27 11:14:22,354 views Запрос курсов валют
DEBUG 2025-05-27 11:14:22,791 views Данные о курсах валют успешно получены
INFO 2025-05-27 11:14:22,792 views Контекст для главной страницы успешно сформирован
INFO 2025-05-27 11:14:22,803 basehttp "GET / HTTP/1.1" 200 15313
INFO 2025-05-27 11:14:25,641 basehttp "GET /services/ HTTP/1.1" 200 14559
INFO 2025-05-27 11:14:26,620 basehttp "GET /about/ HTTP/1.1" 200 5602
INFO 2025-05-27 11:14:27,924 basehttp "GET /services/ HTTP/1.1" 200 14559
INFO 2025-05-27 11:14:33,440 basehttp "GET /promocodes/ HTTP/1.1" 200 4597
INFO 2025-05-27 11:14:35,104 basehttp "GET /promocodes/ HTTP/1.1" 200 4597
INFO 2025-05-27 11:14:35,970 basehttp "GET /vacancies/ HTTP/1.1" 200 13660
INFO 2025-05-27 11:14:44,546 basehttp "GET /admin/core/ HTTP/1.1" 200 13229
INFO 2025-05-27 11:14:46,332 basehttp "GET /admin/core/vacancy/ HTTP/1.1" 200 18368
INFO 2025-05-27 11:14:46,352 basehttp "GET /admin/jsi18n/ HTTP/1.1" 200 3342
INFO 2025-05-27 11:14:56,335 basehttp "POST /admin/core/vacancy/ HTTP/1.1" 200 15676
INFO 2025-05-27 11:14:56,351 basehttp "GET /static/admin/js/cancel.js HTTP/1.1" 304 0
INFO 2025-05-27 11:14:57,715 basehttp "POST /admin/core/vacancy/ HTTP/1.1" 302 0
INFO 2025-05-27 11:14:57,729 basehttp "GET /admin/core/vacancy/ HTTP/1.1" 200 14010
INFO 2025-05-27 11:14:57,744 basehttp "GET /admin/jsi18n/ HTTP/1.1" 200 3342
INFO 2025-05-27 11:15:00,373 basehttp "GET /vacancies/ HTTP/1.1" 200 3609
INFO 2025-05-27 11:15:01,998 basehttp "GET /statistics/ HTTP/1.1" 200 8039
INFO 2025-05-27 11:15:02,615 basehttp "GET /promocodes/ HTTP/1.1" 200 4597
INFO 2025-05-27 11:15:03,576 basehttp "GET /services/ HTTP/1.1" 200 14559
INFO 2025-05-27 11:15:04,430 basehttp "GET /doctors/ HTTP/1.1" 200 12423
INFO 2025-05-27 11:15:04,465 basehttp "GET /media/doctors/360_F_118225354_9E9LrO7Y8YHqpoV7jCiSnygQAD4LyJAx.jpg HTTP/1.1" 200 25942
INFO 2025-05-27 11:15:04,466 basehttp "GET /media/doctors/2d394f680c1bf633d300eee67dd58b90.jpg HTTP/1.1" 200 24328
INFO 2025-05-27 11:15:04,482 basehttp "GET /media/doctors/Screenshot_2025-05-26_at_23.51.08.png HTTP/1.1" 200 289583
INFO 2025-05-27 11:15:04,487 basehttp "GET /media/doctors/Screenshot_2025-05-26_at_23.50.23.png HTTP/1.1" 200 342535
INFO 2025-05-27 11:15:04,494 basehttp "GET /media/doctors/Screenshot_2025-05-26_at_23.50.42.png HTTP/1.1" 200 663399
INFO 2025-05-27 11:15:04,500 basehttp "GET /media/doctors/Screenshot_2025-05-26_at_23.51.39.png HTTP/1.1" 200 945687
INFO 2025-05-27 11:15:04,503 basehttp "GET /media/employees/Screenshot_2025-05-27_at_00.07.15.png HTTP/1.1" 200 989257
INFO 2025-05-27 11:15:09,647 basehttp "GET /about/ HTTP/1.1" 200 5602
INFO 2025-05-27 11:15:13,193 basehttp "GET /admin/core/ HTTP/1.1" 200 13229
INFO 2025-05-27 11:15:15,059 basehttp "GET /admin/core/client/ HTTP/1.1" 200 16938
INFO 2025-05-27 11:15:15,072 basehttp "GET /admin/jsi18n/ HTTP/1.1" 200 3342
DEBUG 2025-05-27 11:15:27,538 views Получение последних новостей для главной страницы
INFO 2025-05-27 11:15:27,538 views Начало формирования контекста для главной страницы
DEBUG 2025-05-27 11:15:27,539 views Запрос данных о погоде
DEBUG 2025-05-27 11:15:27,539 views Данные о погоде успешно получены
DEBUG 2025-05-27 11:15:27,539 views Запрос курсов валют
DEBUG 2025-05-27 11:15:27,954 views Данные о курсах валют успешно получены
INFO 2025-05-27 11:15:27,955 views Контекст для главной страницы успешно сформирован
INFO 2025-05-27 11:15:27,967 basehttp "GET / HTTP/1.1" 200 15313
INFO 2025-05-27 11:15:53,527 basehttp "POST /logout/ HTTP/1.1" 302 0
DEBUG 2025-05-27 11:15:53,531 views Получение последних новостей для главной страницы
INFO 2025-05-27 11:15:53,531 views Начало формирования контекста для главной страницы
DEBUG 2025-05-27 11:15:53,531 views Запрос данных о погоде
DEBUG 2025-05-27 11:15:53,531 views Данные о погоде успешно получены
DEBUG 2025-05-27 11:15:53,532 views Запрос курсов валют
DEBUG 2025-05-27 11:15:54,299 views Данные о курсах валют успешно получены
INFO 2025-05-27 11:15:54,300 views Контекст для главной страницы успешно сформирован
INFO 2025-05-27 11:15:54,310 basehttp "GET / HTTP/1.1" 200 14233
INFO 2025-05-27 11:15:57,125 basehttp "GET /accounts/login/ HTTP/1.1" 200 3149
INFO 2025-05-27 11:16:07,242 basehttp "POST /accounts/login/ HTTP/1.1" 302 0
INFO 2025-05-27 11:16:07,246 basehttp "GET /dashboard/ HTTP/1.1" 302 0
INFO 2025-05-27 11:16:07,252 basehttp "GET /dashboard/client/ HTTP/1.1" 200 6984
INFO 2025-05-27 11:16:12,455 basehttp "GET /statistics/ HTTP/1.1" 200 8330
INFO 2025-05-27 11:16:23,217 basehttp "GET /statistics/ HTTP/1.1" 200 8330
INFO 2025-05-27 11:16:24,274 basehttp "GET /vacancies/ HTTP/1.1" 200 3900
INFO 2025-05-27 11:16:25,328 basehttp "GET /promocodes/ HTTP/1.1" 200 4888
INFO 2025-05-27 11:16:26,191 basehttp "GET /privacy/ HTTP/1.1" 200 5708
INFO 2025-05-27 11:16:27,430 basehttp "GET /doctors/ HTTP/1.1" 200 12714
INFO 2025-05-27 11:16:27,466 basehttp "GET /media/doctors/2d394f680c1bf633d300eee67dd58b90.jpg HTTP/1.1" 200 24328
INFO 2025-05-27 11:16:27,468 basehttp "GET /media/doctors/360_F_118225354_9E9LrO7Y8YHqpoV7jCiSnygQAD4LyJAx.jpg HTTP/1.1" 200 25942
INFO 2025-05-27 11:16:27,485 basehttp "GET /media/doctors/Screenshot_2025-05-26_at_23.51.08.png HTTP/1.1" 200 289583
INFO 2025-05-27 11:16:27,491 basehttp "GET /media/doctors/Screenshot_2025-05-26_at_23.50.23.png HTTP/1.1" 200 342535
INFO 2025-05-27 11:16:27,492 basehttp "GET /media/doctors/Screenshot_2025-05-26_at_23.50.42.png HTTP/1.1" 200 663399
INFO 2025-05-27 11:16:27,494 basehttp "GET /media/doctors/Screenshot_2025-05-26_at_23.51.39.png HTTP/1.1" 200 945687
INFO 2025-05-27 11:16:27,496 basehttp "GET /media/employees/Screenshot_2025-05-27_at_00.07.15.png HTTP/1.1" 200 989257
INFO 2025-05-27 11:16:28,460 basehttp "GET /services/ HTTP/1.1" 200 14850
INFO 2025-05-27 11:16:30,247 basehttp "GET /dashboard/client/ HTTP/1.1" 200 6984
INFO 2025-05-27 11:16:34,497 basehttp "POST /logout/ HTTP/1.1" 302 0
DEBUG 2025-05-27 11:16:34,499 views Получение последних новостей для главной страницы
INFO 2025-05-27 11:16:34,500 views Начало формирования контекста для главной страницы
DEBUG 2025-05-27 11:16:34,500 views Запрос данных о погоде
DEBUG 2025-05-27 11:16:34,501 views Данные о погоде успешно получены
DEBUG 2025-05-27 11:16:34,501 views Запрос курсов валют
DEBUG 2025-05-27 11:16:34,950 views Данные о курсах валют успешно получены
INFO 2025-05-27 11:16:34,951 views Контекст для главной страницы успешно сформирован
INFO 2025-05-27 11:16:34,961 basehttp "GET / HTTP/1.1" 200 14233
INFO 2025-05-27 11:16:34,991 basehttp "GET /media/news/1-GettyImages-73096824-67ee7409bb789_NwYwV8X.webp HTTP/1.1" 200 23108
INFO 2025-05-27 11:16:34,993 basehttp "GET /media/news/1483444335_0-0-3840-2160_1920x0_80_0_0_d78397da469ce01dd2656c4ccb408168_dfm7Pro.jpg HTTP/1.1" 200 123825
INFO 2025-05-27 11:16:34,998 basehttp "GET /media/news/Screenshot_2025-05-26_at_16.53.50.png HTTP/1.1" 200 983608
INFO 2025-05-27 11:16:36,471 basehttp "GET /accounts/login/ HTTP/1.1" 200 3149
INFO 2025-05-27 11:16:39,619 basehttp "GET /admin/core/client/28/change/ HTTP/1.1" 302 0
INFO 2025-05-27 11:16:39,626 basehttp "GET /admin/login/?next=/admin/core/client/28/change/ HTTP/1.1" 200 4217
INFO 2025-05-27 11:16:55,861 basehttp "POST /admin/login/?next=/admin/core/client/28/change/ HTTP/1.1" 302 0
INFO 2025-05-27 11:16:55,879 basehttp "GET /admin/core/client/28/change/ HTTP/1.1" 200 18338
INFO 2025-05-27 11:16:55,892 basehttp "GET /admin/jsi18n/ HTTP/1.1" 200 3342
INFO 2025-05-27 11:17:00,318 basehttp "GET /admin/ HTTP/1.1" 200 18383
INFO 2025-05-27 11:17:00,335 basehttp "GET /static/admin/img/icon-deletelink.svg HTTP/1.1" 304 0
INFO 2025-05-27 11:17:07,713 basehttp "GET /admin/core/appointment/ HTTP/1.1" 200 18449
INFO 2025-05-27 11:17:07,729 basehttp "GET /admin/jsi18n/ HTTP/1.1" 200 3342
INFO 2025-05-27 11:17:09,327 basehttp "GET /admin/core/appointment/47/change/ HTTP/1.1" 200 23026
INFO 2025-05-27 11:17:09,342 basehttp "GET /admin/jsi18n/ HTTP/1.1" 200 3342
INFO 2025-05-27 11:17:10,804 basehttp "POST /admin/core/appointment/47/change/ HTTP/1.1" 302 0
INFO 2025-05-27 11:17:10,829 basehttp "GET /admin/core/appointment/ HTTP/1.1" 200 18732
INFO 2025-05-27 11:17:10,845 basehttp "GET /admin/jsi18n/ HTTP/1.1" 200 3342
INFO 2025-05-27 11:17:12,160 basehttp "GET /admin/core/appointment/46/change/ HTTP/1.1" 200 23091
INFO 2025-05-27 11:17:12,176 basehttp "GET /admin/jsi18n/ HTTP/1.1" 200 3342
INFO 2025-05-27 11:17:13,484 basehttp "POST /admin/core/appointment/46/change/ HTTP/1.1" 302 0
INFO 2025-05-27 11:17:13,508 basehttp "GET /admin/core/appointment/ HTTP/1.1" 200 18743
INFO 2025-05-27 11:17:13,525 basehttp "GET /admin/jsi18n/ HTTP/1.1" 200 3342
INFO 2025-05-27 11:17:14,893 basehttp "GET /admin/core/appointment/45/change/ HTTP/1.1" 200 23074
INFO 2025-05-27 11:17:14,909 basehttp "GET /admin/jsi18n/ HTTP/1.1" 200 3342
INFO 2025-05-27 11:17:16,017 basehttp "POST /admin/core/appointment/45/change/ HTTP/1.1" 302 0
INFO 2025-05-27 11:17:16,042 basehttp "GET /admin/core/appointment/ HTTP/1.1" 200 18748
INFO 2025-05-27 11:17:16,058 basehttp "GET /admin/jsi18n/ HTTP/1.1" 200 3342
INFO 2025-05-27 11:17:17,024 basehttp "GET /admin/core/appointment/45/change/ HTTP/1.1" 200 23074
INFO 2025-05-27 11:17:17,040 basehttp "GET /admin/jsi18n/ HTTP/1.1" 200 3342
INFO 2025-05-27 11:17:18,434 basehttp "POST /admin/core/appointment/45/change/ HTTP/1.1" 302 0
INFO 2025-05-27 11:17:18,459 basehttp "GET /admin/core/appointment/ HTTP/1.1" 200 18748
INFO 2025-05-27 11:17:18,475 basehttp "GET /admin/jsi18n/ HTTP/1.1" 200 3342
INFO 2025-05-27 11:17:20,657 basehttp "GET /admin/core/appointment/44/change/ HTTP/1.1" 200 23039
INFO 2025-05-27 11:17:20,672 basehttp "GET /admin/jsi18n/ HTTP/1.1" 200 3342
INFO 2025-05-27 11:17:23,334 basehttp "POST /admin/core/appointment/44/change/ HTTP/1.1" 302 0
INFO 2025-05-27 11:17:23,357 basehttp "GET /admin/core/appointment/ HTTP/1.1" 200 18739
INFO 2025-05-27 11:17:23,370 basehttp "GET /admin/jsi18n/ HTTP/1.1" 200 3342
INFO 2025-05-27 11:17:24,827 basehttp "GET /admin/core/appointment/43/change/ HTTP/1.1" 200 23105
INFO 2025-05-27 11:17:24,843 basehttp "GET /admin/jsi18n/ HTTP/1.1" 200 3342
INFO 2025-05-27 11:17:27,134 basehttp "POST /admin/core/appointment/43/change/ HTTP/1.1" 302 0
INFO 2025-05-27 11:17:27,159 basehttp "GET /admin/core/appointment/ HTTP/1.1" 200 18761
INFO 2025-05-27 11:17:27,175 basehttp "GET /admin/jsi18n/ HTTP/1.1" 200 3342
INFO 2025-05-27 11:17:28,396 basehttp "GET /admin/core/appointment/43/change/ HTTP/1.1" 200 23113
INFO 2025-05-27 11:17:28,410 basehttp "GET /admin/jsi18n/ HTTP/1.1" 200 3342
INFO 2025-05-27 11:17:29,602 basehttp "POST /admin/core/appointment/43/change/ HTTP/1.1" 302 0
INFO 2025-05-27 11:17:29,628 basehttp "GET /admin/core/appointment/ HTTP/1.1" 200 18761
INFO 2025-05-27 11:17:29,645 basehttp "GET /admin/jsi18n/ HTTP/1.1" 200 3342
INFO 2025-05-27 11:17:30,926 basehttp "GET /admin/core/appointment/42/change/ HTTP/1.1" 200 23129
INFO 2025-05-27 11:17:30,940 basehttp "GET /admin/jsi18n/ HTTP/1.1" 200 3342
INFO 2025-05-27 11:17:33,284 basehttp "POST /admin/core/appointment/42/change/ HTTP/1.1" 302 0
INFO 2025-05-27 11:17:33,348 basehttp "GET /admin/core/appointment/ HTTP/1.1" 200 18769
INFO 2025-05-27 11:17:33,359 basehttp "GET /admin/jsi18n/ HTTP/1.1" 200 3342
INFO 2025-05-27 11:17:34,427 basehttp "GET /admin/core/appointment/42/change/ HTTP/1.1" 200 23137
INFO 2025-05-27 11:17:34,442 basehttp "GET /admin/jsi18n/ HTTP/1.1" 200 3342
INFO 2025-05-27 11:17:35,750 basehttp "POST /admin/core/appointment/42/change/ HTTP/1.1" 302 0
INFO 2025-05-27 11:17:35,774 basehttp "GET /admin/core/appointment/ HTTP/1.1" 200 18769
INFO 2025-05-27 11:17:35,790 basehttp "GET /admin/jsi18n/ HTTP/1.1" 200 3342
INFO 2025-05-27 11:17:37,775 basehttp "GET /admin/core/appointment/41/change/ HTTP/1.1" 200 23105
INFO 2025-05-27 11:17:37,792 basehttp "GET /admin/jsi18n/ HTTP/1.1" 200 3342
INFO 2025-05-27 11:17:40,884 basehttp "POST /admin/core/appointment/41/change/ HTTP/1.1" 302 0
INFO 2025-05-27 11:17:40,908 basehttp "GET /admin/core/appointment/ HTTP/1.1" 200 18761
INFO 2025-05-27 11:17:40,925 basehttp "GET /admin/jsi18n/ HTTP/1.1" 200 3342
INFO 2025-05-27 11:17:42,414 basehttp "GET /admin/core/appointment/40/change/ HTTP/1.1" 200 23033
INFO 2025-05-27 11:17:42,430 basehttp "GET /admin/jsi18n/ HTTP/1.1" 200 3342
INFO 2025-05-27 11:17:44,552 basehttp "POST /admin/core/appointment/40/change/ HTTP/1.1" 302 0
INFO 2025-05-27 11:17:44,576 basehttp "GET /admin/core/appointment/ HTTP/1.1" 200 18737
INFO 2025-05-27 11:17:44,593 basehttp "GET /admin/jsi18n/ HTTP/1.1" 200 3342
INFO 2025-05-27 11:17:45,755 basehttp "GET /admin/core/appointment/41/change/ HTTP/1.1" 200 23113
INFO 2025-05-27 11:17:45,770 basehttp "GET /admin/jsi18n/ HTTP/1.1" 200 3342
INFO 2025-05-27 11:17:47,168 basehttp "POST /admin/core/appointment/41/change/ HTTP/1.1" 302 0
INFO 2025-05-27 11:17:47,191 basehttp "GET /admin/core/appointment/ HTTP/1.1" 200 18761
INFO 2025-05-27 11:17:47,205 basehttp "GET /admin/jsi18n/ HTTP/1.1" 200 3342
INFO 2025-05-27 11:17:51,300 basehttp "GET /admin/core/ HTTP/1.1" 200 13225
INFO 2025-05-27 11:17:52,402 basehttp "GET /admin/core/client/ HTTP/1.1" 200 16934
INFO 2025-05-27 11:17:52,423 basehttp "GET /admin/jsi18n/ HTTP/1.1" 200 3342
WARNING 2025-05-27 11:18:08,802 log Forbidden (CSRF token from POST incorrect.): /accounts/login/
WARNING 2025-05-27 11:18:08,803 basehttp "POST /accounts/login/ HTTP/1.1" 403 2503
WARNING 2025-05-27 11:18:13,092 log Forbidden (CSRF token from POST incorrect.): /accounts/login/
WARNING 2025-05-27 11:18:13,092 basehttp "POST /accounts/login/ HTTP/1.1" 403 2503
INFO 2025-05-27 11:18:25,188 autoreload Watching for file changes with StatReloader
WARNING 2025-05-27 11:18:29,971 log Forbidden (CSRF token from POST incorrect.): /accounts/login/
WARNING 2025-05-27 11:18:29,972 basehttp "POST /accounts/login/ HTTP/1.1" 403 2503
DEBUG 2025-05-27 11:18:35,009 views Получение последних новостей для главной страницы
INFO 2025-05-27 11:18:35,010 views Начало формирования контекста для главной страницы
DEBUG 2025-05-27 11:18:35,010 views Запрос данных о погоде
DEBUG 2025-05-27 11:18:35,637 views Данные о погоде успешно получены
DEBUG 2025-05-27 11:18:35,638 views Запрос курсов валют
DEBUG 2025-05-27 11:18:36,290 views Данные о курсах валют успешно получены
INFO 2025-05-27 11:18:36,291 views Контекст для главной страницы успешно сформирован
INFO 2025-05-27 11:18:36,325 basehttp "GET / HTTP/1.1" 200 15313
INFO 2025-05-27 11:18:39,215 basehttp "POST /logout/ HTTP/1.1" 302 0
DEBUG 2025-05-27 11:18:39,218 views Получение последних новостей для главной страницы
INFO 2025-05-27 11:18:39,219 views Начало формирования контекста для главной страницы
DEBUG 2025-05-27 11:18:39,219 views Запрос данных о погоде
DEBUG 2025-05-27 11:18:39,219 views Данные о погоде успешно получены
DEBUG 2025-05-27 11:18:39,219 views Запрос курсов валют
DEBUG 2025-05-27 11:18:39,966 views Данные о курсах валют успешно получены
INFO 2025-05-27 11:18:39,966 views Контекст для главной страницы успешно сформирован
INFO 2025-05-27 11:18:39,975 basehttp "GET / HTTP/1.1" 200 14233
INFO 2025-05-27 11:18:41,901 basehttp "GET /accounts/login/ HTTP/1.1" 200 3149
INFO 2025-05-27 11:18:52,031 basehttp "POST /accounts/login/ HTTP/1.1" 302 0
INFO 2025-05-27 11:18:52,035 basehttp "GET /dashboard/ HTTP/1.1" 302 0
INFO 2025-05-27 11:18:52,051 basehttp "GET /dashboard/client/ HTTP/1.1" 200 13841
INFO 2025-05-27 11:18:57,988 basehttp "GET /dashboard/client/ HTTP/1.1" 200 13841
INFO 2025-05-27 11:18:59,606 basehttp "GET /statistics/ HTTP/1.1" 200 8342
INFO 2025-05-27 11:32:21,574 autoreload /Users/artem/Desktop/LR5/СosmetologyCenter/core/views.py changed, reloading.
INFO 2025-05-27 11:32:22,026 autoreload Watching for file changes with StatReloader
INFO 2025-05-27 11:32:24,541 autoreload /Users/artem/Desktop/LR5/СosmetologyCenter/core/views.py changed, reloading.
INFO 2025-05-27 11:32:24,788 autoreload Watching for file changes with StatReloader
INFO 2025-05-27 11:32:32,271 autoreload /Users/artem/Desktop/LR5/СosmetologyCenter/core/views.py changed, reloading.
INFO 2025-05-27 11:32:32,538 autoreload Watching for file changes with StatReloader
INFO 2025-05-27 11:32:43,081 autoreload /Users/artem/Desktop/LR5/СosmetologyCenter/core/views.py changed, reloading.
INFO 2025-05-27 11:32:43,414 autoreload Watching for file changes with StatReloader
INFO 2025-05-27 11:32:48,522 autoreload /Users/artem/Desktop/LR5/СosmetologyCenter/core/views.py changed, reloading.
INFO 2025-05-27 11:32:48,752 autoreload Watching for file changes with StatReloader
INFO 2025-05-27 11:33:06,106 autoreload /Users/artem/Desktop/LR5/СosmetologyCenter/core/views.py changed, reloading.
INFO 2025-05-27 11:33:06,414 autoreload Watching for file changes with StatReloader
INFO 2025-05-27 11:33:08,470 autoreload /Users/artem/Desktop/LR5/СosmetologyCenter/core/views.py changed, reloading.
INFO 2025-05-27 11:33:08,697 autoreload Watching for file changes with StatReloader
INFO 2025-05-27 11:33:09,746 autoreload /Users/artem/Desktop/LR5/СosmetologyCenter/core/views.py changed, reloading.
INFO 2025-05-27 11:33:09,981 autoreload Watching for file changes with StatReloader
INFO 2025-05-27 11:33:11,030 autoreload /Users/artem/Desktop/LR5/СosmetologyCenter/core/views.py changed, reloading.
INFO 2025-05-27 11:33:11,243 autoreload Watching for file changes with StatReloader
INFO 2025-05-27 11:33:12,298 autoreload /Users/artem/Desktop/LR5/СosmetologyCenter/core/views.py changed, reloading.
INFO 2025-05-27 11:33:12,540 autoreload Watching for file changes with StatReloader
INFO 2025-05-27 11:33:34,985 autoreload /Users/artem/Desktop/LR5/СosmetologyCenter/core/views.py changed, reloading.
INFO 2025-05-27 11:33:35,299 autoreload Watching for file changes with StatReloader
INFO 2025-05-27 11:33:39,411 autoreload /Users/artem/Desktop/LR5/СosmetologyCenter/core/views.py changed, reloading.
INFO 2025-05-27 11:33:39,625 autoreload Watching for file changes with StatReloader
INFO 2025-05-27 11:33:49,763 autoreload /Users/artem/Desktop/LR5/СosmetologyCenter/core/views.py changed, reloading.
INFO 2025-05-27 11:33:49,975 autoreload Watching for file changes with StatReloader
INFO 2025-05-27 11:33:51,428 autoreload /Users/artem/Desktop/LR5/СosmetologyCenter/core/views.py changed, reloading.
INFO 2025-05-27 11:33:51,686 autoreload Watching for file changes with StatReloader
INFO 2025-05-27 11:33:53,058 autoreload /Users/artem/Desktop/LR5/СosmetologyCenter/core/views.py changed, reloading.
INFO 2025-05-27 11:33:53,323 autoreload Watching for file changes with StatReloader
INFO 2025-05-27 11:37:42,749 basehttp "GET /statistics/ HTTP/1.1" 200 8342
INFO 2025-05-27 11:38:27,747 basehttp "GET /statistics/ HTTP/1.1" 200 7592
INFO 2025-05-27 11:40:04,727 autoreload /Users/artem/Desktop/LR5/СosmetologyCenter/core/views.py changed, reloading.
INFO 2025-05-27 11:40:05,175 autoreload Watching for file changes with StatReloader
INFO 2025-05-27 11:40:07,242 autoreload /Users/artem/Desktop/LR5/СosmetologyCenter/core/views.py changed, reloading.
INFO 2025-05-27 11:40:07,441 autoreload Watching for file changes with StatReloader
INFO 2025-05-27 11:40:09,530 autoreload /Users/artem/Desktop/LR5/СosmetologyCenter/core/views.py changed, reloading.
INFO 2025-05-27 11:40:09,761 autoreload Watching for file changes with StatReloader
INFO 2025-05-27 11:40:10,814 autoreload /Users/artem/Desktop/LR5/СosmetologyCenter/core/views.py changed, reloading.
INFO 2025-05-27 11:40:11,081 autoreload Watching for file changes with StatReloader
INFO 2025-05-27 11:40:12,131 autoreload /Users/artem/Desktop/LR5/СosmetologyCenter/core/views.py changed, reloading.
INFO 2025-05-27 11:40:12,365 autoreload Watching for file changes with StatReloader
INFO 2025-05-27 11:40:16,474 autoreload /Users/artem/Desktop/LR5/СosmetologyCenter/core/views.py changed, reloading.
INFO 2025-05-27 11:40:16,714 autoreload Watching for file changes with StatReloader
INFO 2025-05-27 11:42:27,898 basehttp "GET /statistics/ HTTP/1.1" 200 7588
DEBUG 2025-05-27 11:42:37,409 views Получение последних новостей для главной страницы
INFO 2025-05-27 11:42:37,409 views Начало формирования контекста для главной страницы
DEBUG 2025-05-27 11:42:37,410 views Запрос данных о погоде
DEBUG 2025-05-27 11:42:37,775 views Данные о погоде успешно получены
DEBUG 2025-05-27 11:42:37,776 views Запрос курсов валют
DEBUG 2025-05-27 11:42:38,066 views Данные о курсах валют успешно получены
INFO 2025-05-27 11:42:38,066 views Контекст для главной страницы успешно сформирован
INFO 2025-05-27 11:42:38,078 basehttp "GET / HTTP/1.1" 200 15512
INFO 2025-05-27 11:42:38,101 basehttp "GET /media/news/1-GettyImages-73096824-67ee7409bb789_NwYwV8X.webp HTTP/1.1" 200 23108
INFO 2025-05-27 11:42:38,103 basehttp "GET /media/news/1483444335_0-0-3840-2160_1920x0_80_0_0_d78397da469ce01dd2656c4ccb408168_dfm7Pro.jpg HTTP/1.1" 200 123825
INFO 2025-05-27 11:42:38,107 basehttp "GET /media/news/Screenshot_2025-05-26_at_16.53.50.png HTTP/1.1" 200 983608
INFO 2025-05-27 11:44:39,503 basehttp "POST /logout/ HTTP/1.1" 302 0
DEBUG 2025-05-27 11:44:39,506 views Получение последних новостей для главной страницы
INFO 2025-05-27 11:44:39,506 views Начало формирования контекста для главной страницы
DEBUG 2025-05-27 11:44:39,507 views Запрос данных о погоде
DEBUG 2025-05-27 11:44:39,507 views Данные о погоде успешно получены
DEBUG 2025-05-27 11:44:39,507 views Запрос курсов валют
DEBUG 2025-05-27 11:44:41,315 views Данные о курсах валют успешно получены
INFO 2025-05-27 11:44:41,316 views Контекст для главной страницы успешно сформирован
INFO 2025-05-27 11:44:41,326 basehttp "GET / HTTP/1.1" 200 14233
DEBUG 2025-05-27 11:44:45,910 views Получение последних новостей для главной страницы
INFO 2025-05-27 11:44:45,911 views Начало формирования контекста для главной страницы
DEBUG 2025-05-27 11:44:45,911 views Запрос данных о погоде
DEBUG 2025-05-27 11:44:45,912 views Данные о погоде успешно получены
DEBUG 2025-05-27 11:44:45,912 views Запрос курсов валют
DEBUG 2025-05-27 11:44:46,368 views Данные о курсах валют успешно получены
INFO 2025-05-27 11:44:46,369 views Контекст для главной страницы успешно сформирован
INFO 2025-05-27 11:44:46,377 basehttp "GET / HTTP/1.1" 200 14233
INFO 2025-05-27 11:44:47,183 basehttp "GET /doctors/ HTTP/1.1" 200 11447
INFO 2025-05-27 11:44:47,202 basehttp "GET /media/doctors/2d394f680c1bf633d300eee67dd58b90.jpg HTTP/1.1" 200 24328
INFO 2025-05-27 11:44:47,205 basehttp "GET /media/doctors/360_F_118225354_9E9LrO7Y8YHqpoV7jCiSnygQAD4LyJAx.jpg HTTP/1.1" 200 25942
INFO 2025-05-27 11:44:47,214 basehttp "GET /media/doctors/Screenshot_2025-05-26_at_23.50.23.png HTTP/1.1" 200 342535
INFO 2025-05-27 11:44:47,216 basehttp "GET /media/doctors/Screenshot_2025-05-26_at_23.51.08.png HTTP/1.1" 200 289583
INFO 2025-05-27 11:44:47,221 basehttp "GET /media/doctors/Screenshot_2025-05-26_at_23.50.42.png HTTP/1.1" 200 663399
INFO 2025-05-27 11:44:47,224 basehttp "GET /media/doctors/Screenshot_2025-05-26_at_23.51.39.png HTTP/1.1" 200 945687
INFO 2025-05-27 11:44:47,226 basehttp "GET /media/employees/Screenshot_2025-05-27_at_00.07.15.png HTTP/1.1" 200 989257
INFO 2025-05-27 11:44:48,063 basehttp "GET /privacy/ HTTP/1.1" 200 4441
INFO 2025-05-27 11:44:48,709 basehttp "GET /promocodes/ HTTP/1.1" 200 3621
INFO 2025-05-27 11:44:49,932 basehttp "GET /vacancies/ HTTP/1.1" 200 2633
INFO 2025-05-27 11:44:50,853 basehttp "GET /statistics/ HTTP/1.1" 200 6309
DEBUG 2025-05-27 11:44:57,110 views Получение последних новостей для главной страницы
INFO 2025-05-27 11:44:57,111 views Начало формирования контекста для главной страницы
DEBUG 2025-05-27 11:44:57,111 views Запрос данных о погоде
DEBUG 2025-05-27 11:44:57,111 views Данные о погоде успешно получены
DEBUG 2025-05-27 11:44:57,111 views Запрос курсов валют
DEBUG 2025-05-27 11:44:57,507 views Данные о курсах валют успешно получены
INFO 2025-05-27 11:44:57,508 views Контекст для главной страницы успешно сформирован
INFO 2025-05-27 11:44:57,514 basehttp "GET / HTTP/1.1" 200 14233
DEBUG 2025-05-27 11:46:21,954 views Получение последних новостей для главной страницы
INFO 2025-05-27 11:46:21,957 views Начало формирования контекста для главной страницы
DEBUG 2025-05-27 11:46:21,958 views Запрос данных о погоде
DEBUG 2025-05-27 11:46:21,959 views Данные о погоде успешно получены
DEBUG 2025-05-27 11:46:21,959 views Запрос курсов валют
DEBUG 2025-05-27 11:46:25,669 views Данные о курсах валют успешно получены
INFO 2025-05-27 11:46:25,670 views Контекст для главной страницы успешно сформирован
INFO 2025-05-27 11:46:25,689 basehttp "GET / HTTP/1.1" 200 14233
INFO 2025-05-27 11:47:14,281 basehttp "GET /services/ HTTP/1.1" 200 13583
INFO 2025-05-27 11:47:59,099 basehttp "GET /services/ HTTP/1.1" 200 13583
INFO 2025-05-27 11:48:09,615 autoreload Watching for file changes with StatReloader
INFO 2025-05-27 11:48:12,201 basehttp "GET /services/ HTTP/1.1" 200 13583
INFO 2025-05-27 11:48:17,196 basehttp "GET /services/?search=&order_by=price HTTP/1.1" 200 13628
DEBUG 2025-05-27 11:48:20,152 views Получение последних новостей для главной страницы
INFO 2025-05-27 11:48:20,152 views Начало формирования контекста для главной страницы
DEBUG 2025-05-27 11:48:20,153 views Запрос данных о погоде
DEBUG 2025-05-27 11:48:20,872 views Данные о погоде успешно получены
DEBUG 2025-05-27 11:48:20,873 views Запрос курсов валют
DEBUG 2025-05-27 11:48:21,155 views Данные о курсах валют успешно получены
INFO 2025-05-27 11:48:21,156 views Контекст для главной страницы успешно сформирован
INFO 2025-05-27 11:48:21,169 basehttp "GET / HTTP/1.1" 200 14233
INFO 2025-05-27 11:48:52,507 basehttp "GET /news/7/ HTTP/1.1" 200 6056
INFO 2025-05-27 11:49:05,893 basehttp "GET /news/ HTTP/1.1" 200 6252
INFO 2025-05-27 11:49:07,322 basehttp "GET /news/6/ HTTP/1.1" 200 5081
INFO 2025-05-27 11:49:09,272 basehttp "GET /news/ HTTP/1.1" 200 6252
INFO 2025-05-27 11:49:20,985 basehttp "GET /statistics/ HTTP/1.1" 200 6309
INFO 2025-05-27 11:49:24,079 basehttp "GET /doctors/ HTTP/1.1" 200 11447
INFO 2025-05-27 11:49:31,876 basehttp "GET /doctors/ HTTP/1.1" 200 11447
INFO 2025-05-27 11:49:32,742 basehttp "GET /promocodes/ HTTP/1.1" 200 3621
INFO 2025-05-27 11:49:33,708 basehttp "GET /vacancies/ HTTP/1.1" 200 2633
INFO 2025-05-27 11:49:35,124 basehttp "GET /promocodes/ HTTP/1.1" 200 3621
INFO 2025-05-27 11:49:36,711 basehttp "GET /doctors/ HTTP/1.1" 200 11447
INFO 2025-05-27 11:49:40,607 basehttp "GET /vacancies/ HTTP/1.1" 200 2633
INFO 2025-05-27 11:49:48,012 basehttp "GET /privacy/ HTTP/1.1" 200 4441
INFO 2025-05-27 11:49:49,126 basehttp "GET /doctors/ HTTP/1.1" 200 11447
INFO 2025-05-27 11:50:04,170 basehttp "GET /admin/core/ HTTP/1.1" 302 0
INFO 2025-05-27 11:50:04,188 basehttp "GET /admin/login/?next=/admin/core/ HTTP/1.1" 200 4183
INFO 2025-05-27 11:50:15,295 basehttp "POST /admin/login/?next=/admin/core/ HTTP/1.1" 302 0
INFO 2025-05-27 11:50:15,306 basehttp "GET /admin/core/ HTTP/1.1" 200 13225
INFO 2025-05-27 11:50:19,379 basehttp "GET /admin/core/employee/ HTTP/1.1" 200 15128
INFO 2025-05-27 11:50:19,404 basehttp "GET /admin/jsi18n/ HTTP/1.1" 200 3342
INFO 2025-05-27 11:50:20,291 basehttp "GET /admin/core/employee/add/ HTTP/1.1" 200 17776
INFO 2025-05-27 11:50:20,311 basehttp "GET /admin/jsi18n/ HTTP/1.1" 200 3342
INFO 2025-05-27 11:50:23,151 basehttp "GET /admin/ HTTP/1.1" 200 19514
INFO 2025-05-27 11:50:26,521 basehttp "GET /admin/core/vacancy/ HTTP/1.1" 200 13859
INFO 2025-05-27 11:50:26,540 basehttp "GET /admin/jsi18n/ HTTP/1.1" 200 3342
INFO 2025-05-27 11:50:28,334 basehttp "GET /admin/core/vacancy/add/ HTTP/1.1" 200 15305
INFO 2025-05-27 11:50:28,352 basehttp "GET /admin/jsi18n/ HTTP/1.1" 200 3342
INFO 2025-05-27 11:50:45,548 basehttp "POST /admin/core/vacancy/add/ HTTP/1.1" 302 0
INFO 2025-05-27 11:50:45,562 basehttp "GET /admin/core/vacancy/ HTTP/1.1" 200 15405
INFO 2025-05-27 11:50:45,578 basehttp "GET /admin/jsi18n/ HTTP/1.1" 200 3342
INFO 2025-05-27 11:50:47,702 basehttp "GET /admin/core/vacancy/add/ HTTP/1.1" 200 15305
INFO 2025-05-27 11:50:47,720 basehttp "GET /admin/jsi18n/ HTTP/1.1" 200 3342
INFO 2025-05-27 11:50:50,541 basehttp "POST /admin/core/vacancy/add/ HTTP/1.1" 200 15682
INFO 2025-05-27 11:50:50,558 basehttp "GET /admin/jsi18n/ HTTP/1.1" 200 3342
INFO 2025-05-27 11:51:06,913 basehttp "POST /admin/core/vacancy/add/ HTTP/1.1" 302 0
INFO 2025-05-27 11:51:06,927 basehttp "GET /admin/core/vacancy/ HTTP/1.1" 200 15758
INFO 2025-05-27 11:51:06,944 basehttp "GET /admin/jsi18n/ HTTP/1.1" 200 3342
INFO 2025-05-27 11:51:09,851 basehttp "GET /admin/core/vacancy/add/ HTTP/1.1" 200 15305
INFO 2025-05-27 11:51:09,869 basehttp "GET /admin/jsi18n/ HTTP/1.1" 200 3342
INFO 2025-05-27 11:51:34,767 basehttp "POST /admin/core/vacancy/add/ HTTP/1.1" 302 0
INFO 2025-05-27 11:51:34,781 basehttp "GET /admin/core/vacancy/ HTTP/1.1" 200 16078
INFO 2025-05-27 11:51:34,797 basehttp "GET /admin/jsi18n/ HTTP/1.1" 200 3342
INFO 2025-05-27 11:51:38,085 basehttp "GET /doctors/ HTTP/1.1" 200 12423
INFO 2025-05-27 11:51:39,383 basehttp "GET /vacancies/ HTTP/1.1" 200 5211
INFO 2025-05-27 11:51:51,588 basehttp "GET /admin/core/vacancy/add/ HTTP/1.1" 200 15305
INFO 2025-05-27 11:51:51,606 basehttp "GET /admin/jsi18n/ HTTP/1.1" 200 3342
INFO 2025-05-27 11:52:06,919 basehttp "POST /logout/ HTTP/1.1" 302 0
DEBUG 2025-05-27 11:52:06,922 views Получение последних новостей для главной страницы
INFO 2025-05-27 11:52:06,922 views Начало формирования контекста для главной страницы
DEBUG 2025-05-27 11:52:06,922 views Запрос данных о погоде
DEBUG 2025-05-27 11:52:06,923 views Данные о погоде успешно получены
DEBUG 2025-05-27 11:52:06,923 views Запрос курсов валют
DEBUG 2025-05-27 11:52:08,741 views Данные о курсах валют успешно получены
INFO 2025-05-27 11:52:08,742 views Контекст для главной страницы успешно сформирован
INFO 2025-05-27 11:52:08,752 basehttp "GET / HTTP/1.1" 200 14233
INFO 2025-05-27 11:52:08,797 basehttp "GET /media/news/1-GettyImages-73096824-67ee7409bb789_NwYwV8X.webp HTTP/1.1" 200 23108
INFO 2025-05-27 11:52:08,799 basehttp "GET /media/news/1483444335_0-0-3840-2160_1920x0_80_0_0_d78397da469ce01dd2656c4ccb408168_dfm7Pro.jpg HTTP/1.1" 200 123825
INFO 2025-05-27 11:52:08,802 basehttp "GET /media/news/Screenshot_2025-05-26_at_16.53.50.png HTTP/1.1" 200 983608
INFO 2025-05-27 11:52:10,848 basehttp "GET /accounts/login/ HTTP/1.1" 200 3149
INFO 2025-05-27 11:52:23,535 basehttp "POST /accounts/login/ HTTP/1.1" 302 0
INFO 2025-05-27 11:52:23,541 basehttp "GET /dashboard/ HTTP/1.1" 302 0
INFO 2025-05-27 11:52:23,549 basehttp "GET /dashboard/client/ HTTP/1.1" 200 13841
INFO 2025-05-27 11:52:29,070 basehttp "GET /services/ HTTP/1.1" 200 14862
INFO 2025-05-27 11:52:36,139 basehttp "GET /services/?search=&order_by=-price HTTP/1.1" 200 14848
INFO 2025-05-27 11:52:37,968 basehttp "GET /service/58/ HTTP/1.1" 200 5927
INFO 2025-05-27 11:52:50,985 basehttp "GET /service/55/ HTTP/1.1" 200 6145
INFO 2025-05-27 11:53:03,677 basehttp "POST /service/55/book/ HTTP/1.1" 302 0
INFO 2025-05-27 11:53:03,691 basehttp "GET /dashboard/client/ HTTP/1.1" 200 15551
INFO 2025-05-27 11:53:21,368 basehttp "POST /logout/ HTTP/1.1" 302 0
DEBUG 2025-05-27 11:53:21,371 views Получение последних новостей для главной страницы
INFO 2025-05-27 11:53:21,372 views Начало формирования контекста для главной страницы
DEBUG 2025-05-27 11:53:21,372 views Запрос данных о погоде
DEBUG 2025-05-27 11:53:21,372 views Данные о погоде успешно получены
DEBUG 2025-05-27 11:53:21,373 views Запрос курсов валют
DEBUG 2025-05-27 11:53:21,811 views Данные о курсах валют успешно получены
INFO 2025-05-27 11:53:21,811 views Контекст для главной страницы успешно сформирован
INFO 2025-05-27 11:53:21,819 basehttp "GET / HTTP/1.1" 200 14233
INFO 2025-05-27 11:53:21,835 basehttp "GET /media/news/1-GettyImages-73096824-67ee7409bb789_NwYwV8X.webp HTTP/1.1" 200 23108
INFO 2025-05-27 11:53:21,837 basehttp "GET /media/news/1483444335_0-0-3840-2160_1920x0_80_0_0_d78397da469ce01dd2656c4ccb408168_dfm7Pro.jpg HTTP/1.1" 200 123825
INFO 2025-05-27 11:53:21,840 basehttp "GET /media/news/Screenshot_2025-05-26_at_16.53.50.png HTTP/1.1" 200 983608
INFO 2025-05-27 11:53:24,015 basehttp "GET /accounts/login/ HTTP/1.1" 200 3149
INFO 2025-05-27 11:53:28,763 basehttp "GET /admin/core/ HTTP/1.1" 302 0
INFO 2025-05-27 11:53:28,771 basehttp "GET /admin/login/?next=/admin/core/ HTTP/1.1" 200 4183
INFO 2025-05-27 11:53:38,940 basehttp "POST /admin/login/?next=/admin/core/ HTTP/1.1" 302 0
INFO 2025-05-27 11:53:38,945 basehttp "GET /admin/core/ HTTP/1.1" 200 13225
INFO 2025-05-27 11:53:42,863 basehttp "GET /admin/core/doctor/ HTTP/1.1" 200 17844
INFO 2025-05-27 11:53:42,889 basehttp "GET /admin/jsi18n/ HTTP/1.1" 200 3342
INFO 2025-05-27 11:53:44,697 basehttp "GET /admin/core/doctor/5/change/ HTTP/1.1" 200 28401
INFO 2025-05-27 11:53:44,717 basehttp "GET /admin/jsi18n/ HTTP/1.1" 200 3342
INFO 2025-05-27 11:53:56,041 basehttp "GET /admin/auth/user/31/change/?_to_field=id&_popup=1 HTTP/1.1" 200 21766
INFO 2025-05-27 11:53:56,052 basehttp "GET /admin/jsi18n/ HTTP/1.1" 200 3342
INFO 2025-05-27 11:54:00,720 basehttp "GET /admin/auth/user/31/password/ HTTP/1.1" 200 14519
INFO 2025-05-27 11:54:00,736 basehttp "GET /static/admin/js/unusable_password_field.js HTTP/1.1" 304 0
INFO 2025-05-27 11:54:00,736 basehttp "GET /static/admin/css/unusable_password_field.css HTTP/1.1" 304 0
INFO 2025-05-27 11:54:14,544 basehttp "POST /admin/auth/user/31/password/ HTTP/1.1" 200 14736
INFO 2025-05-27 11:54:27,208 basehttp "GET /admin/auth/user/31/password/ HTTP/1.1" 200 14519
INFO 2025-05-27 11:54:27,963 basehttp "GET /admin/auth/user/31/change/?_to_field=id&_popup=1 HTTP/1.1" 200 21766
INFO 2025-05-27 11:54:35,731 basehttp "GET /admin/ HTTP/1.1" 200 19321
INFO 2025-05-27 11:54:39,688 basehttp "GET /admin/core/doctor/add/ HTTP/1.1" 200 27711
INFO 2025-05-27 11:54:39,705 basehttp "GET /admin/jsi18n/ HTTP/1.1" 200 3342
INFO 2025-05-27 11:54:46,523 basehttp "GET /admin/auth/user/31/change/?_to_field=id&_popup=1 HTTP/1.1" 200 21766
INFO 2025-05-27 11:54:46,540 basehttp "GET /admin/jsi18n/ HTTP/1.1" 200 3342
INFO 2025-05-27 11:55:13,911 basehttp "GET /admin/auth/user/31/password/ HTTP/1.1" 200 14519
INFO 2025-05-27 11:55:40,122 basehttp "POST /admin/auth/user/31/password/ HTTP/1.1" 302 0
INFO 2025-05-27 11:55:40,138 basehttp "GET /admin/auth/user/31/change/ HTTP/1.1" 200 32586
INFO 2025-05-27 11:55:40,148 basehttp "GET /admin/jsi18n/ HTTP/1.1" 200 3342
INFO 2025-05-27 11:56:06,275 basehttp "POST /admin/auth/user/31/change/ HTTP/1.1" 200 32744
INFO 2025-05-27 11:56:06,290 basehttp "GET /admin/jsi18n/ HTTP/1.1" 200 3342
INFO 2025-05-27 11:56:17,491 basehttp "GET /admin/auth/ HTTP/1.1" 200 6117
INFO 2025-05-27 11:56:18,798 basehttp "GET /admin/ HTTP/1.1" 200 19203
INFO 2025-05-27 11:56:20,481 basehttp "GET /admin/core/doctor/ HTTP/1.1" 200 17844
INFO 2025-05-27 11:56:20,499 basehttp "GET /admin/jsi18n/ HTTP/1.1" 200 3342
INFO 2025-05-27 11:56:22,031 basehttp "GET /admin/core/doctor/5/change/ HTTP/1.1" 200 28401
INFO 2025-05-27 11:56:22,043 basehttp "GET /admin/jsi18n/ HTTP/1.1" 200 3342
INFO 2025-05-27 11:56:24,797 basehttp "GET /admin/auth/user/31/change/?_to_field=id&_popup=1 HTTP/1.1" 200 22003
INFO 2025-05-27 11:56:24,816 basehttp "GET /admin/jsi18n/ HTTP/1.1" 200 3342
INFO 2025-05-27 11:56:27,200 basehttp "GET /admin/auth/user/31/password/ HTTP/1.1" 200 15303
INFO 2025-05-27 11:56:44,949 basehttp "POST /admin/auth/user/31/password/ HTTP/1.1" 302 0
INFO 2025-05-27 11:56:44,969 basehttp "GET /admin/auth/user/31/change/ HTTP/1.1" 200 32586
INFO 2025-05-27 11:56:44,980 basehttp "GET /admin/jsi18n/ HTTP/1.1" 200 3342
INFO 2025-05-27 11:56:50,802 basehttp "POST /admin/auth/user/31/change/ HTTP/1.1" 302 0
INFO 2025-05-27 11:56:50,827 basehttp "GET /admin/auth/user/ HTTP/1.1" 200 22208
INFO 2025-05-27 11:56:50,843 basehttp "GET /admin/jsi18n/ HTTP/1.1" 200 3342
WARNING 2025-05-27 11:57:10,856 log Forbidden (CSRF token from POST incorrect.): /accounts/login/
WARNING 2025-05-27 11:57:10,856 basehttp "POST /accounts/login/ HTTP/1.1" 403 2503
INFO 2025-05-27 11:57:44,290 basehttp "GET /admin/auth/user/ HTTP/1.1" 200 22014
INFO 2025-05-27 11:57:44,308 basehttp "GET /admin/jsi18n/ HTTP/1.1" 200 3342
INFO 2025-05-27 11:57:46,887 basehttp "GET /admin/ HTTP/1.1" 200 18959
WARNING 2025-05-27 11:58:23,785 log Forbidden (CSRF token from POST incorrect.): /accounts/login/
WARNING 2025-05-27 11:58:23,786 basehttp "POST /accounts/login/ HTTP/1.1" 403 2503
INFO 2025-05-27 11:58:26,058 basehttp "GET /accounts/login/ HTTP/1.1" 302 0
INFO 2025-05-27 11:58:26,068 basehttp "GET /dashboard/ HTTP/1.1" 302 0
DEBUG 2025-05-27 11:58:26,073 views Получение последних новостей для главной страницы
INFO 2025-05-27 11:58:26,073 views Начало формирования контекста для главной страницы
DEBUG 2025-05-27 11:58:26,073 views Запрос данных о погоде
DEBUG 2025-05-27 11:58:26,074 views Данные о погоде успешно получены
DEBUG 2025-05-27 11:58:26,074 views Запрос курсов валют
DEBUG 2025-05-27 11:58:26,637 views Данные о курсах валют успешно получены
INFO 2025-05-27 11:58:26,638 views Контекст для главной страницы успешно сформирован
INFO 2025-05-27 11:58:26,651 basehttp "GET / HTTP/1.1" 200 15313
INFO 2025-05-27 11:58:31,089 basehttp "GET /accounts/login/ HTTP/1.1" 302 0
INFO 2025-05-27 11:58:31,096 basehttp "GET /dashboard/ HTTP/1.1" 302 0
DEBUG 2025-05-27 11:58:31,101 views Получение последних новостей для главной страницы
INFO 2025-05-27 11:58:31,101 views Начало формирования контекста для главной страницы
DEBUG 2025-05-27 11:58:31,101 views Запрос данных о погоде
DEBUG 2025-05-27 11:58:31,101 views Данные о погоде успешно получены
DEBUG 2025-05-27 11:58:31,101 views Запрос курсов валют
DEBUG 2025-05-27 11:58:31,675 views Данные о курсах валют успешно получены
INFO 2025-05-27 11:58:31,676 views Контекст для главной страницы успешно сформирован
INFO 2025-05-27 11:58:31,687 basehttp "GET / HTTP/1.1" 200 15313
INFO 2025-05-27 11:58:35,015 basehttp "POST /logout/ HTTP/1.1" 302 0
DEBUG 2025-05-27 11:58:35,017 views Получение последних новостей для главной страницы
INFO 2025-05-27 11:58:35,017 views Начало формирования контекста для главной страницы
DEBUG 2025-05-27 11:58:35,018 views Запрос данных о погоде
DEBUG 2025-05-27 11:58:35,018 views Данные о погоде успешно получены
DEBUG 2025-05-27 11:58:35,018 views Запрос курсов валют
DEBUG 2025-05-27 11:58:35,514 views Данные о курсах валют успешно получены
INFO 2025-05-27 11:58:35,515 views Контекст для главной страницы успешно сформирован
INFO 2025-05-27 11:58:35,525 basehttp "GET / HTTP/1.1" 200 14233
INFO 2025-05-27 11:58:36,674 basehttp "GET /accounts/login/ HTTP/1.1" 200 3149
INFO 2025-05-27 11:58:53,093 basehttp "POST /accounts/login/ HTTP/1.1" 302 0
INFO 2025-05-27 11:58:53,098 basehttp "GET /dashboard/ HTTP/1.1" 302 0
INFO 2025-05-27 11:58:53,106 basehttp "GET /dashboard/doctor/ HTTP/1.1" 200 9232
INFO 2025-05-27 11:59:04,868 basehttp "GET /dashboard/doctor/ HTTP/1.1" 200 9232
INFO 2025-05-27 11:59:09,280 basehttp "GET /vacancies/ HTTP/1.1" 200 5496
INFO 2025-05-27 11:59:09,932 basehttp "GET /statistics/ HTTP/1.1" 200 7570
INFO 2025-05-27 11:59:11,149 basehttp "GET /vacancies/ HTTP/1.1" 200 5496
INFO 2025-05-27 11:59:11,824 basehttp "GET /promocodes/ HTTP/1.1" 200 4882
INFO 2025-05-27 11:59:12,486 basehttp "GET /privacy/ HTTP/1.1" 200 5702
INFO 2025-05-27 11:59:13,216 basehttp "GET /doctors/ HTTP/1.1" 200 12708
INFO 2025-05-27 11:59:13,248 basehttp "GET /media/doctors/2d394f680c1bf633d300eee67dd58b90.jpg HTTP/1.1" 200 24328
INFO 2025-05-27 11:59:13,251 basehttp "GET /media/doctors/360_F_118225354_9E9LrO7Y8YHqpoV7jCiSnygQAD4LyJAx.jpg HTTP/1.1" 200 25942
INFO 2025-05-27 11:59:13,259 basehttp "GET /media/doctors/Screenshot_2025-05-26_at_23.51.08.png HTTP/1.1" 200 289583
INFO 2025-05-27 11:59:13,262 basehttp "GET /media/doctors/Screenshot_2025-05-26_at_23.50.23.png HTTP/1.1" 200 342535
INFO 2025-05-27 11:59:13,272 basehttp "GET /media/doctors/Screenshot_2025-05-26_at_23.50.42.png HTTP/1.1" 200 663399
INFO 2025-05-27 11:59:13,274 basehttp "GET /media/doctors/Screenshot_2025-05-26_at_23.51.39.png HTTP/1.1" 200 945687
INFO 2025-05-27 11:59:13,275 basehttp "GET /media/employees/Screenshot_2025-05-27_at_00.07.15.png HTTP/1.1" 200 989257
INFO 2025-05-27 11:59:14,130 basehttp "GET /services/ HTTP/1.1" 200 14844
INFO 2025-05-27 11:59:14,772 basehttp "GET /about/ HTTP/1.1" 200 5887
INFO 2025-05-27 11:59:29,576 basehttp "GET /dashboard/doctor/ HTTP/1.1" 200 9232
INFO 2025-05-27 11:59:56,883 basehttp "GET /complete-appointment/48/ HTTP/1.1" 200 5330
INFO 2025-05-27 12:00:02,537 basehttp "POST /complete-appointment/48/ HTTP/1.1" 302 0
INFO 2025-05-27 12:00:02,549 basehttp "GET /dashboard/doctor/ HTTP/1.1" 200 9399
INFO 2025-05-27 12:00:09,800 basehttp "GET /statistics/ HTTP/1.1" 200 43708
INFO 2025-05-27 12:02:51,421 autoreload Watching for file changes with StatReloader
INFO 2025-05-27 12:03:06,505 basehttp "GET /dashboard/doctor/ HTTP/1.1" 200 9399
INFO 2025-05-27 12:04:32,247 basehttp "GET /statistics/ HTTP/1.1" 200 43708
INFO 2025-05-27 12:04:39,891 basehttp "GET /privacy/ HTTP/1.1" 200 5702
INFO 2025-05-27 12:04:42,242 basehttp "GET /promocodes/ HTTP/1.1" 200 4882
INFO 2025-05-27 12:04:43,709 basehttp "GET /vacancies/ HTTP/1.1" 200 5496
INFO 2025-05-27 12:04:46,842 basehttp "GET /set-timezone/ HTTP/1.1" 200 39422
INFO 2025-05-27 12:05:01,163 basehttp "POST /set-timezone/ HTTP/1.1" 302 0
DEBUG 2025-05-27 12:05:01,169 views Получение последних новостей для главной страницы
INFO 2025-05-27 12:05:01,169 views Начало формирования контекста для главной страницы
DEBUG 2025-05-27 12:05:01,169 views Запрос данных о погоде
DEBUG 2025-05-27 12:05:03,395 views Данные о погоде успешно получены
DEBUG 2025-05-27 12:05:03,395 views Запрос курсов валют
DEBUG 2025-05-27 12:05:03,848 views Данные о курсах валют успешно получены
INFO 2025-05-27 12:05:03,849 views Контекст для главной страницы успешно сформирован
INFO 2025-05-27 12:05:03,862 basehttp "GET / HTTP/1.1" 200 15981
INFO 2025-05-27 12:05:03,905 basehttp "GET /media/news/1-GettyImages-73096824-67ee7409bb789_NwYwV8X.webp HTTP/1.1" 200 23108
INFO 2025-05-27 12:05:03,909 basehttp "GET /media/news/1483444335_0-0-3840-2160_1920x0_80_0_0_d78397da469ce01dd2656c4ccb408168_dfm7Pro.jpg HTTP/1.1" 200 123825
INFO 2025-05-27 12:05:03,913 basehttp "GET /media/news/Screenshot_2025-05-26_at_16.53.50.png HTTP/1.1" 200 983608
INFO 2025-05-27 12:05:07,257 basehttp "GET /about/ HTTP/1.1" 200 5887
INFO 2025-05-27 12:05:08,264 basehttp "GET /doctors/ HTTP/1.1" 200 12708
INFO 2025-05-27 12:05:09,228 basehttp "GET /services/ HTTP/1.1" 200 14844
INFO 2025-05-27 12:05:10,608 basehttp "GET /privacy/ HTTP/1.1" 200 5702
INFO 2025-05-27 12:05:11,473 basehttp "GET /promocodes/ HTTP/1.1" 200 4882
INFO 2025-05-27 12:05:12,222 basehttp "GET /vacancies/ HTTP/1.1" 200 5496
INFO 2025-05-27 12:05:13,137 basehttp "GET /statistics/ HTTP/1.1" 200 43708
INFO 2025-05-27 12:05:22,692 basehttp "GET /set-timezone/ HTTP/1.1" 200 39422
DEBUG 2025-05-27 12:05:23,497 views Получение последних новостей для главной страницы
INFO 2025-05-27 12:05:23,498 views Начало формирования контекста для главной страницы
DEBUG 2025-05-27 12:05:23,498 views Запрос данных о погоде
DEBUG 2025-05-27 12:05:23,498 views Данные о погоде успешно получены
DEBUG 2025-05-27 12:05:23,498 views Запрос курсов валют
DEBUG 2025-05-27 12:05:23,788 views Данные о курсах валют успешно получены
INFO 2025-05-27 12:05:23,789 views Контекст для главной страницы успешно сформирован
INFO 2025-05-27 12:05:23,795 basehttp "GET / HTTP/1.1" 200 15494
INFO 2025-05-27 12:05:42,795 basehttp "POST /logout/ HTTP/1.1" 302 0
DEBUG 2025-05-27 12:05:42,798 views Получение последних новостей для главной страницы
INFO 2025-05-27 12:05:42,799 views Начало формирования контекста для главной страницы
DEBUG 2025-05-27 12:05:42,799 views Запрос данных о погоде
DEBUG 2025-05-27 12:05:42,799 views Данные о погоде успешно получены
DEBUG 2025-05-27 12:05:42,799 views Запрос курсов валют
DEBUG 2025-05-27 12:05:43,278 views Данные о курсах валют успешно получены
INFO 2025-05-27 12:05:43,279 views Контекст для главной страницы успешно сформирован
INFO 2025-05-27 12:05:43,288 basehttp "GET / HTTP/1.1" 200 14233
INFO 2025-05-27 12:05:45,323 basehttp "GET /promocodes/ HTTP/1.1" 200 3621
INFO 2025-05-27 12:05:48,293 basehttp "GET /services/ HTTP/1.1" 200 13583
INFO 2025-05-27 12:05:49,726 basehttp "GET /service/53/ HTTP/1.1" 200 4943
INFO 2025-05-27 12:06:02,672 basehttp "GET /about/ HTTP/1.1" 200 4626
DEBUG 2025-05-27 12:06:03,636 views Получение последних новостей для главной страницы
INFO 2025-05-27 12:06:03,636 views Начало формирования контекста для главной страницы
DEBUG 2025-05-27 12:06:03,637 views Запрос данных о погоде
DEBUG 2025-05-27 12:06:03,637 views Данные о погоде успешно получены
DEBUG 2025-05-27 12:06:03,637 views Запрос курсов валют
DEBUG 2025-05-27 12:06:03,988 views Данные о курсах валют успешно получены
INFO 2025-05-27 12:06:03,989 views Контекст для главной страницы успешно сформирован
INFO 2025-05-27 12:06:03,999 basehttp "GET / HTTP/1.1" 200 14233
INFO 2025-05-27 12:06:05,232 basehttp "GET /accounts/login/ HTTP/1.1" 200 3149
INFO 2025-05-27 12:06:20,643 basehttp "POST /accounts/login/ HTTP/1.1" 302 0
INFO 2025-05-27 12:06:20,650 basehttp "GET /dashboard/ HTTP/1.1" 302 0
INFO 2025-05-27 12:06:20,658 basehttp "GET /dashboard/client/ HTTP/1.1" 200 15533
DEBUG 2025-05-27 12:06:24,326 views Получение последних новостей для главной страницы
INFO 2025-05-27 12:06:24,327 views Начало формирования контекста для главной страницы
DEBUG 2025-05-27 12:06:24,333 views Запрос данных о погоде
DEBUG 2025-05-27 12:06:24,333 views Данные о погоде успешно получены
DEBUG 2025-05-27 12:06:24,333 views Запрос курсов валют
DEBUG 2025-05-27 12:06:25,335 views Данные о курсах валют успешно получены
INFO 2025-05-27 12:06:25,336 views Контекст для главной страницы успешно сформирован
INFO 2025-05-27 12:06:25,347 basehttp "GET / HTTP/1.1" 200 15512
INFO 2025-05-27 12:06:34,778 basehttp "POST / HTTP/1.1" 302 0
DEBUG 2025-05-27 12:06:34,783 views Получение последних новостей для главной страницы
INFO 2025-05-27 12:06:34,784 views Начало формирования контекста для главной страницы
DEBUG 2025-05-27 12:06:34,784 views Запрос данных о погоде
DEBUG 2025-05-27 12:06:34,784 views Данные о погоде успешно получены
DEBUG 2025-05-27 12:06:34,784 views Запрос курсов валют
DEBUG 2025-05-27 12:06:35,099 views Данные о курсах валют успешно получены
INFO 2025-05-27 12:06:35,100 views Контекст для главной страницы успешно сформирован
INFO 2025-05-27 12:06:35,112 basehttp "GET / HTTP/1.1" 200 16853
INFO 2025-05-27 12:06:44,516 basehttp "POST /logout/ HTTP/1.1" 302 0
DEBUG 2025-05-27 12:06:44,518 views Получение последних новостей для главной страницы
INFO 2025-05-27 12:06:44,519 views Начало формирования контекста для главной страницы
DEBUG 2025-05-27 12:06:44,519 views Запрос данных о погоде
DEBUG 2025-05-27 12:06:44,519 views Данные о погоде успешно получены
DEBUG 2025-05-27 12:06:44,519 views Запрос курсов валют
DEBUG 2025-05-27 12:06:44,889 views Данные о курсах валют успешно получены
INFO 2025-05-27 12:06:44,890 views Контекст для главной страницы успешно сформирован
INFO 2025-05-27 12:06:44,899 basehttp "GET / HTTP/1.1" 200 15092
INFO 2025-05-27 12:10:00,469 basehttp "GET /accounts/login/ HTTP/1.1" 200 3149
INFO 2025-05-27 12:10:13,582 basehttp "POST /accounts/login/ HTTP/1.1" 302 0
INFO 2025-05-27 12:10:13,589 basehttp "GET /dashboard/ HTTP/1.1" 302 0
INFO 2025-05-27 12:10:13,599 basehttp "GET /dashboard/client/ HTTP/1.1" 200 15533
INFO 2025-05-27 12:10:14,788 basehttp "GET /set-timezone/ HTTP/1.1" 200 39440
INFO 2025-05-27 12:10:24,374 basehttp "POST /set-timezone/ HTTP/1.1" 302 0
DEBUG 2025-05-27 12:10:24,378 views Получение последних новостей для главной страницы
INFO 2025-05-27 12:10:24,378 views Начало формирования контекста для главной страницы
DEBUG 2025-05-27 12:10:24,379 views Запрос данных о погоде
DEBUG 2025-05-27 12:10:24,379 views Данные о погоде успешно получены
DEBUG 2025-05-27 12:10:24,379 views Запрос курсов валют
DEBUG 2025-05-27 12:10:24,854 views Данные о курсах валют успешно получены
INFO 2025-05-27 12:10:24,854 views Контекст для главной страницы успешно сформирован
INFO 2025-05-27 12:10:24,869 basehttp "GET / HTTP/1.1" 200 16858
INFO 2025-06-02 14:55:32,486 autoreload Watching for file changes with StatReloader
INFO 2025-06-02 14:55:55,897 autoreload Watching for file changes with StatReloader
INFO 2025-06-02 14:57:10,452 autoreload /Users/artem/Desktop/LR5/СosmetologyCenter/core/views.py changed, reloading.
INFO 2025-06-02 14:57:10,809 autoreload Watching for file changes with StatReloader
INFO 2025-06-02 14:57:23,632 autoreload /Users/artem/Desktop/LR5/СosmetologyCenter/core/views.py changed, reloading.
INFO 2025-06-02 14:57:23,984 autoreload Watching for file changes with StatReloader
INFO 2025-06-02 14:57:27,409 autoreload /Users/artem/Desktop/LR5/СosmetologyCenter/core/views.py changed, reloading.
INFO 2025-06-02 14:57:27,742 autoreload Watching for file changes with StatReloader
DEBUG 2025-06-02 14:57:47,700 views Получение последних новостей для главной страницы
INFO 2025-06-02 14:57:47,700 views Начало формирования контекста для главной страницы
DEBUG 2025-06-02 14:57:47,701 views Запрос курсов валют
DEBUG 2025-06-02 14:57:50,949 views Данные о курсах валют успешно получены
ERROR 2025-06-02 14:57:50,950 views Ошибка при обработке внешних API
Traceback (most recent call last):
  File "/Users/artem/Desktop/LR5/СosmetologyCenter/core/views.py", line 68, in get_context_data
    context['weather'] = weather_data if 'error' not in weather_data else None
                                                        ^^^^^^^^^^^^
NameError: name 'weather_data' is not defined
INFO 2025-06-02 14:57:50,953 views Контекст для главной страницы успешно сформирован
INFO 2025-06-02 14:57:50,989 basehttp "GET / HTTP/1.1" 200 16207
INFO 2025-06-02 14:57:51,024 basehttp "GET /static/css/style.css HTTP/1.1" 304 0
INFO 2025-06-02 14:57:51,027 basehttp "GET /static/img/FotoJet%20(65)-1200.jpg.webp HTTP/1.1" 304 0
INFO 2025-06-02 14:57:51,039 basehttp "GET /media/news/1-GettyImages-73096824-67ee7409bb789_NwYwV8X.webp HTTP/1.1" 200 23108
INFO 2025-06-02 14:57:51,040 basehttp "GET /media/news/1483444335_0-0-3840-2160_1920x0_80_0_0_d78397da469ce01dd2656c4ccb408168_dfm7Pro.jpg HTTP/1.1" 200 123825
INFO 2025-06-02 14:57:51,042 basehttp "GET /media/news/Screenshot_2025-05-26_at_16.53.50.png HTTP/1.1" 200 983608
WARNING 2025-06-02 14:57:51,338 log Not Found: /favicon.ico
WARNING 2025-06-02 14:57:51,339 basehttp "GET /favicon.ico HTTP/1.1" 404 10684
INFO 2025-06-02 14:57:54,489 basehttp "POST /logout/ HTTP/1.1" 302 0
DEBUG 2025-06-02 14:57:54,492 views Получение последних новостей для главной страницы
INFO 2025-06-02 14:57:54,492 views Начало формирования контекста для главной страницы
DEBUG 2025-06-02 14:57:54,493 views Запрос курсов валют
INFO 2025-06-02 14:57:57,001 basehttp "POST /logout/ HTTP/1.1" 302 0
DEBUG 2025-06-02 14:57:57,005 views Получение последних новостей для главной страницы
INFO 2025-06-02 14:57:57,005 views Начало формирования контекста для главной страницы
DEBUG 2025-06-02 14:57:57,005 views Запрос курсов валют
DEBUG 2025-06-02 14:57:57,619 views Данные о курсах валют успешно получены
ERROR 2025-06-02 14:57:57,619 views Ошибка при обработке внешних API
Traceback (most recent call last):
  File "/Users/artem/Desktop/LR5/СosmetologyCenter/core/views.py", line 68, in get_context_data
    context['weather'] = weather_data if 'error' not in weather_data else None
                                                        ^^^^^^^^^^^^
NameError: name 'weather_data' is not defined
INFO 2025-06-02 14:57:57,620 views Контекст для главной страницы успешно сформирован
INFO 2025-06-02 14:57:57,628 basehttp "GET / HTTP/1.1" 200 14928
DEBUG 2025-06-02 14:57:57,671 views Данные о курсах валют успешно получены
ERROR 2025-06-02 14:57:57,671 views Ошибка при обработке внешних API
Traceback (most recent call last):
  File "/Users/artem/Desktop/LR5/СosmetologyCenter/core/views.py", line 68, in get_context_data
    context['weather'] = weather_data if 'error' not in weather_data else None
                                                        ^^^^^^^^^^^^
NameError: name 'weather_data' is not defined
INFO 2025-06-02 14:57:57,672 views Контекст для главной страницы успешно сформирован
INFO 2025-06-02 14:57:57,680 basehttp "GET / HTTP/1.1" 200 14928
INFO 2025-06-02 14:57:57,680 basehttp - Broken pipe from ('127.0.0.1', 58285)
DEBUG 2025-06-02 14:58:00,730 views Получение последних новостей для главной страницы
INFO 2025-06-02 14:58:00,730 views Начало формирования контекста для главной страницы
DEBUG 2025-06-02 14:58:00,731 views Запрос курсов валют
DEBUG 2025-06-02 14:58:00,867 views Данные о курсах валют успешно получены
ERROR 2025-06-02 14:58:00,867 views Ошибка при обработке внешних API
Traceback (most recent call last):
  File "/Users/artem/Desktop/LR5/СosmetologyCenter/core/views.py", line 68, in get_context_data
    context['weather'] = weather_data if 'error' not in weather_data else None
                                                        ^^^^^^^^^^^^
NameError: name 'weather_data' is not defined
INFO 2025-06-02 14:58:00,868 views Контекст для главной страницы успешно сформирован
INFO 2025-06-02 14:58:00,879 basehttp "GET / HTTP/1.1" 200 14928
INFO 2025-06-02 14:58:01,660 basehttp "GET /about/ HTTP/1.1" 200 4626
INFO 2025-06-02 14:58:02,548 basehttp "GET /services/ HTTP/1.1" 200 13583
INFO 2025-06-02 14:58:03,201 basehttp "GET /doctors/ HTTP/1.1" 200 11447
INFO 2025-06-02 14:58:03,217 basehttp "GET /media/doctors/2d394f680c1bf633d300eee67dd58b90.jpg HTTP/1.1" 200 24328
INFO 2025-06-02 14:58:03,219 basehttp "GET /media/doctors/360_F_118225354_9E9LrO7Y8YHqpoV7jCiSnygQAD4LyJAx.jpg HTTP/1.1" 200 25942
INFO 2025-06-02 14:58:03,229 basehttp "GET /media/doctors/Screenshot_2025-05-26_at_23.51.08.png HTTP/1.1" 200 289583
INFO 2025-06-02 14:58:03,231 basehttp "GET /media/doctors/Screenshot_2025-05-26_at_23.50.23.png HTTP/1.1" 200 342535
INFO 2025-06-02 14:58:03,237 basehttp "GET /media/doctors/Screenshot_2025-05-26_at_23.50.42.png HTTP/1.1" 200 663399
INFO 2025-06-02 14:58:03,242 basehttp "GET /media/doctors/Screenshot_2025-05-26_at_23.51.39.png HTTP/1.1" 200 945687
INFO 2025-06-02 14:58:03,246 basehttp "GET /media/employees/Screenshot_2025-05-27_at_00.07.15.png HTTP/1.1" 200 989257
INFO 2025-06-02 14:58:03,893 basehttp "GET /privacy/ HTTP/1.1" 200 4441
INFO 2025-06-02 14:58:04,986 basehttp "GET /doctors/ HTTP/1.1" 200 11447
INFO 2025-06-02 14:58:06,217 basehttp "GET /vacancies/ HTTP/1.1" 200 4235
INFO 2025-06-02 14:58:07,142 basehttp "GET /statistics/ HTTP/1.1" 200 42447
INFO 2025-06-02 14:58:22,374 autoreload /Users/artem/Desktop/LR5/СosmetologyCenter/core/views.py changed, reloading.
INFO 2025-06-02 14:58:22,783 autoreload Watching for file changes with StatReloader
INFO 2025-06-02 14:58:29,277 autoreload /Users/artem/Desktop/LR5/СosmetologyCenter/core/views.py changed, reloading.
INFO 2025-06-02 14:58:29,642 autoreload Watching for file changes with StatReloader
INFO 2025-06-02 14:58:39,146 autoreload /Users/artem/Desktop/LR5/СosmetologyCenter/core/views.py changed, reloading.
INFO 2025-06-02 14:58:39,420 autoreload Watching for file changes with StatReloader
INFO 2025-06-02 14:58:53,026 autoreload /Users/artem/Desktop/LR5/СosmetologyCenter/core/views.py changed, reloading.
INFO 2025-06-02 14:58:53,337 autoreload Watching for file changes with StatReloader
INFO 2025-06-02 14:59:08,977 autoreload /Users/artem/Desktop/LR5/СosmetologyCenter/core/views.py changed, reloading.
INFO 2025-06-02 14:59:09,320 autoreload Watching for file changes with StatReloader
INFO 2025-06-02 14:59:14,828 autoreload /Users/artem/Desktop/LR5/СosmetologyCenter/core/views.py changed, reloading.
INFO 2025-06-02 14:59:15,090 autoreload Watching for file changes with StatReloader
INFO 2025-06-02 14:59:18,481 autoreload /Users/artem/Desktop/LR5/СosmetologyCenter/core/views.py changed, reloading.
INFO 2025-06-02 14:59:18,777 autoreload Watching for file changes with StatReloader
INFO 2025-06-02 14:59:23,169 autoreload /Users/artem/Desktop/LR5/СosmetologyCenter/core/views.py changed, reloading.
INFO 2025-06-02 14:59:23,438 autoreload Watching for file changes with StatReloader
INFO 2025-06-02 14:59:24,793 autoreload /Users/artem/Desktop/LR5/СosmetologyCenter/core/views.py changed, reloading.
INFO 2025-06-02 14:59:25,058 autoreload Watching for file changes with StatReloader
INFO 2025-06-02 14:59:27,417 autoreload /Users/artem/Desktop/LR5/СosmetologyCenter/core/views.py changed, reloading.
INFO 2025-06-02 14:59:27,677 autoreload Watching for file changes with StatReloader
INFO 2025-06-02 14:59:35,135 autoreload /Users/artem/Desktop/LR5/СosmetologyCenter/core/views.py changed, reloading.
INFO 2025-06-02 14:59:35,415 autoreload Watching for file changes with StatReloader
INFO 2025-06-02 14:59:37,762 autoreload /Users/artem/Desktop/LR5/СosmetologyCenter/core/views.py changed, reloading.
INFO 2025-06-02 14:59:38,034 autoreload Watching for file changes with StatReloader
INFO 2025-06-02 14:59:41,413 autoreload /Users/artem/Desktop/LR5/СosmetologyCenter/core/views.py changed, reloading.
INFO 2025-06-02 14:59:41,699 autoreload Watching for file changes with StatReloader
INFO 2025-06-02 14:59:45,092 autoreload /Users/artem/Desktop/LR5/СosmetologyCenter/core/views.py changed, reloading.
INFO 2025-06-02 14:59:45,367 autoreload Watching for file changes with StatReloader
INFO 2025-06-02 14:59:47,737 autoreload /Users/artem/Desktop/LR5/СosmetologyCenter/core/views.py changed, reloading.
INFO 2025-06-02 14:59:48,020 autoreload Watching for file changes with StatReloader
INFO 2025-06-02 14:59:52,424 autoreload /Users/artem/Desktop/LR5/СosmetologyCenter/core/views.py changed, reloading.
INFO 2025-06-02 14:59:52,691 autoreload Watching for file changes with StatReloader
INFO 2025-06-02 14:59:55,054 autoreload /Users/artem/Desktop/LR5/СosmetologyCenter/core/views.py changed, reloading.
INFO 2025-06-02 14:59:55,361 autoreload Watching for file changes with StatReloader
INFO 2025-06-02 14:59:56,751 autoreload /Users/artem/Desktop/LR5/СosmetologyCenter/core/views.py changed, reloading.
INFO 2025-06-02 14:59:57,003 autoreload Watching for file changes with StatReloader
INFO 2025-06-02 14:59:58,359 autoreload /Users/artem/Desktop/LR5/СosmetologyCenter/core/views.py changed, reloading.
INFO 2025-06-02 14:59:58,614 autoreload Watching for file changes with StatReloader
INFO 2025-06-02 15:00:00,977 autoreload /Users/artem/Desktop/LR5/СosmetologyCenter/core/views.py changed, reloading.
INFO 2025-06-02 15:00:01,251 autoreload Watching for file changes with StatReloader
INFO 2025-06-02 15:00:06,682 autoreload /Users/artem/Desktop/LR5/СosmetologyCenter/core/views.py changed, reloading.
INFO 2025-06-02 15:00:06,943 autoreload Watching for file changes with StatReloader
INFO 2025-06-02 15:00:15,449 autoreload /Users/artem/Desktop/LR5/СosmetologyCenter/core/views.py changed, reloading.
INFO 2025-06-02 15:00:15,722 autoreload Watching for file changes with StatReloader
INFO 2025-06-02 15:00:18,094 autoreload /Users/artem/Desktop/LR5/СosmetologyCenter/core/views.py changed, reloading.
INFO 2025-06-02 15:00:18,385 autoreload Watching for file changes with StatReloader
INFO 2025-06-02 15:00:21,768 autoreload /Users/artem/Desktop/LR5/СosmetologyCenter/core/views.py changed, reloading.
INFO 2025-06-02 15:00:22,023 autoreload Watching for file changes with StatReloader
INFO 2025-06-02 15:02:17,884 autoreload Watching for file changes with StatReloader
DEBUG 2025-06-02 15:02:26,625 views Получение последних новостей для главной страницы
INFO 2025-06-02 15:02:26,625 views Начало формирования контекста для главной страницы
DEBUG 2025-06-02 15:02:26,626 views Запрос курсов валют
DEBUG 2025-06-02 15:02:29,773 views Данные о курсах валют успешно получены
INFO 2025-06-02 15:02:29,774 views Контекст для главной страницы успешно сформирован
INFO 2025-06-02 15:02:29,803 basehttp "GET / HTTP/1.1" 200 15092
INFO 2025-06-02 15:02:29,828 basehttp "GET /media/news/1-GettyImages-73096824-67ee7409bb789_NwYwV8X.webp HTTP/1.1" 200 23108
INFO 2025-06-02 15:02:29,829 basehttp "GET /media/news/1483444335_0-0-3840-2160_1920x0_80_0_0_d78397da469ce01dd2656c4ccb408168_dfm7Pro.jpg HTTP/1.1" 200 123825
INFO 2025-06-02 15:02:29,833 basehttp "GET /media/news/Screenshot_2025-05-26_at_16.53.50.png HTTP/1.1" 200 983608
DEBUG 2025-06-02 15:02:31,819 views Получение последних новостей для главной страницы
INFO 2025-06-02 15:02:31,820 views Начало формирования контекста для главной страницы
DEBUG 2025-06-02 15:02:31,820 views Запрос курсов валют
DEBUG 2025-06-02 15:02:31,954 views Данные о курсах валют успешно получены
INFO 2025-06-02 15:02:31,955 views Контекст для главной страницы успешно сформирован
INFO 2025-06-02 15:02:31,965 basehttp "GET / HTTP/1.1" 200 15092
INFO 2025-06-02 15:02:32,653 basehttp "GET /about/ HTTP/1.1" 200 4626
INFO 2025-06-02 15:02:33,374 basehttp "GET /services/ HTTP/1.1" 200 13583
INFO 2025-06-02 15:02:34,090 basehttp "GET /doctors/ HTTP/1.1" 200 3234
INFO 2025-06-02 15:02:37,205 basehttp "GET /privacy/ HTTP/1.1" 200 4441
INFO 2025-06-02 15:02:37,958 basehttp "GET /promocodes/ HTTP/1.1" 200 3769
INFO 2025-06-02 15:02:38,771 basehttp "GET /vacancies/ HTTP/1.1" 200 4235
INFO 2025-06-02 15:02:39,847 basehttp "GET /statistics/ HTTP/1.1" 200 42447
INFO 2025-06-02 15:02:41,307 basehttp "GET /doctors/ HTTP/1.1" 200 3234
INFO 2025-06-02 15:02:45,101 basehttp "GET /accounts/login/ HTTP/1.1" 200 3149
INFO 2025-06-02 15:02:47,045 basehttp "GET /services/ HTTP/1.1" 200 13583
INFO 2025-06-02 15:02:47,651 basehttp "GET /doctors/ HTTP/1.1" 200 3234
INFO 2025-06-02 15:04:48,585 autoreload Watching for file changes with StatReloader
DEBUG 2025-06-02 15:04:57,918 views Получение последних новостей для главной страницы
INFO 2025-06-02 15:04:57,919 views Начало формирования контекста для главной страницы
DEBUG 2025-06-02 15:04:57,919 views Запрос курсов валют
DEBUG 2025-06-02 15:05:01,082 views Данные о курсах валют успешно получены
INFO 2025-06-02 15:05:01,082 views Контекст для главной страницы успешно сформирован
INFO 2025-06-02 15:05:01,118 basehttp "GET / HTTP/1.1" 200 15092
INFO 2025-06-02 15:05:03,613 basehttp "GET /doctors/ HTTP/1.1" 200 3234
INFO 2025-06-02 15:05:06,478 basehttp "GET /privacy/ HTTP/1.1" 200 4441
INFO 2025-06-02 15:05:07,209 basehttp "GET /promocodes/ HTTP/1.1" 200 3769
INFO 2025-06-02 15:05:08,099 basehttp "GET /vacancies/ HTTP/1.1" 200 4235
INFO 2025-06-02 15:05:09,175 basehttp "GET /statistics/ HTTP/1.1" 200 42447
INFO 2025-06-02 15:05:09,961 basehttp "GET /doctors/ HTTP/1.1" 200 3234
INFO 2025-06-02 15:05:10,613 basehttp "GET /services/ HTTP/1.1" 200 13583
INFO 2025-06-02 15:05:11,646 basehttp "GET /doctors/ HTTP/1.1" 200 3234
INFO 2025-06-02 15:05:13,415 basehttp "GET /doctors/ HTTP/1.1" 200 3234
INFO 2025-06-02 15:05:14,628 basehttp "GET /doctors/ HTTP/1.1" 200 3234
INFO 2025-06-02 15:05:14,891 basehttp "GET /doctors/ HTTP/1.1" 200 3234
INFO 2025-06-02 15:05:15,103 basehttp "GET /doctors/ HTTP/1.1" 200 3234
INFO 2025-06-02 15:05:15,321 basehttp "GET /doctors/ HTTP/1.1" 200 3234
INFO 2025-06-02 15:05:15,537 basehttp "GET /doctors/ HTTP/1.1" 200 3234
INFO 2025-06-02 15:05:15,787 basehttp "GET /doctors/ HTTP/1.1" 200 3234
INFO 2025-06-02 15:05:16,060 basehttp "GET /doctors/ HTTP/1.1" 200 3234
INFO 2025-06-02 15:05:16,253 basehttp "GET /doctors/ HTTP/1.1" 200 3234
INFO 2025-06-02 15:05:16,526 basehttp "GET /doctors/ HTTP/1.1" 200 3234
INFO 2025-06-02 15:05:16,737 basehttp "GET /doctors/ HTTP/1.1" 200 3234
INFO 2025-06-02 15:05:16,954 basehttp "GET /doctors/ HTTP/1.1" 200 3234
